match_id,match_date,team1,team2,venue,venue_avg_first_innings,venue_recent_avg,t1_high_score_rate,t2_high_score_rate,is_home_team1,toss_winner_is_team1,toss_decision_bat,h2h_team1_wins,h2h_team2_wins,chase_win_pct_team1,chase_win_pct_team2,high_score_chase_t1,high_score_chase_t2,winrate_team1,winrate_team2,last5_win_team1,last5_win_team2,t1_recent_avg_score,t2_recent_avg_score,t1_pp_bowling_economy,t2_pp_bowling_economy,season_avg_score,t1_rolling_season_avg,t2_rolling_season_avg,t1_bat_vs_bowl,t2_bat_vs_bowl,season_year,t1_avg_batting_avg,t1_avg_strike_rate,t1_top3_batting_avg,t1_avg_economy,t1_avg_bowling_avg,t1_recent_strike_rate,t1_recent_economy,t2_avg_batting_avg,t2_avg_strike_rate,t2_top3_batting_avg,t2_avg_economy,t2_avg_bowling_avg,t2_recent_strike_rate,t2_recent_economy,t1_opener_batting_avg,t1_opener_strike_rate,t2_opener_batting_avg,t2_opener_strike_rate,team1_pp_runs,team1_pp_strike_rate,team1_pp_wickets,team1_pp_run_rate,team2_pp_runs,team2_pp_strike_rate,team2_pp_wickets,team2_pp_run_rate,pp_strength_diff,pp_run_rate_diff,winner
335982,2008-04-18,5,12,23,167.0,167.0,0.3,0.3,0,0,0,0,0,0.5,0.5,0.4,0.4,0.5,0.5,0,0,167.0,167.0,7.473946953725018,7.343088063238921,160.9655172413793,167.0,167.0,11.845127940825465,14.445817430291491,2008,19.70495051269984,101.9172571836723,26.38325085449973,8.151774338033807,39.18345153664303,77.92973744614494,1.4522222222222223,21.248442398595618,117.75904382017166,31.171139971139976,8.604149967211741,48.930364769773405,93.41366403665869,1.5182178932178934,25.720852795861074,140.66419916948178,37.310471530784035,139.3538685980196,26,68.42105263157895,4,4.105263157894737,61,160.5263157894737,1,9.631578947368421,92.10526315789475,5.526315789473684,1
335984,2008-04-19,1,10,16,167.0,167.0,0.3,0.3,1,0,1,0,0,0.5,0.5,0.4,0.4,0.5,0.5,0,0,167.0,167.0,7.541540454940284,7.369295210659598,222.0,167.0,167.0,16.992095056269015,11.974380047067259,2008,31.44299335474931,135.47292176132376,31.44299335474931,9.202249960942586,29.576487391646964,77.60213032581453,1.5756038647342994,18.673962089852672,110.19123832043637,28.935290453323244,7.972702678081051,36.674811147218655,90.25050077846132,1.3993055555555554,30.8169487307118,147.52414757733249,34.64819296282663,142.39612625551993,55,144.73684210526315,1,8.68421052631579,40,108.10810810810811,2,6.486486486486487,36.62873399715504,2.1977240398293025,1
335983,2008-04-19,9,0,41,167.0,167.0,0.3,0.3,1,0,1,0,0,0.5,0.5,0.4,0.4,0.5,0.5,0,0,167.0,167.0,7.471884685926699,7.4133771625965945,222.0,167.0,167.0,14.504548457323414,15.029747111844308,2008,22.602380658645334,122.04084672301485,24.748247390965428,8.289176290368475,33.08738320387257,87.91971827455698,1.4568181818181818,30.120952613280547,124.58422340973391,37.39941905228529,8.413970768003871,34.68040949003715,85.65660787149942,1.4904761904761905,30.55000655780707,137.23916029095065,34.45731633272617,131.71087955418488,63,165.78947368421052,1,9.947368421052632,53,139.4736842105263,1,8.368421052631579,26.31578947368422,1.578947368421053,0
335985,2008-04-20,7,12,56,167.0,167.0,0.3,1.0,1,1,1,0,0,0.5,0.5,0.4,0.4,0.5,0.0,0,0,167.0,222.0,7.176359235003536,7.473946953725018,197.0,167.0,222.0,14.580945531562142,16.71871838931768,2008,19.380805649733684,126.48128067387799,24.37798146381355,7.447575470726256,28.246444182295246,75.0399821880073,1.2765306122448978,25.828152210750186,124.51391697826232,31.013408563970362,8.674422409719222,44.010243907983266,102.46583202465557,1.5583333333333333,31.04772004241782,128.61832896325035,37.310471530784035,139.3538685980196,47,123.6842105263158,3,7.421052631578948,40,108.10810810810811,1,6.486486486486487,15.576102418207682,0.9345661450924609,0
335986,2008-04-20,13,5,14,167.0,167.0,1.0,0.3,0,1,1,0,0,0.5,1.0,0.4,1.0,0.5,1.0,0,1,167.0,222.0,7.343088063238921,7.228981446498258,197.0,167.0,222.0,13.483397263305342,13.196579951311621,2008,18.450705774755843,111.17614504293627,31.11187639204327,8.150009773112503,35.744818754925134,102.56761808362691,1.439012345679012,19.53402909845372,107.55225557485024,26.38325085449973,8.245410475703983,36.835245694022284,73.9586766132534,1.4523809523809526,34.13412295736763,143.25787811139153,25.720852795861074,140.66419916948178,26,72.22222222222221,3,4.333333333333333,39,100.0,2,6.0,27.777777777777786,1.666666666666667,0
335987,2008-04-21,9,10,47,167.0,167.0,0.0,1.0,0,1,1,0,0,0.5,0.0,0.4,0.4,0.0,0.0,0,0,240.0,129.0,7.369295210659598,7.471884685926699,173.2,240.0,129.0,14.682523511485945,16.68215875830608,2008,19.475609681736906,116.5536384596978,26.015155603525812,8.14580777915204,32.64343863981763,99.04257793706012,1.4485353535353536,26.998674271993945,135.889658586459,30.6948532948533,7.938256551642462,31.557808496818403,119.83896863370549,1.4499999999999997,30.55000655780707,137.23916029095065,34.64819296282663,142.39612625551993,53,126.19047619047619,3,7.571428571428571,54,150.0,1,9.0,23.80952380952381,1.4285714285714288,0
335988,2008-04-22,1,13,43,167.0,167.0,0.0,0.0,0,0,1,0,0,0.5,0.0,0.4,0.4,1.0,0.0,1,0,129.0,110.0,7.228981446498258,7.541540454940284,172.0,129.0,110.0,16.58331794695549,12.924580090712649,2008,31.44299335474931,135.47292176132376,31.44299335474931,9.202249960942586,29.576487391646964,77.60213032581453,1.5756038647342994,17.591777203327272,118.9352166349598,31.11187639204327,8.169228992331723,34.80963356973995,97.11523713124596,1.432222222222222,30.8169487307118,147.52414757733249,34.13412295736763,143.25787811139153,25,69.44444444444444,2,4.166666666666666,48,129.72972972972974,1,7.783783783783784,60.2852852852853,3.617117117117118,1
335989,2008-04-23,0,7,27,167.0,167.0,1.0,0.0,0,0,0,0,0,1.0,0.5,1.0,0.4,1.0,0.0,1,0,240.0,165.0,7.4133771625965945,7.176359235003536,167.71428571428572,240.0,165.0,15.491836669226732,14.558631548780163,2008,30.120952613280547,124.58422340973391,37.39941905228529,8.413970768003871,34.68040949003715,85.65660787149942,1.4904761904761905,18.987416900038713,122.49590027357522,25.338455772113946,8.041927246574339,28.39625581546834,66.25460337296974,1.4069444444444446,34.45731633272617,131.71087955418488,31.04772004241782,128.61832896325035,53,135.8974358974359,2,8.153846153846153,52,136.8421052631579,2,8.210526315789474,-0.9446693657219782,-0.05668016194332104,1
335990,2008-04-24,13,10,43,142.0,142.0,0.0,0.0,1,0,0,0,0,0.0,0.0,0.4,0.4,0.0,0.5,0,1,126.0,147.5,7.228981446498258,7.369295210659598,172.75,126.0,147.5,16.38801589770039,15.513554035636632,2008,21.54343819602164,134.61108074676056,31.11187639204327,8.079879716267191,30.925118203309694,94.91128247963053,1.421111111111111,23.278033642158604,125.34765057975545,30.6948532948533,8.213995006292954,37.532890735639484,101.28179033442193,1.4537037037037035,34.13412295736763,143.25787811139153,34.64819296282663,142.39612625551993,58,156.75675675675674,2,9.405405405405405,73,197.2972972972973,1,11.837837837837839,-40.54054054054055,-2.4324324324324333,0
335991,2008-04-25,9,7,41,240.0,240.0,0.5,0.5,1,0,0,0,0,0.0,0.0,0.4,0.0,0.0,0.0,0,0,203.0,186.5,7.471884685926699,7.176359235003536,177.33333333333334,203.0,186.5,14.080907787428721,14.752649880174454,2008,19.008729111326925,113.91776175868479,25.9884434693968,8.10945810565972,33.80665292553191,91.06135808635808,1.4624242424242424,19.333489075586527,119.63599615074061,27.76222388805597,8.090228519242865,28.77871055979124,78.00742022280652,1.4394444444444443,30.55000655780707,137.23916029095065,31.04772004241782,128.61832896325035,60,157.89473684210526,1,9.473684210526315,39,102.63157894736842,2,6.157894736842106,55.263157894736835,3.315789473684209,1
335993,2008-04-26,5,0,27,208.0,208.0,1.0,0.5,1,1,1,0,0,1.0,1.0,1.0,1.0,1.0,1.0,2,2,166.0,224.0,7.4133771625965945,7.343088063238921,177.8,166.0,224.0,12.384444801200875,16.14501259932056,2008,18.339891797489027,105.63378805395212,26.38325085449973,8.167183697190062,38.01651639627167,81.23139108959484,1.4844444444444442,32.201407746006275,131.859283692099,32.201407746006275,8.529553786998122,31.396128841607563,99.72963506800518,1.5166666666666666,25.720852795861074,140.66419916948178,34.45731633272617,131.71087955418488,45,115.38461538461537,0,6.9230769230769225,61,164.86486486486487,3,9.891891891891891,49.4802494802495,2.9688149688149688,0
335992,2008-04-26,12,10,23,222.0,222.0,0.5,0.3333333333333333,1,0,0,0,0,1.0,0.5,0.4,1.0,0.5,0.6666666666666666,1,2,193.5,169.66666666666666,7.473946953725018,7.369295210659598,177.8,193.5,169.66666666666666,14.177183486967195,13.479583873030563,2008,21.50690222863421,115.11817507141603,31.013408563970362,8.537190143297593,44.35510191437914,90.73275285530188,1.5185185185185186,22.381078643578643,115.07777057658973,28.23929773929774,8.11996086368226,31.6699754416105,87.9995898838004,1.4777777777777774,37.310471530784035,139.3538685980196,34.64819296282663,142.39612625551993,57,154.05405405405406,2,9.243243243243244,45,121.62162162162163,2,7.297297297297297,32.432432432432435,1.9459459459459465,0
335995,2008-04-27,9,1,41,211.0,211.0,0.3333333333333333,0.0,1,0,1,0,0,0.0,1.0,0.4,0.4,0.3333333333333333,1.0,1,2,196.0,135.5,7.471884685926699,7.541540454940284,171.66666666666666,196.0,135.5,13.716962677109427,16.08538747556541,2008,21.676410312452305,121.0432699771603,25.9884434693968,8.071706571231934,33.54536727456941,100.39413364413365,1.4677489177489178,24.076428093034387,129.83652778733315,31.44299335474931,8.824349298489725,35.51806978373172,105.50262681817493,1.557740970784449,30.55000655780707,137.23916029095065,30.8169487307118,147.52414757733249,55,152.77777777777777,2,9.166666666666666,45,118.42105263157893,3,7.105263157894736,34.35672514619884,2.06140350877193,1
335994,2008-04-27,13,7,9,167.0,167.0,0.3333333333333333,0.3333333333333333,0,1,0,0,0,0.0,0.0,0.4,0.0,0.0,0.0,0,0,155.33333333333334,185.0,7.176359235003536,7.228981446498258,171.66666666666666,155.33333333333334,185.0,15.64589199338857,15.089432723055529,2008,23.011842105263156,122.00631317876066,23.011842105263156,8.529553786998122,31.396128841607563,98.06710994297794,1.5166666666666666,23.068592257332845,128.70612802659167,27.846136063704673,7.797977464648001,25.842297751370825,84.00775215005645,1.3126984126984127,34.13412295736763,143.25787811139153,31.04772004241782,128.61832896325035,27,69.23076923076923,3,4.153846153846153,60,162.16216216216216,0,9.72972972972973,92.93139293139293,5.5758835758835765,1
335996,2008-04-28,0,12,23,178.5,178.5,0.3333333333333333,0.6666666666666666,0,1,1,0,0,1.0,1.0,1.0,0.4,1.0,0.3333333333333333,3,1,198.33333333333334,174.0,7.473946953725018,7.4133771625965945,169.42857142857142,198.33333333333334,174.0,14.058018350084367,13.830509079361981,2008,33.51516699192611,131.00940525620905,37.39941905228529,8.293320448953336,34.22890307328605,96.49189504274321,1.4988888888888887,19.67556826607625,114.7008437673075,31.013408563970362,9.319194355399516,38.05955783000946,88.87000178528466,1.6919191919191918,34.45731633272617,131.71087955418488,37.310471530784035,139.3538685980196,45,118.42105263157893,1,7.105263157894736,36,94.73684210526315,1,5.684210526315789,-23.68421052631578,-1.421052631578947,1
335997,2008-04-29,7,5,14,110.0,110.0,0.3333333333333333,0.25,0,0,1,0,0,0.0,0.5,0.0,1.0,0.0,0.6666666666666666,0,2,177.25,159.66666666666666,7.343088063238921,7.176359235003536,170.0,177.25,159.66666666666666,15.93972128672649,14.063294025309492,2008,27.08275410199092,130.18517067551414,28.774105412363678,7.605607600016809,24.498846660644706,86.66527187271289,1.351111111111111,19.59349558678544,106.95989592016485,26.500534805117013,8.167342975057126,38.23015710696852,82.22451578591864,1.4574074074074075,31.04772004241782,128.61832896325035,25.720852795861074,140.66419916948178,40,108.10810810810811,3,6.486486486486487,38,97.43589743589743,3,5.846153846153846,-10.672210672210682,-0.640332640332641,1
335998,2008-04-30,12,1,16,129.0,129.0,0.0,0.25,0,1,0,0,0,1.0,0.5,0.4,0.4,0.25,0.6666666666666666,1,2,175.0,143.0,7.541540454940284,7.473946953725018,167.9375,175.0,143.0,12.95743907650736,14.898804010393915,2008,24.669028425540976,117.80285071339303,31.013408563970362,8.647502202095856,41.65584651754864,94.85592490634508,1.565079365079365,25.608654301433827,128.83744048847595,31.44299335474931,9.09152263945249,39.375084430935495,109.08078009362768,1.5932860100561965,37.310471530784035,139.3538685980196,30.8169487307118,147.52414757733249,58,156.75675675675674,1,9.405405405405405,55,152.77777777777777,3,9.166666666666666,-3.9789789789789722,-0.2387387387387392,0
335999,2008-05-01,13,9,43,178.0,178.0,0.25,0.25,1,0,0,0,0,0.5,0.0,0.4,0.4,0.25,0.5,1,2,155.0,186.5,7.228981446498258,7.471884685926699,169.2941176470588,155.0,186.5,14.276740606158452,14.736963524066033,2008,18.70268504548511,117.82033684634617,27.85386357153045,8.6093631844949,39.15160887838192,96.74236139562268,1.5271156004489335,29.064409525124525,126.87587121533832,30.602787579393084,8.25260751711934,31.12348552009456,98.6827147525677,1.484722222222222,34.13412295736763,143.25787811139153,30.55000655780707,137.23916029095065,50,131.57894736842107,1,7.894736842105264,41,113.88888888888889,1,6.833333333333333,17.690058479532183,1.0614035087719307,0
336000,2008-05-01,5,10,47,166.0,166.0,0.25,0.25,0,0,1,0,0,0.5,0.6666666666666666,1.0,1.0,0.5,0.75,2,3,154.0,161.0,7.369295210659598,7.343088063238921,169.2941176470588,154.0,161.0,14.114609039434537,14.00968012375481,2008,20.604371610579026,110.03757034059781,28.328601005619635,8.293876172481204,33.10334395145981,89.16061119606475,1.4960913482652614,21.226465327432393,116.19455216249354,28.935290453323244,7.796005545259238,28.753672728141332,91.17681197944356,1.3864197530864195,25.720852795861074,140.66419916948178,34.64819296282663,142.39612625551993,45,121.62162162162163,1,7.297297297297297,51,124.39024390243902,3,7.463414634146341,2.7686222808173966,0.16611733684904362,0
336001,2008-05-02,1,0,27,177.5,177.5,0.5,0.25,1,0,1,0,0,0.5,1.0,0.4,1.0,0.75,1.0,3,4,155.0,193.25,7.4133771625965945,7.541540454940284,170.42105263157896,155.0,193.25,16.388003624982815,14.353442456016186,2008,33.944245016061984,139.57742658924258,35.98008179012346,9.03407591745647,30.031397754137117,102.62439716716032,1.5608695652173914,26.33135728797094,129.67008882449306,32.53884212920837,8.517048798821518,31.640813119574066,110.4751752344887,1.5611111111111111,30.8169487307118,147.52414757733249,34.45731633272617,131.71087955418488,47,120.51282051282051,1,7.23076923076923,64,172.97297297297297,0,10.378378378378379,52.46015246015246,3.147609147609149,1
336003,2008-05-03,9,5,41,193.33333333333334,193.33333333333334,0.2,0.4,1,1,1,0,0,0.5,0.3333333333333333,0.4,1.0,0.6,0.4,3,2,182.0,162.4,7.471884685926699,7.343088063238921,170.35,182.0,162.4,14.788583194087652,13.708810858037872,2008,23.625495008154044,121.25471676445355,30.602787579393084,8.280316492499004,32.11179829977203,93.97058164663714,1.4537247474747474,22.039705048240247,113.51329264036042,27.58256925958789,8.19921118697362,35.64608046936065,86.14126903509747,1.442361111111111,30.55000655780707,137.23916029095065,25.720852795861074,140.66419916948178,49,128.94736842105263,1,7.7368421052631575,31,81.57894736842105,4,4.894736842105263,47.368421052631575,2.8421052631578947,1
336034,2008-05-03,13,12,23,178.33333333333334,178.33333333333334,0.4,0.2,0,1,0,0,0,0.5,0.5,0.4,0.4,0.2,0.2,1,1,156.8,178.2,7.473946953725018,7.228981446498258,170.35,156.8,178.2,12.445551601969807,14.58732532974951,2008,18.295942886942967,121.32102003533532,27.85386357153045,8.19971734820045,34.474531408308,96.25483666516328,1.455714285714286,22.297290116250792,119.6119445701909,31.013408563970362,9.748143265593255,40.37338180805601,97.5354604689744,1.7256944444444444,34.13412295736763,143.25787811139153,37.310471530784035,139.3538685980196,46,121.05263157894737,1,7.2631578947368425,33,89.1891891891892,2,5.351351351351351,-31.863442389758177,-1.9118065433854916,0
336004,2008-05-04,1,7,9,154.0,154.0,0.2,0.2,0,1,0,0,0,0.6666666666666666,0.3333333333333333,0.4,0.0,0.8,0.2,4,1,157.8,169.2,7.176359235003536,7.541540454940284,170.04545454545453,157.8,169.2,15.805594355452307,14.653013850485445,2008,23.213955731450298,124.01449007610827,35.98008179012346,8.543180819286645,31.870196223149744,101.61881505147758,1.5090030742204654,22.772853555739612,125.1833468722088,27.76222388805597,7.846240216416041,29.0764824380901,83.09651058862632,1.3437830687830687,30.8169487307118,147.52414757733249,31.04772004241782,128.61832896325035,50,135.13513513513513,2,8.108108108108109,37,102.77777777777777,2,6.166666666666666,-32.35735735735736,-1.9414414414414427,0
336005,2008-05-04,0,10,47,181.0,181.0,0.4,0.4,0,1,1,0,0,1.0,0.6666666666666666,1.0,1.0,0.8,0.8,4,4,188.4,168.0,7.369295210659598,7.4133771625965945,170.04545454545453,188.4,168.0,15.413008413111523,15.55325405021523,2008,21.646125436697762,123.57476031281641,32.53884212920837,8.307867076378896,32.4050936799302,98.87996455455159,1.5333333333333334,26.745262778157517,129.21436725433983,28.23929773929774,8.017562632853295,31.73843709161124,90.46214969241285,1.4680555555555554,34.45731633272617,131.71087955418488,34.64819296282663,142.39612625551993,44,122.22222222222223,0,7.333333333333334,38,102.7027027027027,4,6.162162162162161,-19.519519519519534,-1.1711711711711725,0
336006,2008-05-05,9,12,23,172.75,172.75,0.3333333333333333,0.16666666666666666,0,1,0,0,0,0.5,0.5,0.4,0.4,0.6666666666666666,0.3333333333333333,4,2,169.6,165.0,7.473946953725018,7.471884685926699,167.16666666666666,181.33333333333334,174.5,15.765602289916242,13.401441290214912,2008,27.607177542086458,128.727619501718,30.602787579393084,8.26342945888993,33.425634076325565,104.70054968223849,1.4633333333333334,19.524542049710593,110.74186474914579,31.171139971139976,8.1650936725743,42.50628784468889,89.87592510121922,1.520873015873016,30.55000655780707,137.23916029095065,37.310471530784035,139.3538685980196,26,66.66666666666666,3,4.0,52,130.0,1,7.800000000000001,63.33333333333334,3.8000000000000007,1
336007,2008-05-06,0,13,27,174.66666666666666,174.66666666666666,0.3333333333333333,0.16666666666666666,0,0,0,0,0,0.6666666666666666,0.3333333333333333,1.0,0.4,0.6666666666666666,0.16666666666666666,3,1,162.2,166.0,7.4133771625965945,7.228981446498258,165.52,175.16666666666666,156.66666666666666,16.23879341864312,15.544939415632433,2008,23.769085971452146,128.57976983301586,32.53884212920837,8.42494629260974,33.50663873406156,105.2889561967848,1.5462962962962965,22.480175285775413,130.96527969857547,27.85386357153045,7.91806179918506,30.819865543735222,105.01437149503201,1.4208333333333334,34.45731633272617,131.71087955418488,34.13412295736763,143.25787811139153,34,87.17948717948718,3,5.230769230769231,50,135.13513513513513,1,8.108108108108109,-47.95564795564795,-2.877338877338878,0
336008,2008-05-07,10,7,9,158.0,158.0,0.16666666666666666,0.3333333333333333,0,0,0,0,0,0.6666666666666666,0.3333333333333333,1.0,0.0,0.8333333333333334,0.3333333333333333,5,2,164.0,168.6,7.176359235003536,7.369295210659598,164.69230769230768,158.16666666666666,168.0,13.392771040441398,16.235221247147027,2008,18.553471631535597,110.18721466908364,28.935290453323244,7.7435688931045155,28.373605979989385,84.35678555893868,1.376262626262626,23.449227309422213,125.71855422207723,25.802223888055973,8.22736492219254,30.676624438422483,67.67296669974155,1.4533333333333334,34.64819296282663,142.39612625551993,31.04772004241782,128.61832896325035,34,87.17948717948718,0,5.230769230769231,48,133.33333333333331,2,8.0,46.15384615384613,2.769230769230769,0
336009,2008-05-08,1,0,16,160.0,160.0,0.16666666666666666,0.2857142857142857,1,0,0,1,0,0.5,0.6666666666666666,0.4,1.0,0.6666666666666666,0.5714285714285714,3,2,164.4,149.4,7.541540454940284,7.4133771625965945,162.40740740740742,158.5,170.71428571428572,13.865987880015783,14.181005080547322,2008,29.845068094537275,133.33292704015187,35.98008179012346,9.247503446212951,39.71738855116514,112.75018725042979,1.621063787833974,24.07769711158445,131.13889335312473,32.53884212920837,9.615826019314255,32.13503580395164,100.28869160999878,1.7201388888888889,30.8169487307118,147.52414757733249,34.45731633272617,131.71087955418488,50,131.57894736842107,2,7.894736842105264,62,163.1578947368421,0,9.789473684210526,-31.57894736842104,-1.894736842105262,0
336010,2008-05-08,5,12,14,123.5,123.5,0.3333333333333333,0.2857142857142857,1,1,1,1,0,0.25,0.5,1.0,0.4,0.3333333333333333,0.2857142857142857,1,1,153.6,157.2,7.343088063238921,7.473946953725018,162.40740740740742,165.0,167.57142857142858,12.546207831546576,14.694353829454357,2008,20.884929615339814,112.5413487455733,27.465285308970607,8.150527032118164,33.928477577258306,83.00564228439718,1.4508756038647341,23.06082251082251,119.7667281064768,27.414430014430014,8.970148610371002,46.48139775413712,89.54890604890605,1.623015873015873,25.720852795861074,140.66419916948178,37.310471530784035,139.3538685980196,41,107.89473684210526,2,6.473684210526316,35,92.10526315789474,2,5.526315789473684,15.78947368421052,0.9473684210526319,1
336011,2008-05-09,13,10,47,157.0,157.0,0.2857142857142857,0.14285714285714285,0,0,0,0,1,0.5,0.5,0.4,1.0,0.2857142857142857,0.7142857142857143,2,4,166.4,151.4,7.369295210659598,7.228981446498258,162.10344827586206,154.85714285714286,150.28571428571428,13.463010034412333,15.082231666097268,2008,16.783659071459137,107.94052617763327,27.85386357153045,8.216269298356362,35.18593413817834,101.18059844592871,1.4723456790123457,25.226348304473305,123.91967698885311,28.23929773929774,8.017562632853295,31.73843709161124,93.32199817726132,1.4680555555555554,34.13412295736763,143.25787811139153,34.64819296282663,142.39612625551993,50,131.57894736842107,0,7.894736842105264,50,135.13513513513513,0,8.108108108108109,3.5561877667140607,0.21337126600284506,0
336013,2008-05-10,0,9,27,167.0,167.0,0.25,0.14285714285714285,0,0,0,1,0,0.75,0.6666666666666666,1.0,0.4,0.625,0.7142857142857143,2,5,157.4,161.6,7.4133771625965945,7.471884685926699,161.36666666666667,172.75,173.42857142857142,15.75592722757939,14.263262896130453,2008,26.98238402756715,131.1517165774019,32.53884212920837,8.514964634125418,31.681593832568485,106.54626299879538,1.5685185185185186,23.035244678773278,121.45117912778409,30.602787579393084,8.323960544056852,33.9060321945711,96.12385545616095,1.4815025252525251,34.45731633272617,131.71087955418488,30.55000655780707,137.23916029095065,53,123.25581395348837,2,7.395348837209302,35,97.22222222222221,2,5.833333333333333,26.033591731266156,1.562015503875969,1
336014,2008-05-11,5,13,43,173.33333333333334,173.33333333333334,0.125,0.2857142857142857,0,1,1,1,0,0.25,0.4,1.0,0.4,0.42857142857142855,0.25,1,2,157.4,151.6,7.228981446498258,7.343088063238921,162.0,159.85714285714286,153.0,13.004249851576724,12.815936838459569,2008,20.819603826204812,108.00477562063699,26.510833963214917,8.485282956205001,38.190118203309694,77.00292042235239,1.4933333333333334,18.63144658733555,108.74685042318079,27.85386357153045,8.30534454915458,35.45090499408983,106.20046143971727,1.4633333333333334,25.720852795861074,140.66419916948178,34.13412295736763,143.25787811139153,55,137.5,3,8.25,43,119.44444444444444,1,7.166666666666666,-18.055555555555557,-1.083333333333334,1
336015,2008-05-11,1,10,47,152.75,152.75,0.25,0.14285714285714285,0,0,0,1,0,0.5,0.5,0.4,1.0,0.5714285714285714,0.75,2,4,173.4,136.6,7.369295210659598,7.541540454940284,162.0,162.57142857142858,149.0,16.417601230149813,13.211837039395501,2008,26.62783807059683,129.52055562767612,35.98008179012346,8.41981240277061,32.58405089384648,98.9777159163124,1.4949543746645195,20.127528591653558,111.24118936768637,28.935290453323244,7.8891278824473074,29.49928676322905,86.6863750284803,1.3956790123456788,30.8169487307118,147.52414757733249,34.64819296282663,142.39612625551993,21,55.26315789473685,2,3.3157894736842106,47,127.02702702702702,1,7.621621621621621,71.76386913229017,4.30583214793741,0
336016,2008-05-12,9,12,41,189.5,189.5,0.125,0.25,1,0,1,1,0,0.5,0.3333333333333333,0.4,0.4,0.625,0.25,4,1,161.4,156.0,7.471884685926699,7.473946953725018,163.0909090909091,174.375,162.75,15.6046904430321,13.067831951775746,2008,30.092088303853007,130.6897341460603,30.092088303853007,8.732439652036689,34.31170494202409,110.77672095555191,1.5037037037037038,20.000351500351503,114.11405390183852,31.171139971139976,8.37502894550636,43.47476003403726,90.95272971939639,1.5108465608465609,30.55000655780707,137.23916029095065,37.310471530784035,139.3538685980196,42,113.51351351351352,0,6.8108108108108105,50,135.13513513513513,3,8.108108108108109,-21.621621621621614,-1.2972972972972983,1
336017,2008-05-13,5,1,14,125.33333333333333,125.33333333333333,0.375,0.125,1,1,1,0,0,0.4,0.4,1.0,0.4,0.5,0.5,2,2,168.8,173.0,7.343088063238921,7.541540454940284,162.5,165.375,161.75,12.72390209813558,14.532333488974215,2008,30.906564716474513,110.33585717948488,47.517006802721085,8.301996418670779,35.78167426545086,81.89264102584875,1.4984126984126982,24.50630892569345,120.64738058039336,35.98008179012346,8.671542450460404,37.82024344661686,92.56951067231202,1.5475224292615597,25.720852795861074,140.66419916948178,30.8169487307118,147.52414757733249,35,89.74358974358975,1,5.384615384615385,37,100.0,4,6.0,-10.256410256410248,-0.615384615384615,1
336018,2008-05-14,7,0,56,165.0,165.0,0.14285714285714285,0.2222222222222222,1,1,0,0,1,0.3333333333333333,0.75,0.0,1.0,0.42857142857142855,0.6666666666666666,3,2,147.6,158.0,7.176359235003536,7.4133771625965945,161.65714285714284,158.71428571428572,173.66666666666666,13.461118378864676,14.999937504217455,2008,29.07758620689655,131.50340664227454,29.07758620689655,8.663603020735628,31.08459871491786,67.72351594765388,1.4981481481481482,25.945939556096512,129.95350387238398,32.53884212920837,9.769129350258762,31.640813119574066,104.72842950917153,1.7333333333333332,31.04772004241782,128.61832896325035,34.45731633272617,131.71087955418488,78,190.2439024390244,0,11.414634146341463,28,77.77777777777779,2,4.666666666666667,112.46612466124661,6.747967479674796,1
336020,2008-05-15,13,1,16,169.0,169.0,0.1111111111111111,0.2222222222222222,0,1,0,0,1,0.4,0.3333333333333333,0.4,0.4,0.2222222222222222,0.4444444444444444,1,1,161.6,161.4,7.541540454940284,7.228981446498258,161.5,158.66666666666666,158.55555555555554,12.54360500010301,16.05768326096734,2008,18.102224500224562,112.76826894910873,27.85386357153045,8.114463833320888,35.467340724360504,101.7211789623883,1.449188034188034,27.989636088276963,130.2994900680417,31.538065529960857,8.990100449446762,44.17219431310743,88.38394876361768,1.5977225672877848,34.13412295736763,143.25787811139153,30.8169487307118,147.52414757733249,48,126.3157894736842,1,7.578947368421052,71,186.8421052631579,1,11.210526315789474,60.526315789473685,3.631578947368422,0
336021,2008-05-16,5,7,56,160.5,160.5,0.125,0.3333333333333333,0,0,0,0,1,0.4,0.3333333333333333,1.0,0.0,0.5555555555555556,0.5,3,4,168.0,142.4,7.176359235003536,7.343088063238921,162.3783783783784,161.77777777777777,158.375,12.957206703427369,15.901336109286314,2008,17.225451979485484,101.86098958402839,26.510833963214917,8.132562635208588,34.15468084985554,80.55173412874866,1.46991341991342,26.740007836990593,129.318611892275,29.07758620689655,7.861338629188086,26.64678236952173,74.24799410359755,1.3617063492063493,25.720852795861074,140.66419916948178,31.04772004241782,128.61832896325035,68,178.94736842105263,2,10.736842105263158,27,65.85365853658537,3,3.951219512195122,-113.09370988446726,-6.785622593068036,0
336023,2008-05-17,10,12,47,153.4,153.4,0.2222222222222222,0.2222222222222222,1,0,0,1,0,0.5,0.25,1.0,0.4,0.7777777777777778,0.2222222222222222,4,1,140.8,149.0,7.369295210659598,7.473946953725018,159.8684210526316,149.77777777777777,160.55555555555554,14.220877722003806,13.711125294045845,2008,25.896714007240323,124.44617935322519,25.89671400724032,8.25258351047106,30.865535169767366,96.16165413533834,1.488888888888889,20.97892839578233,113.1522065116454,31.171139971139976,8.750949258263503,44.27044582972306,93.60818483073385,1.6009700176366843,34.64819296282663,142.39612625551993,37.310471530784035,139.3538685980196,51,130.76923076923077,0,7.846153846153847,23,58.97435897435898,3,3.5384615384615383,71.7948717948718,4.307692307692308,1
336022,2008-05-17,9,1,16,175.25,175.25,0.2,0.1111111111111111,0,0,1,1,0,0.5,0.3333333333333333,0.4,0.4,0.6666666666666666,0.5,4,1,158.4,166.4,7.541540454940284,7.471884685926699,159.8684210526316,170.88888888888889,162.1,14.928877420025133,15.57155650558147,2008,28.758463991486117,129.0699387143838,31.332284382284385,8.429728290118238,32.927359844647086,107.27244282974138,1.4833333333333332,26.646367335172144,131.2639903962748,31.538065529960857,8.645656005002317,37.588860979774104,80.42407933197406,1.5368760064412237,30.55000655780707,137.23916029095065,30.8169487307118,147.52414757733249,68,170.0,0,10.2,73,192.10526315789474,3,11.526315789473685,22.10526315789474,1.3263157894736857,1
336024,2008-05-18,7,13,43,181.0,181.0,0.3,0.1111111111111111,0,0,0,0,1,0.3333333333333333,0.3333333333333333,0.0,0.4,0.5555555555555556,0.2,5,1,125.0,167.6,7.228981446498258,7.176359235003536,159.75,148.22222222222223,162.2,11.906506048087476,15.232438535011944,2008,22.447418773130916,121.67059139618982,29.07758620689655,8.178350898526723,29.46393109725862,82.03743013693378,1.4289682539682538,18.890335473523052,124.57622737956802,26.442157222324102,10.218832536160647,35.67405015197568,106.28328929207075,1.7799422799422797,31.04772004241782,128.61832896325035,34.13412295736763,143.25787811139153,32,82.05128205128204,3,4.923076923076923,57,154.05405405405406,1,9.243243243243244,72.00277200277202,4.3201663201663205,1
336025,2008-05-18,0,5,14,127.25,127.25,0.3,0.2,0,0,1,1,0,0.6,0.3333333333333333,1.0,1.0,0.6,0.5,2,3,155.4,142.2,7.343088063238921,7.4133771625965945,159.75,171.9,152.3,14.527366575674609,13.173101385944069,2008,22.101487314085738,119.78410054745932,22.101487314085738,8.529553786998122,31.396128841607563,133.97793680379888,1.5166666666666666,21.582755192664987,112.36067681298944,26.6281179138322,8.245410475703983,36.835245694022284,83.11158193554594,1.4523809523809526,34.45731633272617,131.71087955418488,25.720852795861074,140.66419916948178,35,94.5945945945946,2,5.675675675675675,43,113.1578947368421,0,6.789473684210526,18.5633001422475,1.1137980085348502,1
336026,2008-05-19,1,12,23,163.4,163.4,0.3,0.2,0,1,0,1,0,0.3333333333333333,0.2,0.4,0.4,0.4,0.2,1,1,157.6,150.2,7.473946953725018,7.541540454940284,159.92857142857142,158.0909090909091,164.2,13.999883874536179,13.46105662757519,2008,29.603324272585535,135.99856934533,35.98008179012346,8.56186337200145,34.9750605088371,101.39512763760885,1.520496894409938,17.450381017234953,115.25172768807339,27.748762099323898,9.714264101339603,39.320015701012785,87.3582849102973,1.715167548500882,30.8169487307118,147.52414757733249,37.310471530784035,139.3538685980196,41,102.49999999999999,1,6.1499999999999995,71,191.89189189189187,0,11.513513513513512,89.39189189189189,5.363513513513513,1
336027,2008-05-20,5,10,14,131.6,131.6,0.2,0.3,1,0,0,0,1,0.3333333333333333,0.5,1.0,1.0,0.4,0.8,3,4,136.4,141.0,7.343088063238921,7.369295210659598,159.7906976744186,152.0,154.5,14.198858346237472,15.062309301987517,2008,20.132441621878474,110.81314272191426,26.6281179138322,8.223857331110635,35.092322847884574,87.46501211678694,1.489589371980676,23.8159706399838,123.87028277660595,28.23929773929774,7.804369902125154,28.474979534675416,94.57379243563453,1.4129629629629628,25.720852795861074,140.66419916948178,34.64819296282663,142.39612625551993,32,84.21052631578947,1,5.052631578947368,42,116.66666666666667,3,7.0,-32.456140350877206,-1.9473684210526319,0
336029,2008-05-21,12,0,27,169.8,169.8,0.1,0.2,1,1,1,0,1,0.2,0.6666666666666666,0.4,1.0,0.2,0.6,0,3,149.8,163.4,7.4133771625965945,7.473946953725018,159.5,163.27272727272728,169.8181818181818,13.954761359926433,15.421230561595998,2008,19.723711213879753,116.30143784899369,31.013408563970362,8.062656555978887,38.575283038474524,93.1095957848899,1.456111111111111,22.01896308859265,124.33608568871394,32.53884212920837,8.334176045673834,32.120246688274094,104.20724672429246,1.5266666666666666,37.310471530784035,139.3538685980196,34.45731633272617,131.71087955418488,44,112.82051282051282,0,6.769230769230769,23,63.888888888888886,2,3.833333333333333,-48.93162393162393,-2.935897435897436,1
336028,2008-05-21,7,9,56,129.33333333333334,129.33333333333334,0.1,0.1,1,1,0,0,1,0.5,0.6,0.0,0.4,0.6,0.7,5,4,133.2,149.2,7.176359235003536,7.471884685926699,159.5,151.2,165.6,14.253922754432212,14.883228136654674,2008,20.227761353936902,118.41850446303819,30.064814814814813,8.582393529525554,29.500796829169875,83.96743927197508,1.5005050505050503,27.581738860829628,127.73372085847774,31.332284382284385,8.307783513574629,33.08738320387256,103.41486637928186,1.4722222222222223,31.04772004241782,128.61832896325035,30.55000655780707,137.23916029095065,68,170.0,1,10.2,43,119.44444444444444,1,7.166666666666666,50.55555555555556,3.033333333333333,0
336031,2008-05-23,13,9,41,180.2,180.2,0.1,0.3,0,0,0,0,1,0.3333333333333333,0.6666666666666666,0.4,0.4,0.2,0.8,1,4,172.0,151.4,7.471884685926699,7.228981446498258,159.41304347826087,163.63636363636363,167.72727272727272,14.526596930531653,11.41121980131148,2008,24.242588351421798,119.88777268676527,27.85386357153045,10.824179169077778,36.93511820330969,118.74081222469597,1.8866666666666667,25.776591996016027,123.51708766712359,31.332284382284385,8.252984044376424,30.477338209219855,96.95288481246156,1.4712962962962963,34.13412295736763,143.25787811139153,30.55000655780707,137.23916029095065,74,205.55555555555554,0,12.333333333333332,42,113.51351351351352,0,6.8108108108108105,-92.04204204204203,-5.522522522522522,0
336032,2008-05-24,1,7,16,163.8,163.8,0.2,0.2,1,1,0,0,1,0.42857142857142855,0.5,0.4,0.0,0.4,0.6,2,4,151.0,138.6,7.541540454940284,7.176359235003536,159.74468085106383,157.75,154.63636363636363,15.439364166239667,13.879872448910708,2008,27.651736450571487,131.01089571674126,31.538065529960857,8.924308069096956,42.34704210289316,96.2364772761935,1.5861431529133392,22.24072867984506,123.86825769385035,30.064814814814813,8.485511081033696,31.397334251888772,88.8748718561086,1.4520833333333334,30.8169487307118,147.52414757733249,31.04772004241782,128.61832896325035,56,155.55555555555557,2,9.333333333333334,60,162.16216216216216,0,9.72972972972973,-6.60660660660659,-0.3963963963963959,1
336033,2008-05-24,0,10,27,162.5,162.5,0.0,0.3,0,0,1,0,1,0.6666666666666666,0.6,1.0,1.0,0.5,0.9,3,4,159.8,148.6,7.4133771625965945,7.369295210659598,159.74468085106383,166.16666666666666,153.8181818181818,15.759524499237095,15.606080297438364,2008,25.313500145113796,130.5856740791402,32.53884212920837,8.28688544865817,33.582898061659016,106.68273959994781,1.5317460317460316,24.874980063795853,129.32579972743295,28.641414141414142,8.286143029598497,31.988331644714624,102.91139971139971,1.4944444444444442,34.45731633272617,131.71087955418488,34.64819296282663,142.39612625551993,65,175.67567567567568,1,10.54054054054054,67,181.08108108108107,0,10.864864864864865,-5.405405405405389,-0.32432432432432456,0
336002,2008-05-25,12,13,43,180.4,180.4,0.3,0.2,0,0,1,1,0,0.3333333333333333,0.2857142857142857,0.4,0.4,0.2,0.2,1,0,149.8,178.2,7.228981446498258,7.473946953725018,161.12244897959184,160.16666666666666,164.58333333333334,12.539702884553634,13.375512160655544,2008,23.315950609048524,125.07120034079539,31.171139971139976,8.673793781819743,50.00878049255709,103.5314699961759,1.5591836734693878,18.61437107026003,116.01643420774842,27.85386357153045,9.974016250006823,32.04993720449173,104.67356549615468,1.7340277777777777,37.310471530784035,139.3538685980196,34.13412295736763,143.25787811139153,41,105.12820512820514,0,6.307692307692308,43,119.44444444444444,1,7.166666666666666,14.316239316239304,0.8589743589743577,1
336035,2008-05-25,5,9,14,134.16666666666666,134.16666666666666,0.2,0.1,1,0,1,0,1,0.3333333333333333,0.6666666666666666,1.0,0.4,0.3,0.9,2,4,140.0,161.2,7.343088063238921,7.471884685926699,161.12244897959184,151.58333333333334,168.33333333333334,13.308555773735833,14.928607819802371,2008,20.172157357642753,109.93745717493113,26.6281179138322,8.379553159306742,34.03739985552929,85.47188295163274,1.5180622651637146,24.776075927686254,125.09506282047629,30.602787579393084,8.260660213175834,32.21403679379553,98.58542664377579,1.4579365079365079,25.720852795861074,140.66419916948178,30.55000655780707,137.23916029095065,51,134.21052631578948,2,8.052631578947368,47,117.5,1,7.050000000000001,16.71052631578948,1.0026315789473674,1
336036,2008-05-26,10,7,47,160.66666666666666,160.66666666666666,0.4,0.1,1,1,0,0,1,0.6666666666666666,0.4,1.0,0.0,0.9,0.6,5,3,170.2,153.2,7.369295210659598,7.176359235003536,161.45098039215685,158.58333333333334,156.41666666666666,15.41866063242134,15.49904725156109,2008,25.922361322100937,129.4153894661642,30.6948532948533,8.107198618886937,31.511614309615304,110.75271512113618,1.4690476190476187,25.03076796553808,125.65385447191943,30.84573268921095,8.39342615752487,31.9157188359316,87.22558183934115,1.4330246913580247,34.64819296282663,142.39612625551993,31.04772004241782,128.61832896325035,36,92.3076923076923,2,5.538461538461538,29,74.35897435897436,0,4.461538461538462,17.948717948717942,1.0769230769230766,1
336037,2008-05-27,13,0,43,177.83333333333334,177.83333333333334,0.2,0.1,1,1,1,1,0,0.2857142857142857,0.6666666666666666,0.4,1.0,0.2,0.4,0,2,183.2,164.6,7.228981446498258,7.4133771625965945,161.1346153846154,164.6153846153846,169.6153846153846,13.415327564070553,15.92961619282612,2008,15.335501949317738,109.83381327811757,26.121188387635755,8.233327174474574,32.75244201065158,102.10545751717713,1.4777777777777779,27.234733536492648,131.15374187934552,30.65689768476393,8.187188330181272,33.61791259908218,124.18680709984596,1.5155555555555553,34.13412295736763,143.25787811139153,34.45731633272617,131.71087955418488,26,72.22222222222221,2,4.333333333333333,44,110.00000000000001,1,6.6000000000000005,-37.7777777777778,-2.2666666666666675,0
336019,2008-05-28,9,10,41,179.33333333333334,179.33333333333334,0.1,0.3,1,0,0,0,1,0.5714285714285714,0.6666666666666666,0.4,1.0,0.8,0.9,4,5,159.8,171.2,7.471884685926699,7.369295210659598,160.8679245283019,168.76923076923077,157.53846153846155,15.428640886971342,14.516631322524187,2008,28.885579989357645,130.46310645308904,30.337636064241565,8.404771915898266,33.31016759540696,106.8870278961511,1.475,22.865825667388165,122.00897525300039,30.6948532948533,8.455904017006327,39.08188711984387,100.32845845674792,1.5145833333333332,30.55000655780707,137.23916029095065,34.64819296282663,142.39612625551993,51,137.83783783783784,0,8.27027027027027,38,102.7027027027027,2,6.162162162162161,35.135135135135144,2.108108108108109,1
336012,2008-05-28,12,7,23,161.83333333333334,161.83333333333334,0.2,0.1,1,0,0,1,0,0.42857142857142855,0.3333333333333333,0.4,0.0,0.3,0.6,2,2,157.0,151.0,7.473946953725018,7.176359235003536,160.8679245283019,160.53846153846155,155.53846153846155,14.198397672504374,15.297825501021046,2008,20.02336737336738,123.00928096511461,31.171139971139976,8.59621562773725,45.714417051296486,95.82382159048825,1.5478835978835979,29.07758620689655,131.50340664227454,29.07758620689655,8.663603020735628,31.08459871491786,67.72351594765388,1.4981481481481482,37.310471530784035,139.3538685980196,31.04772004241782,128.61832896325035,36,100.0,2,6.0,39,97.5,0,5.85,2.5,0.15000000000000036,0
336038,2008-05-30,1,10,56,144.25,144.25,0.2,0.4,0,1,0,1,1,0.42857142857142855,0.5714285714285714,0.4,0.6666666666666666,0.5,0.8,3,4,155.0,184.2,7.541540454940284,7.369295210659598,161.25454545454545,159.15384615384616,162.07142857142858,16.111975656782512,13.036361441865887,2008,24.131270303256237,125.1181582303197,31.538065529960857,8.56786163164667,37.61230265481916,94.75743162361468,1.5235052387226302,19.628818794689156,111.6937410140408,28.935290453323244,7.765537938710193,28.869074686096432,88.72579744816588,1.3649999999999998,30.8169487307118,147.52414757733249,34.64819296282663,142.39612625551993,28,71.7948717948718,3,4.3076923076923075,58,156.75675675675674,0,9.405405405405405,-84.96188496188495,-5.097713097713098,0
336039,2008-05-31,9,0,56,153.8,153.8,0.1,0.2,1,1,1,0,2,0.5714285714285714,0.7142857142857143,0.4,1.0,0.8,0.4,4,2,175.4,157.8,7.4133771625965945,7.471884685926699,161.80357142857142,172.5,168.0,12.870854236179516,16.137784761602862,2008,21.829919816047045,111.68377882281825,30.602787579393084,8.068731165553615,32.19078729411841,85.43962321204657,1.4216666666666666,24.50085926759155,130.21144684894122,24.50085926759155,8.677262345872824,32.98537628053585,109.15907335907337,1.5925925925925923,30.55000655780707,137.23916029095065,34.45731633272617,131.71087955418488,35,92.10526315789474,1,5.526315789473684,35,94.5945945945946,4,5.675675675675675,2.4893314366998567,0.14935988620199137,0
336040,2008-06-01,10,0,9,139.66666666666666,139.66666666666666,0.1,0.4,1,1,0,2,0,0.625,0.7142857142857143,0.6666666666666666,1.0,0.8,0.5,4,3,183.2,149.0,7.4133771625965945,7.369295210659598,160.9298245614035,164.06666666666666,164.26666666666668,12.752135132261861,16.705752440111276,2008,23.511650512617578,124.57725759904525,30.6948532948533,7.796005545259238,28.753672728141332,103.20757913301773,1.3864197530864195,26.038427995041648,130.23813866083555,32.53884212920837,9.769129350258762,31.64081311957407,104.74863289341434,1.7333333333333332,34.64819296282663,142.39612625551993,34.45731633272617,131.71087955418488,42,113.51351351351352,1,6.8108108108108105,41,113.88888888888889,1,6.833333333333333,0.3753753753753699,0.022522522522522515,1
392181,2009-04-18,7,0,36,167.0,167.0,0.1,0.1,1,0,0,1,1,0.42857142857142855,0.7142857142857143,0.0,1.0,0.7,0.5,2,2,162.0,151.8,7.4133771625965945,7.176359235003536,150.26785714285714,153.14285714285714,159.13333333333333,14.515576003269627,15.45434394309901,2009,25.00470099808999,122.77710177375214,36.82981951838707,8.036140884901585,29.02403699916264,83.52303682771885,1.427777777777778,25.778806189505698,124.19328521046913,35.71046911333536,8.458300362734255,35.55000788022065,88.3845518306752,1.4876567608451667,31.04772004241782,128.61832896325035,34.45731633272617,131.71087955418488,40,105.26315789473684,2,6.315789473684211,40,111.11111111111111,1,6.666666666666667,5.847953216374279,0.35087719298245634,1
392182,2009-04-18,10,12,36,167.0,167.0,0.2,0.4,1,0,1,2,0,0.6666666666666666,0.42857142857142855,0.6666666666666666,0.4,0.8,0.3,4,2,186.4,152.8,7.473946953725018,7.369295210659598,150.26785714285714,166.33333333333334,157.78571428571428,13.319906129706382,16.028437869088826,2009,18.516755443683046,111.36989430840278,26.88185129988409,7.824318128727897,29.537104723808497,79.43786463403688,1.3847041847041848,22.98412887221532,125.41159699430045,33.84018759018759,8.361162100085894,40.49183130699088,85.09076364688742,1.492911877394636,34.64819296282663,142.39612625551993,37.310471530784035,139.3538685980196,29,80.55555555555556,3,4.833333333333334,14,33.33333333333333,2,2.0,-47.22222222222223,-2.833333333333334,0
392183,2009-04-19,9,1,36,149.0,149.0,0.2,0.2,1,0,0,2,0,0.5,0.42857142857142855,0.4,0.4,0.7,0.4,3,3,174.2,166.8,7.541540454940284,7.471884685926699,149.0,168.46666666666667,161.5,12.543916221089223,17.075160425312664,2009,23.86370676803646,117.85274814449495,27.154474488974728,8.179286599922277,30.95751307400244,85.08681904515237,1.4605218855218853,29.5368858654573,139.66263085828302,29.5368858654573,9.395211676107756,35.364731087470446,65.23214285714286,1.6134057971014493,30.55000655780707,137.23916029095065,30.8169487307118,147.52414757733249,58,181.25,0,10.875,67,171.7948717948718,1,10.307692307692307,-9.455128205128204,-0.5673076923076934,0
392184,2009-04-19,5,13,36,149.0,149.0,0.2,0.2,1,1,1,2,0,0.3333333333333333,0.2857142857142857,1.0,0.4,0.4,0.1,2,0,134.0,171.8,7.228981446498258,7.343088063238921,149.0,153.30769230769232,163.35714285714286,12.95773512903043,15.03562813086241,2009,20.18862870228426,107.98890496533805,32.22084145132623,8.07849819556984,34.02745768661507,86.09255766075727,1.462121212121212,25.590397678647836,121.46529472443109,27.85386357153045,8.333933661246121,31.197419227738376,96.52356221921545,1.5018518518518518,25.720852795861074,140.66419916948178,34.13412295736763,143.25787811139153,37,102.77777777777777,2,6.166666666666666,21,56.75675675675676,3,3.4054054054054053,-46.021021021021014,-2.761261261261261,0
392185,2009-04-20,12,0,52,167.0,167.0,0.1,0.1,0,0,1,1,1,0.42857142857142855,0.7142857142857143,0.4,1.0,0.4,0.5,3,2,140.0,159.6,7.473946953725018,7.4133771625965945,125.75,156.13333333333333,156.26666666666668,13.60484352090474,16.38994166126999,2009,22.753300279815583,114.67138332078862,33.84018759018759,8.105479037854476,37.11284246653763,83.98857712438266,1.5158429118773946,28.943146152945417,132.84832856708167,35.71046911333536,8.428717547878332,36.84826049923515,104.05266350786552,1.5306397306397306,37.310471530784035,139.3538685980196,34.45731633272617,131.71087955418488,46,117.94871794871796,2,7.076923076923077,68,183.7837837837838,0,11.027027027027028,-65.83506583506585,-3.9501039501039514,0
392186,2009-04-21,5,9,22,167.0,167.0,0.2,0.2,1,1,0,1,1,0.2857142857142857,0.4444444444444444,1.0,0.4,0.4,0.6,1,2,127.6,157.2,7.471884685926699,7.343088063238921,136.4,149.57142857142858,159.4,16.610976377127763,14.544743445074001,2009,32.22084145132622,135.38809520578891,32.22084145132623,8.033843050828928,30.525289134566354,100.7782032172261,1.4111111111111112,22.0185155756102,116.85018605229736,27.154474488974728,8.150520001473817,30.388433825335422,85.78870203870203,1.447907647907648,25.720852795861074,140.66419916948178,30.55000655780707,137.23916029095065,46,127.77777777777777,1,7.666666666666666,60,150.0,1,9.0,22.22222222222223,1.333333333333334,1
392188,2009-04-22,13,12,36,125.75,125.75,0.1,0.2,1,1,1,0,2,0.2857142857142857,0.42857142857142855,0.4,0.4,0.2,0.3,1,3,153.2,145.0,7.473946953725018,7.228981446498258,140.0,159.2,153.26666666666668,14.927759208577266,14.322166753947755,2009,22.875691263566345,117.90514295214197,27.85386357153045,8.197683280817191,34.95365585950692,109.8084080937347,1.4452380952380952,24.235747215809546,117.40858694391333,33.84018759018759,7.898381887376336,38.96184281371627,91.6674980961709,1.437973605789698,34.13412295736763,143.25787811139153,37.310471530784035,139.3538685980196,31,81.57894736842105,2,4.894736842105263,62,172.22222222222223,1,10.333333333333334,90.64327485380117,5.438596491228071,1
392189,2009-04-23,0,1,22,158.0,158.0,0.1,0.2,0,0,1,1,1,0.75,0.42857142857142855,1.0,0.4,0.5,0.4,3,3,153.2,148.8,7.4133771625965945,7.541540454940284,146.28571428571428,158.4,157.66666666666666,13.593724690233293,15.90288386806675,2009,23.774031631161186,124.48518748686865,35.71046911333536,8.3629618702967,35.07417447649464,90.14825513190264,1.5378282828282828,30.34249113677784,132.99521141639875,33.60232941884974,9.157548083661554,48.35361997635934,109.47794687077369,1.6255003450655625,34.45731633272617,131.71087955418488,30.8169487307118,147.52414757733249,61,160.5263157894737,1,9.631578947368421,59,163.88888888888889,2,9.833333333333332,-3.3625730994151866,-0.2017543859649109,0
392191,2009-04-24,9,12,22,173.5,173.5,0.1,0.2,1,0,1,2,0,0.4444444444444444,0.42857142857142855,0.4,0.4,0.5,0.3,1,2,153.8,156.6,7.473946953725018,7.471884685926699,151.625,158.86666666666667,154.53333333333333,14.139533849128993,14.24770572387503,2009,24.296825480134324,117.21277145760446,27.154474488974728,8.27553199373541,30.371515688802923,85.27878602878602,1.4692929292929293,23.68154114921964,117.90734455525494,33.84018759018759,8.289719640568268,38.78714996318961,83.93311903385133,1.4851097178683388,30.55000655780707,137.23916029095065,37.310471530784035,139.3538685980196,49,132.43243243243242,3,7.945945945945946,44,110.00000000000001,0,6.6000000000000005,-22.432432432432407,-1.345945945945945,1
392192,2009-04-25,13,7,22,171.66666666666666,171.66666666666666,0.2,0.1,0,1,1,1,1,0.375,0.5,0.4,0.0,0.3,0.7,2,2,154.4,159.4,7.228981446498258,7.176359235003536,153.44444444444446,164.13333333333333,153.93333333333334,13.396741357402739,14.659964162358467,2009,19.880235550535616,108.39255928354196,28.594116982836493,8.210689431215851,32.82966355362761,102.18099220925349,1.4864197530864196,23.504178664968883,120.3684128098798,36.82981951838707,8.090964540690088,29.287602759434296,85.56600106896786,1.4376543209876544,34.13412295736763,143.25787811139153,31.04772004241782,128.61832896325035,55,141.02564102564102,0,8.461538461538462,50,121.95121951219512,1,7.317073170731707,19.0744215134459,1.144465290806755,1
392194,2009-04-26,1,12,52,179.0,179.0,0.1,0.3,1,0,1,2,0,0.5,0.42857142857142855,0.4,0.4,0.5,0.3,4,1,163.0,157.2,7.473946953725018,7.541540454940284,154.9,161.66666666666666,156.73333333333332,15.40219644148076,15.328067872326193,2009,29.28078804023868,131.7259574921957,33.60232941884974,8.313103639217111,39.75297478329393,108.63369792975057,1.4628019323671497,26.14204160018573,127.42381681160175,33.51881981938162,8.552413806217604,42.264176437480955,93.70996066096757,1.5184147509578545,30.8169487307118,147.52414757733249,37.310471530784035,139.3538685980196,45,118.42105263157893,2,7.105263157894736,43,116.21621621621621,2,6.972972972972972,-2.2048364153627205,-0.13229018492176436,1
392195,2009-04-26,9,10,36,137.4,137.4,0.2,0.4,0,1,1,1,1,0.5,0.6,0.4,0.6666666666666666,0.6,0.8,2,3,152.6,170.8,7.471884685926699,7.369295210659598,154.9,157.93333333333334,164.13333333333333,14.19455149588391,13.770321757569565,2009,21.394025779691834,114.03509638006483,27.154474488974728,8.06796136607936,29.403272562248628,86.36872352097916,1.4388888888888889,18.28671264184638,111.09842393855327,26.88185129988409,8.033723109400981,29.67615132050912,80.97433820240838,1.4030864197530863,30.55000655780707,137.23916029095065,34.64819296282663,142.39612625551993,38,90.47619047619048,2,5.428571428571429,32,82.05128205128204,4,4.923076923076923,8.424908424908438,0.5054945054945055,1
392196,2009-04-27,0,13,22,170.75,170.75,0.2,0.2,0,0,0,1,1,0.75,0.375,1.0,0.4,0.4,0.3,2,3,161.6,153.0,7.4133771625965945,7.228981446498258,153.08333333333334,159.13333333333333,165.86666666666667,15.009851817391118,14.036701008127968,2009,28.171776789104722,127.33832590675794,35.71046911333536,8.33816211173811,34.24398772274867,92.51876176607777,1.5023809523809522,24.267672526505965,117.04028851976877,28.594116982836493,8.483649769228087,31.343831151118383,100.04900817944366,1.537777777777778,34.45731633272617,131.71087955418488,34.13412295736763,143.25787811139153,62,155.0,1,9.3,69,181.57894736842107,1,10.894736842105264,-26.57894736842107,-1.594736842105263,0
392197,2009-04-27,7,5,52,164.0,164.0,0.1,0.1,1,1,1,2,0,0.4444444444444444,0.375,0.0,1.0,0.6,0.5,2,2,155.2,145.8,7.343088063238921,7.176359235003536,153.08333333333334,154.13333333333333,150.13333333333333,15.93472922917845,13.606603512192743,2009,27.764700998089992,127.41681922603372,36.82981951838707,8.15989222602679,29.443651143579267,93.42038550093403,1.4548611111111112,20.796067729482278,111.02841822177038,32.22084145132623,7.996170966791068,32.991401450824696,83.01516944460565,1.4375,31.04772004241782,128.61832896325035,25.720852795861074,140.66419916948178,47,120.51282051282051,2,7.23076923076923,61,152.5,0,9.149999999999999,31.98717948717949,1.9192307692307686,1
392198,2009-04-28,10,1,54,167.0,167.0,0.3,0.4,1,0,1,2,1,0.5454545454545454,0.5555555555555556,0.6666666666666666,0.4,0.7,0.6,2,4,169.6,162.0,7.541540454940284,7.369295210659598,156.35714285714286,159.13333333333333,162.13333333333333,14.621454247897146,14.59307510130271,2009,21.571227942114174,117.64847881370285,26.88185129988409,7.975297875343139,30.664858065286584,76.59507566982136,1.395115995115995,23.213382503016263,116.38412085014235,33.60232941884974,8.046291211465714,36.43180294899091,96.6426155066506,1.4233494363929147,34.64819296282663,142.39612625551993,30.8169487307118,147.52414757733249,42,113.51351351351352,3,6.8108108108108105,33,84.61538461538461,2,5.076923076923077,-28.898128898128903,-1.7338877338877339,1
392199,2009-04-29,12,5,22,169.6,169.6,0.1,0.1,0,0,1,0,2,0.42857142857142855,0.375,0.4,1.0,0.3,0.5,1,2,162.6,153.4,7.473946953725018,7.343088063238921,155.46666666666667,154.8,147.8,14.555910665486488,15.60537535299315,2009,26.284256113068317,119.7314026210345,34.18448773448774,7.987053176069063,39.8183043020809,99.4364168988977,1.4059660645867542,26.033208137305284,124.6409627768738,32.22084145132623,8.225620874750872,32.998298314189945,85.88566262644687,1.461904761904762,37.310471530784035,139.3538685980196,25.720852795861074,140.66419916948178,46,112.19512195121952,0,6.731707317073171,45,118.42105263157893,2,7.105263157894736,-6.225930680359411,-0.3735558408215649,1
392200,2009-04-29,9,7,22,169.6,169.6,0.2,0.1,0,1,1,2,0,0.5,0.5,0.4,0.0,0.6,0.6,2,3,136.2,157.4,7.471884685926699,7.176359235003536,155.46666666666667,156.66666666666666,152.73333333333332,13.580046857478271,15.8873131293199,2009,20.851438040289413,110.81171878141647,27.154474488974728,8.02003574732137,30.95596135132926,83.49842517240178,1.4341750841750842,27.764700998089992,127.41681922603372,36.82981951838707,8.15989222602679,29.443651143579267,93.42038550093403,1.4548611111111112,30.55000655780707,137.23916029095065,31.04772004241782,128.61832896325035,26,70.27027027027027,2,4.216216216216217,23,58.97435897435898,3,3.5384615384615383,11.295911295911296,0.6777546777546783,1
392201,2009-04-30,13,1,54,143.0,143.0,0.2,0.3,0,0,0,0,2,0.4444444444444444,0.5555555555555556,0.4,0.4,0.4,0.6,4,3,153.0,155.4,7.228981446498258,7.541540454940284,152.35294117647058,162.6,161.13333333333333,12.735950606025684,15.81775818184189,2009,19.75856888386895,105.87527733184149,28.594116982836493,8.327726089744592,33.251885775849836,100.64065783098809,1.504546114742193,29.28078804023868,131.7259574921957,33.60232941884974,8.313103639217111,39.75297478329393,108.63369792975057,1.4628019323671497,34.13412295736763,143.25787811139153,30.8169487307118,147.52414757733249,37,100.0,2,6.0,41,107.89473684210526,2,6.473684210526316,-7.89473684210526,-0.47368421052631593,0
392202,2009-04-30,0,10,54,143.0,143.0,0.2,0.4,0,0,0,0,3,0.75,0.5833333333333334,1.0,0.6666666666666666,0.4,0.7,1,3,172.2,154.0,7.4133771625965945,7.369295210659598,152.35294117647058,158.86666666666667,159.66666666666666,16.258990516012847,12.593021442886274,2009,28.171776789104722,127.33832590675794,35.71046911333536,8.33816211173811,34.24398772274867,92.51876176607777,1.5023809523809522,15.999405014025376,105.00265426737992,26.88185129988409,7.831871590142536,28.90158442695858,74.937221842485,1.3788888888888888,34.45731633272617,131.71087955418488,34.64819296282663,142.39612625551993,40,111.11111111111111,2,6.666666666666667,38,102.7027027027027,2,6.162162162162161,8.40840840840842,0.5045045045045056,1
392204,2009-05-01,9,12,22,158.0,158.0,0.0,0.2,1,0,1,3,0,0.5,0.42857142857142855,0.4,0.4,0.6,0.4,3,1,137.6,163.8,7.473946953725018,7.471884685926699,152.73684210526315,153.66666666666666,151.33333333333334,15.095515821115583,14.090584257312788,2009,21.468891515459823,118.6146645418346,25.9884434693968,8.157760079696887,30.964504179331303,86.44175269175268,1.4502886002886004,21.395189810245906,114.94760575391167,30.576790833874373,7.85760923624197,38.05019396383758,81.45807476836889,1.3927777777777777,30.55000655780707,137.23916029095065,37.310471530784035,139.3538685980196,38,102.7027027027027,2,6.162162162162161,35,94.5945945945946,0,5.675675675675675,-8.108108108108098,-0.48648648648648596,0
392203,2009-05-01,7,5,7,167.0,167.0,0.1,0.1,1,1,1,3,0,0.45454545454545453,0.3333333333333333,0.0,1.0,0.5,0.4,3,2,152.2,151.8,7.343088063238921,7.176359235003536,152.73684210526315,148.53333333333333,149.73333333333332,14.901345728469465,16.976073334346868,2009,24.004089156678937,121.66725818662108,35.121995582924654,7.424694728769229,27.868982354353896,91.08090494644223,1.2965277777777777,26.642909493522833,126.04216220072504,32.22084145132623,8.164850370136179,31.750888263106656,83.24755877847373,1.4444444444444446,31.04772004241782,128.61832896325035,25.720852795861074,140.66419916948178,26,70.27027027027027,2,4.216216216216217,40,102.56410256410255,2,6.153846153846153,32.29383229383228,1.9376299376299366,1
392206,2009-05-02,1,0,35,167.0,167.0,0.2,0.3,1,1,0,2,1,0.6,0.75,0.4,1.0,0.7,0.4,4,2,146.6,172.4,7.4133771625965945,7.541540454940284,152.14285714285714,158.26666666666668,162.53333333333333,14.432153248643976,15.122428372347937,2009,23.959308880295517,116.11359490897729,37.5759066546221,7.640035384282295,35.224494513402334,106.42722813440048,1.2882716049382712,22.998070387680258,115.53588786101275,35.71046911333536,8.045479625147907,32.60556359237424,84.81660170472291,1.4766666666666668,30.8169487307118,147.52414757733249,34.45731633272617,131.71087955418488,53,135.8974358974359,2,8.153846153846153,49,132.43243243243242,2,7.945945945945946,-3.465003465003491,-0.2079002079002077,0
392205,2009-05-02,13,10,52,171.66666666666666,171.66666666666666,0.1,0.3,0,1,1,0,2,0.4444444444444444,0.5384615384615384,0.4,0.6666666666666666,0.4,0.6,4,2,153.2,148.4,7.228981446498258,7.369295210659598,152.14285714285714,162.2,157.53333333333333,15.643933755290464,14.410874872166783,2009,24.889894748728185,119.03149516363784,28.594116982836493,8.340896906565305,31.664605382796868,101.53733977122353,1.4984444444444445,21.26896372409746,120.1996216421556,26.88185129988409,7.608795653675265,27.460597043761307,88.05501895955973,1.352469135802469,34.13412295736763,143.25787811139153,34.64819296282663,142.39612625551993,39,108.33333333333333,2,6.5,30,78.94736842105263,3,4.7368421052631575,29.3859649122807,1.7631578947368425,0
392208,2009-05-03,12,7,35,163.0,163.0,0.0,0.1,0,0,1,1,1,0.42857142857142855,0.5,0.4,0.0,0.5,0.5,2,3,157.0,157.4,7.473946953725018,7.176359235003536,152.1304347826087,150.6,148.13333333333333,15.121412193460827,15.252019011517596,2009,24.255001512085048,115.66602057350026,24.255001512085048,8.296708268597229,32.97177820209735,69.96993058757765,1.5018518518518518,28.61470170873446,126.54155224566017,35.121995582924654,7.649154661858858,27.302180051171103,97.72239581666294,1.3435185185185186,37.310471530784035,139.3538685980196,31.04772004241782,128.61832896325035,51,130.76923076923077,1,7.846153846153847,25,67.56756756756756,3,4.054054054054054,63.20166320166321,3.7920997920997923,1
392207,2009-05-03,5,9,52,164.0,164.0,0.1,0.0,1,1,1,2,1,0.3333333333333333,0.45454545454545453,1.0,0.4,0.3,0.5,1,3,146.6,145.8,7.471884685926699,7.343088063238921,152.1304347826087,149.8,151.46666666666667,15.6273513459513,15.633688885466794,2009,30.411001458865037,128.2433675246901,32.22084145132623,8.007525145264554,32.14396685092477,92.85582590219832,1.4402777777777778,24.034648010030335,125.18715686361833,25.9884434693968,8.206340581055349,31.6295951536643,92.13280238280238,1.4787037037037036,25.720852795861074,140.66419916948178,30.55000655780707,137.23916029095065,51,134.21052631578948,2,8.052631578947368,28,73.68421052631578,1,4.421052631578947,-60.5263157894737,-3.6315789473684212,0
392209,2009-05-04,13,0,7,148.0,148.0,0.2,0.0,1,0,1,2,1,0.4444444444444444,0.75,0.4,1.0,0.4,0.5,3,3,161.2,172.0,7.4133771625965945,7.228981446498258,152.04,160.66666666666666,163.8,13.378279562679616,16.378577377156077,2009,19.303244439880864,107.96896054295958,28.594116982836493,8.247554636839496,32.33780830937596,96.94375915126942,1.4707581699346406,31.701281468001206,135.08321179179808,35.71046911333536,8.070466761970836,33.61791259908218,94.798704574947,1.4844444444444445,34.13412295736763,143.25787811139153,34.45731633272617,131.71087955418488,53,139.4736842105263,0,8.368421052631579,52,136.8421052631579,3,8.210526315789474,-2.6315789473684106,-0.15789473684210442,0
392211,2009-05-05,5,1,22,156.375,156.375,0.2,0.0,1,1,1,1,0,0.3,0.5454545454545454,1.0,0.4,0.2,0.6,1,3,157.0,158.4,7.541540454940284,7.343088063238921,153.03846153846155,150.86666666666667,157.86666666666667,16.99871262294163,15.342561951129362,2009,27.0467963029901,127.82263945062128,27.97975044255429,8.213451153805838,28.006887950215546,104.14487811532175,1.4180555555555554,33.133890394459506,126.01538315984101,33.133890394459506,7.519548232029678,45.46408589440504,74.80097339307865,1.122222222222222,25.720852795861074,140.66419916948178,30.8169487307118,147.52414757733249,57,154.05405405405406,0,9.243243243243244,54,138.46153846153845,0,8.307692307692307,-15.59251559251561,-0.9355509355509373,0
392210,2009-05-05,10,9,22,156.375,156.375,0.1,0.3,1,0,0,1,2,0.5714285714285714,0.45454545454545453,0.6666666666666666,0.4,0.6,0.5,2,4,144.0,144.8,7.471884685926699,7.369295210659598,153.03846153846155,159.66666666666666,153.26666666666668,15.326924433905527,14.602670029665065,2009,23.168198377214768,123.62170693153264,26.88185129988409,7.689249490608752,27.563470583268767,89.76043849224965,1.386111111111111,20.43933517193299,112.2835730871298,25.9884434693968,8.065656450818164,32.0057273481542,80.30349095349095,1.4318686868686867,34.64819296282663,142.39612625551993,30.55000655780707,137.23916029095065,29,80.55555555555556,4,4.833333333333334,57,154.05405405405406,0,9.243243243243244,73.4984984984985,4.40990990990991,1
392212,2009-05-06,13,7,54,151.66666666666666,151.66666666666666,0.0,0.1,0,1,1,2,1,0.4,0.46153846153846156,0.4,0.0,0.4,0.4,2,2,160.0,154.2,7.228981446498258,7.176359235003536,155.14285714285714,162.13333333333333,148.93333333333334,14.851124242237734,14.343227718156584,2009,23.436468680593762,121.6995353229386,28.594116982836493,8.45277296785579,33.62447750240303,109.53147705063986,1.4663492063492065,22.964522793421487,121.24004752783385,35.038083407275955,8.194634516410266,31.383293488946652,94.9085455648036,1.476388888888889,34.13412295736763,143.25787811139153,31.04772004241782,128.61832896325035,37,94.87179487179486,2,5.692307692307692,41,110.8108108108108,2,6.648648648648649,-15.939015939015945,-0.9563409563409575,1
392213,2009-05-07,12,10,54,150.0,150.0,0.0,0.3,0,0,0,1,2,0.42857142857142855,0.6,0.4,0.75,0.5,0.6,3,3,150.0,159.6,7.473946953725018,7.369295210659598,154.79310344827587,152.13333333333333,166.86666666666667,15.886421593692859,15.458000904429364,2009,21.970258362383426,117.99003210763128,31.013408563970362,8.093706046288137,35.90766399085548,85.99821225850637,1.4411111111111112,24.274565325384998,125.11251538370743,26.88185129988409,7.427099388730502,26.796938931601012,90.36649444466784,1.3633333333333333,37.310471530784035,139.3538685980196,34.64819296282663,142.39612625551993,29,74.35897435897436,3,4.461538461538462,31,86.11111111111111,1,5.166666666666667,-11.75213675213675,-0.7051282051282053,0
392214,2009-05-07,0,9,54,150.0,150.0,0.1,0.2,0,1,1,3,0,0.75,0.45454545454545453,1.0,0.4,0.6,0.5,3,3,171.8,153.4,7.4133771625965945,7.471884685926699,154.79310344827587,163.2,155.26666666666668,16.23139624983393,14.736440665853555,2009,32.305448134667884,134.48796217842352,35.71046911333536,8.187188330181272,33.61791259908218,90.61610384234625,1.5155555555555555,22.726385612348913,120.65001504788495,25.872018348623854,8.28566810324771,31.178014184397163,90.74825174825176,1.4726262626262625,34.45731633272617,131.71087955418488,30.55000655780707,137.23916029095065,57,154.05405405405406,1,9.243243243243244,53,143.24324324324326,1,8.594594594594595,10.810810810810807,0.6486486486486491,1
392215,2009-05-08,7,1,7,163.0,163.0,0.2,0.0,1,1,1,1,1,0.42857142857142855,0.5454545454545454,0.0,0.4,0.4,0.7,2,3,149.6,151.4,7.541540454940284,7.176359235003536,154.16129032258064,147.8,157.33333333333334,15.04602920071852,16.97868491299967,2009,22.601578426719033,119.2179715045071,35.121995582924654,7.83590040771815,28.55280750959117,100.14493659088583,1.4157407407407407,33.29480196154343,133.04328403229215,37.5759066546221,7.923550454017056,39.83690307328605,109.08915324441641,1.2799999999999998,31.04772004241782,128.61832896325035,30.8169487307118,147.52414757733249,36,92.3076923076923,0,5.538461538461538,30,73.17073170731707,3,4.390243902439025,-19.136960600375232,-1.1482176360225136,0
392216,2009-05-09,9,13,8,167.0,167.0,0.0,0.1,1,1,0,2,0,0.4166666666666667,0.4,0.4,0.4,0.4,0.5,2,2,162.6,155.4,7.228981446498258,7.471884685926699,152.96875,158.06666666666666,162.2,14.37648433127948,15.438682443356303,2009,19.861695164581626,118.2732747659867,25.9884434693968,8.047945527627059,31.81016991725768,99.57669977845416,1.4555555555555555,27.834807243640686,124.24967532246374,31.266481655201165,8.22685658333414,37.24589243498818,107.83281306011787,1.4317777777777778,30.55000655780707,137.23916029095065,34.13412295736763,143.25787811139153,52,136.8421052631579,1,8.210526315789474,45,121.62162162162163,2,7.297297297297297,-15.220483641536262,-0.913229018492177,1
392217,2009-05-09,0,10,8,167.0,167.0,0.1,0.3,0,0,1,1,3,0.75,0.625,1.0,0.75,0.6,0.6,4,4,171.0,152.8,7.4133771625965945,7.369295210659598,152.96875,163.46666666666667,164.53333333333333,16.11515439377427,14.567857068250383,2009,28.55178571428571,122.6169167096555,34.169642857142854,8.251015992195736,35.99412174940898,67.16462730817571,1.4488888888888887,21.26896372409746,120.1996216421556,26.88185129988409,7.608795653675265,27.460597043761307,88.05501895955973,1.352469135802469,34.45731633272617,131.71087955418488,34.64819296282663,142.39612625551993,37,97.36842105263158,2,5.842105263157895,34,94.44444444444444,1,5.666666666666666,2.9239766081871323,0.17543859649122862,1
392218,2009-05-10,12,7,52,161.8,161.8,0.0,0.0,0,0,1,2,1,0.42857142857142855,0.4,0.4,0.0,0.4,0.4,3,1,137.4,135.4,7.473946953725018,7.176359235003536,153.02941176470588,150.53333333333333,148.66666666666666,15.551472990947929,15.455567133211352,2009,23.745417819323716,115.51205944129444,31.013408563970362,8.301486631555589,36.90481184169127,84.43144613732849,1.4839506172839505,32.962186342365904,128.30418393946397,35.121995582924654,7.4277246604569696,25.920938564916938,103.9149429313436,1.2916666666666665,37.310471530784035,139.3538685980196,31.04772004241782,128.61832896325035,39,102.63157894736842,2,6.157894736842106,46,109.52380952380953,1,6.571428571428572,-6.892230576441108,-0.41353383458646586,0
392219,2009-05-10,1,5,35,156.0,156.0,0.2,0.0,0,1,0,1,1,0.5454545454545454,0.2727272727272727,0.4,1.0,0.7,0.2,3,0,144.8,156.2,7.541540454940284,7.343088063238921,153.02941176470588,152.6,148.06666666666666,16.46267073813791,15.126031893621622,2009,33.29480196154343,133.04328403229215,37.5759066546221,7.923550454017056,39.83690307328605,109.08915324441641,1.2799999999999998,24.52664626232843,119.85187687818207,27.97975044255429,8.08151278419729,33.60746370077469,97.5625782411776,1.4499999999999997,30.8169487307118,147.52414757733249,25.720852795861074,140.66419916948178,47,123.6842105263158,0,7.421052631578948,37,92.5,3,5.550000000000001,31.184210526315795,1.871052631578947,1
392220,2009-05-11,13,10,8,154.0,154.0,0.0,0.2,0,1,1,0,3,0.4,0.5882352941176471,0.4,0.75,0.5,0.6,1,3,156.0,152.2,7.228981446498258,7.369295210659598,152.30555555555554,164.06666666666666,163.46666666666667,16.29213201610932,13.786002781908733,2009,24.88590205971464,125.02102804986082,31.852129803349317,8.344041410249028,33.540903540903535,111.37554791064517,1.4393650793650796,17.836176931286353,115.03097809405477,26.88185129988409,7.673705806351349,27.595052517641456,82.47447241909668,1.3626262626262626,34.13412295736763,143.25787811139153,34.64819296282663,142.39612625551993,42,113.51351351351352,2,6.8108108108108105,30,78.94736842105263,2,4.7368421052631575,34.566145092460886,2.073968705547653,1
392222,2009-05-12,7,9,54,148.33333333333334,148.33333333333334,0.1,0.0,1,0,1,0,3,0.4375,0.46153846153846156,0.0,0.4,0.5,0.5,2,2,143.0,172.4,7.471884685926699,7.176359235003536,152.67567567567568,148.73333333333332,161.4,16.08915994768136,14.527954000467172,2009,28.26231943908285,129.69070929504318,30.146860701385833,7.634124498413841,22.774526115403994,99.86592332350047,1.3402777777777777,19.391719541948937,110.9082095467958,25.723291954245283,8.060750823335134,32.12386997635933,86.93626453064836,1.439090909090909,31.04772004241782,128.61832896325035,30.55000655780707,137.23916029095065,51,124.39024390243902,3,7.463414634146341,42,110.5263157894737,2,6.631578947368421,-13.863928112965326,-0.8318356867779197,1
392221,2009-05-12,12,5,54,148.33333333333334,148.33333333333334,0.0,0.0,0,1,0,1,2,0.42857142857142855,0.25,0.4,1.0,0.4,0.2,3,0,139.0,143.4,7.473946953725018,7.343088063238921,152.67567567567568,151.46666666666667,144.4,14.598459378436196,14.10395737019861,2009,25.72107885348942,123.03065032342396,27.47578073286427,8.719004842600834,33.49293204825119,78.27012957895312,1.5592592592592591,25.350505031494826,122.9724726105974,26.38325085449973,8.427646173756942,40.19456264775414,86.30256389729956,1.4988888888888887,37.310471530784035,139.3538685980196,25.720852795861074,140.66419916948178,46,114.99999999999999,0,6.8999999999999995,38,105.55555555555556,2,6.333333333333334,9.444444444444429,0.5666666666666655,1
392223,2009-05-13,1,13,22,161.6,161.6,0.0,0.2,1,0,0,3,0,0.5454545454545454,0.4,0.4,0.4,0.7,0.6,4,2,140.8,159.6,7.228981446498258,7.541540454940284,152.33333333333334,150.4,161.53333333333333,15.633085727267893,13.808125873820183,2009,27.350480993733818,129.00141730047784,37.5759066546221,8.077648502969756,36.45194373114861,104.5412377118066,1.3429347826086955,20.352832351968775,111.53718729348157,31.852129803349317,8.251820501148284,31.939693652165563,101.89325562332637,1.4557581699346405,30.8169487307118,147.52414757733249,34.13412295736763,143.25787811139153,50,128.2051282051282,2,7.692307692307693,56,143.5897435897436,1,8.615384615384615,15.384615384615387,0.9230769230769216,1
392224,2009-05-14,0,12,22,162.63636363636363,162.63636363636363,0.0,0.1,1,1,1,2,1,0.75,0.42857142857142855,1.0,0.4,0.6,0.4,5,3,166.0,145.8,7.473946953725018,7.4133771625965945,152.85,162.4,149.86666666666667,13.866833969354225,15.05941944140939,2009,22.998070387680258,115.53588786101275,35.71046911333536,8.045479625147907,32.60556359237424,84.81660170472291,1.4766666666666668,21.706590323105626,121.16025228241551,31.013408563970362,8.331814465821662,38.60766399085548,86.62480946010359,1.4883333333333333,34.45731633272617,131.71087955418488,37.310471530784035,139.3538685980196,33,86.8421052631579,3,5.210526315789474,52,140.54054054054055,2,8.432432432432433,53.69843527738264,3.221906116642959,0
392225,2009-05-14,10,7,22,162.63636363636363,162.63636363636363,0.0,0.1,1,1,1,1,1,0.5555555555555556,0.47058823529411764,0.75,0.0,0.5,0.5,3,2,152.6,137.2,7.176359235003536,7.369295210659598,152.85,161.4,152.2,15.601575835715618,14.598489843362236,2009,21.29908654967203,118.42032472728208,26.88185129988409,8.176299032007021,31.871546214230374,97.48024185750856,1.4619047619047616,22.70275434495403,119.36161837504697,35.121995582924654,7.590279723935998,27.388729248557585,92.90638418439988,1.4083333333333334,34.64819296282663,142.39612625551993,31.04772004241782,128.61832896325035,26,72.22222222222221,3,4.333333333333333,42,116.66666666666667,0,7.0,44.44444444444446,2.666666666666667,1
392226,2009-05-15,9,1,37,167.0,167.0,0.1,0.1,1,1,0,2,1,0.46153846153846156,0.5833333333333334,0.4,0.4,0.5,0.8,2,4,167.2,145.8,7.541540454940284,7.471884685926699,152.0952380952381,156.73333333333332,153.06666666666666,15.722675648676637,14.257050207854995,2009,23.902072252454577,125.06498351073726,25.723291954245283,8.206340581055349,31.6295951536643,90.1615269328684,1.4787037037037036,20.985322361402023,116.99820968686404,33.60232941884974,7.954433857526271,34.22056285084978,95.61031982527902,1.4266798418972333,30.55000655780707,137.23916029095065,30.8169487307118,147.52414757733249,38,95.0,2,5.699999999999999,37,92.5,3,5.550000000000001,-2.5,-0.14999999999999858,1
392227,2009-05-16,0,7,52,161.0,161.0,0.1,0.0,0,0,1,1,2,0.6666666666666666,0.47058823529411764,1.0,0.0,0.6,0.4,4,2,159.0,136.4,7.4133771625965945,7.176359235003536,151.34883720930233,161.06666666666666,150.0,16.305140186566664,15.517399252627971,2009,31.91548750474662,130.25974716384897,35.71046911333536,8.293320448953336,34.22890307328605,90.69890325192532,1.4988888888888887,26.1637332752311,128.69076453639278,33.9056696141725,7.98887624843399,31.025513384504432,83.88615613889009,1.4370370370370373,34.45731633272617,131.71087955418488,31.04772004241782,128.61832896325035,35,94.5945945945946,2,5.675675675675675,49,128.94736842105263,2,7.7368421052631575,-34.352773826458034,-2.061166429587482,1
392228,2009-05-16,5,13,35,145.0,145.0,0.0,0.0,1,0,0,2,1,0.23076923076923078,0.4,1.0,0.4,0.2,0.5,0,2,150.2,166.0,7.228981446498258,7.343088063238921,151.34883720930233,147.33333333333334,160.13333333333333,14.929500580363161,13.690179685609047,2009,25.59329029729418,122.82286013545153,28.20101789690445,9.07582502025693,35.00811344041162,93.71256857504636,1.643055555555555,27.834807243640686,124.24967532246374,31.266481655201165,8.22685658333414,37.24589243498818,107.83281306011787,1.4317777777777778,25.720852795861074,140.66419916948178,34.13412295736763,143.25787811139153,50,135.13513513513513,0,8.108108108108109,31,83.78378378378379,1,5.027027027027027,-51.35135135135134,-3.0810810810810816,0
392229,2009-05-17,13,9,35,148.75,148.75,0.0,0.1,0,1,0,0,3,0.4,0.5,0.4,0.4,0.5,0.6,3,2,162.4,160.6,7.228981446498258,7.471884685926699,151.44444444444446,158.93333333333334,153.06666666666666,14.312554354405346,14.384658567026452,2009,22.108390014278978,115.1866578054557,31.266481655201165,8.21651937815151,33.149516105200945,99.68748383902037,1.4268055555555557,19.77331132619779,118.19182586406598,25.723291954245283,8.047945527627059,31.81016991725768,98.26251614516485,1.4555555555555555,34.13412295736763,143.25787811139153,30.55000655780707,137.23916029095065,46,127.77777777777777,2,7.666666666666666,39,97.5,3,5.85,30.27777777777777,1.8166666666666664,0
392230,2009-05-17,1,10,37,120.0,120.0,0.1,0.1,0,1,1,1,3,0.5833333333333334,0.5789473684210527,0.4,0.75,0.7,0.5,4,3,137.2,153.4,7.541540454940284,7.369295210659598,151.44444444444446,148.13333333333333,161.26666666666668,17.312882181118642,12.59124205377099,2009,30.85361231495308,136.19880856510295,33.60232941884974,8.775724367060533,41.4243439716312,103.05740721267037,1.5553623188405798,17.798676154551124,110.4972697028354,26.88185129988409,7.866905529666274,29.57697695683862,84.44967903066693,1.4035353535353536,30.8169487307118,147.52414757733249,34.64819296282663,142.39612625551993,35,92.10526315789474,2,5.526315789473684,24,61.53846153846154,2,3.6923076923076925,30.5668016194332,1.8340080971659916,1
392231,2009-05-18,5,0,54,147.75,147.75,0.1,0.0,1,0,1,0,2,0.21428571428571427,0.6666666666666666,1.0,1.0,0.1,0.7,0,4,152.6,155.8,7.4133771625965945,7.343088063238921,151.04255319148936,144.4,162.46666666666667,15.00326872673355,15.757542463725262,2009,26.76649381129847,122.83458663408655,28.20101789690445,8.362418595736887,35.73051036017243,93.69079657576992,1.48,27.451591774040544,131.77116612176977,30.65689768476393,8.187188330181272,33.61791259908218,110.65118879598808,1.5155555555555555,25.720852795861074,140.66419916948178,34.45731633272617,131.71087955418488,54,138.46153846153845,0,8.307692307692307,56,151.35135135135135,1,9.08108108108108,12.889812889812902,0.7733887733887741,1
392232,2009-05-19,1,12,35,145.8,145.8,0.0,0.0,1,1,1,3,0,0.5833333333333334,0.42857142857142855,0.4,0.4,0.7,0.5,4,3,136.4,142.6,7.473946953725018,7.541540454940284,151.8125,150.26666666666668,148.2,14.481479559774346,14.6037208118789,2009,25.127610145292685,128.87532551187365,33.5072572436382,8.303447874595394,30.189912749014404,107.1930123676111,1.4541575172009955,26.69977738280799,121.26123453658036,27.47578073286427,8.899320333942578,32.34151845790143,81.10364267423093,1.6044444444444443,30.8169487307118,147.52414757733249,37.310471530784035,139.3538685980196,27,75.0,1,4.5,37,102.77777777777777,3,6.166666666666666,27.77777777777777,1.666666666666666,0
392234,2009-05-20,0,9,22,158.69230769230768,158.69230769230768,0.2,0.1,0,1,1,4,0,0.6666666666666666,0.5333333333333333,1.0,0.4,0.6,0.6,3,3,157.8,145.2,7.4133771625965945,7.471884685926699,151.44897959183675,160.93333333333334,150.4,14.30573325549295,14.699685590991862,2009,18.98115811617882,114.0427182697434,32.53884212920837,7.948564107334454,32.09463043707179,86.24714532561423,1.4605621431708387,20.02931352691134,116.84139327765938,25.723291954245283,7.971819146421915,32.767614463993446,96.96007405445789,1.451111111111111,34.45731633272617,131.71087955418488,30.55000655780707,137.23916029095065,50,138.88888888888889,1,8.333333333333332,29,78.37837837837837,1,4.702702702702703,60.510510510510514,3.6306306306306295,1
392233,2009-05-20,10,5,22,158.69230769230768,158.69230769230768,0.1,0.1,1,0,0,2,0,0.55,0.26666666666666666,0.75,1.0,0.5,0.2,2,1,141.2,159.6,7.343088063238921,7.369295210659598,151.44897959183675,157.2,148.06666666666666,13.735636365113693,15.42431233783987,2009,19.49601557748863,115.15552544006596,26.737406855439644,7.764319860626517,30.58536856523023,89.13860002461185,1.402020202020202,24.32084206892902,119.75929462119673,28.20101789690445,8.383705157814346,36.378752485546265,88.36546660294441,1.473148148148148,34.64819296282663,142.39612625551993,25.720852795861074,140.66419916948178,29,78.37837837837837,3,4.702702702702703,46,124.32432432432432,4,7.45945945945946,45.94594594594595,2.756756756756757,0
392235,2009-05-21,7,1,54,152.22222222222223,152.22222222222223,0.0,0.0,1,0,0,1,2,0.4444444444444444,0.5384615384615384,0.0,0.4,0.4,0.6,2,3,136.8,140.0,7.541540454940284,7.176359235003536,149.76470588235293,147.2,148.93333333333334,15.36327620993662,16.91423575701477,2009,25.143634360879823,124.09914507790542,35.121995582924654,7.626795508450781,28.329824570023455,96.3157533534024,1.3460317460317461,27.350480993733818,129.00141730047784,37.5759066546221,8.077648502969756,36.45194373114861,104.5412377118066,1.3429347826086955,31.04772004241782,128.61832896325035,30.8169487307118,147.52414757733249,60,166.66666666666669,1,10.0,30,71.42857142857143,3,4.285714285714286,-95.23809523809526,-5.714285714285714,0
392236,2009-05-21,13,12,54,152.22222222222223,152.22222222222223,0.0,0.0,1,0,1,1,2,0.4,0.42857142857142855,0.4,0.4,0.4,0.6,2,3,160.2,139.6,7.473946953725018,7.228981446498258,149.76470588235293,156.2,148.73333333333332,13.642373216800381,14.602316163892032,2009,23.819855432730513,116.39235102966293,31.266481655201165,8.169978323480352,34.53381458966566,100.10675265223125,1.406031746031746,26.72696173455971,119.30060653160467,31.679076479076475,8.531679142623622,41.26421216195152,100.0895735449488,1.512037037037037,34.13412295736763,143.25787811139153,37.310471530784035,139.3538685980196,33,91.66666666666666,1,5.5,64,168.42105263157893,0,10.105263157894736,76.75438596491227,4.605263157894736,0
392237,2009-05-22,13,1,54,155.0,155.0,0.0,0.0,1,1,0,0,4,0.36363636363636365,0.5384615384615384,0.4,0.4,0.3,0.7,2,3,160.6,148.4,7.541540454940284,7.228981446498258,150.43396226415095,156.53333333333333,148.2,14.561216583847079,14.956509629350606,2009,26.226077084910525,118.14192600264015,31.266481655201165,8.105740313706736,32.25845153664302,93.02659612890095,1.4217777777777778,24.672649772207837,121.2335830549702,37.5759066546221,8.113465335973116,36.106406123594084,96.99961870679105,1.3671765968867418,34.13412295736763,143.25787811139153,30.8169487307118,147.52414757733249,49,128.94736842105263,2,7.7368421052631575,84,204.8780487804878,1,12.292682926829269,75.93068035943517,4.555840821566111,1
392238,2009-05-23,12,0,35,143.83333333333334,143.83333333333334,0.0,0.1,0,1,0,2,2,0.42857142857142855,0.6666666666666666,0.4,1.0,0.7,0.7,4,3,152.6,144.0,7.473946953725018,7.4133771625965945,150.4814814814815,149.06666666666666,158.86666666666667,14.307782090690985,14.925353354017421,2009,26.72696173455971,119.30060653160467,31.679076479076475,8.531679142623622,41.26421216195152,100.0895735449488,1.512037037037037,28.171776789104722,127.33832590675794,35.71046911333536,8.33816211173811,34.24398772274867,92.51876176607777,1.5023809523809522,37.310471530784035,139.3538685980196,34.45731633272617,131.71087955418488,59,159.45945945945945,2,9.567567567567567,52,144.44444444444443,0,8.666666666666666,15.015015015015024,0.9009009009009006,1
392239,2009-05-24,12,13,35,144.14285714285714,144.14285714285714,0.0,0.0,0,1,0,3,1,0.42857142857142855,0.4166666666666667,0.4,0.4,0.8,0.4,5,2,150.4,158.0,7.473946953725018,7.228981446498258,150.4,150.66666666666666,156.93333333333334,14.126363043651025,14.093095557865489,2009,22.99776609459819,115.41207985624281,31.679076479076475,8.258820821285305,36.424797159105665,85.43709127638687,1.4803030303030302,23.819855432730513,116.39235102966293,31.266481655201165,8.169978323480352,34.53381458966566,100.10675265223125,1.406031746031746,37.310471530784035,139.3538685980196,34.13412295736763,143.25787811139153,36,97.2972972972973,1,5.837837837837839,31,79.48717948717949,2,4.769230769230769,17.810117810117816,1.0686070686070694,0
419106,2010-03-12,13,5,9,145.5,145.5,0.0,0.1,0,1,0,2,2,0.46153846153846156,0.26666666666666666,0.4,1.0,0.5,0.2,3,2,152.0,149.0,7.228981446498258,7.343088063238921,165.27118644067798,159.73333333333332,150.33333333333334,13.944470056515843,14.294826660898174,2010,24.206895476020556,120.8770243384451,31.266481655201165,8.216777186753204,30.073497129348194,89.80376708415947,1.4187301587301586,27.857955272583297,117.45740559585958,32.38158159255807,8.668455943362494,40.26385122606962,97.64444204130996,1.5460317460317459,34.13412295736763,143.25787811139153,25.720852795861074,140.66419916948178,62,158.97435897435898,1,9.538461538461538,38,97.43589743589743,4,5.846153846153846,61.53846153846155,3.6923076923076925,0
419107,2010-03-13,7,10,5,167.0,167.0,0.0,0.1,0,1,1,1,2,0.42105263157894735,0.5238095238095238,0.0,0.75,0.3,0.5,2,1,146.6,140.4,7.176359235003536,7.369295210659598,161.0,146.46666666666667,154.26666666666668,14.772357218062963,12.85579246391804,2010,23.160559186236537,122.97157492004123,30.833596314425574,8.599572436123408,38.44409006182943,90.1896926256978,1.5369791666666668,17.38198763955343,110.5543185172326,24.974747474747474,8.324438212858624,42.11972626046499,73.7323152745947,1.4423611111111112,31.04772004241782,128.61832896325035,34.64819296282663,142.39612625551993,69,164.28571428571428,1,9.857142857142858,39,108.33333333333333,2,6.5,55.95238095238095,3.3571428571428577,1
419108,2010-03-13,9,1,41,185.28571428571428,185.28571428571428,0.1,0.0,1,0,0,3,1,0.5,0.5384615384615384,0.4,0.4,0.5,0.6,3,2,131.4,144.4,7.471884685926699,7.541540454940284,161.0,143.4,145.6,13.705379184490857,16.472976806637632,2010,20.882471583577253,111.82946646631446,27.154474488974728,8.102084791387497,30.614374030627655,83.46318363543243,1.4414141414141413,27.62638974877601,133.46545485393776,33.60232941884974,8.159531010485415,36.88879320049533,106.27699138789366,1.4490683229813666,30.55000655780707,137.23916029095065,30.8169487307118,147.52414757733249,44,112.82051282051282,3,6.769230769230769,39,102.63157894736842,2,6.157894736842106,10.188933873144393,0.611336032388663,0
419109,2010-03-14,12,5,14,139.85714285714286,139.85714285714286,0.1,0.0,0,0,0,2,2,0.42857142857142855,0.3125,0.4,1.0,0.7,0.3,4,3,144.4,156.6,7.343088063238921,7.473946953725018,171.66666666666666,151.33333333333334,151.13333333333333,13.328571341121535,14.212994840516092,2010,23.353331747769428,116.94347670254575,31.679076479076475,8.145100966994773,38.61231822091751,85.35886099577783,1.4481481481481482,28.758578585164468,115.76627801937934,32.38158159255807,8.773894343930902,40.20551036017243,101.50490939694039,1.571904761904762,37.310471530784035,139.3538685980196,25.720852795861074,140.66419916948178,61,169.44444444444443,0,10.166666666666666,24,64.86486486486487,3,3.891891891891892,-104.57957957957956,-6.274774774774774,0
419110,2010-03-14,0,13,27,169.42857142857142,169.42857142857142,0.1,0.0,0,0,1,2,2,0.6,0.46153846153846156,1.0,0.4,0.7,0.5,2,2,145.2,152.2,7.4133771625965945,7.228981446498258,171.66666666666666,161.13333333333333,158.2,14.559053620510056,15.583837781690336,2010,22.717587315913,118.01190786118637,35.71046911333536,7.842452687502211,32.27866313286919,87.92723334825263,1.4420875420875419,27.05941041824386,122.21551049261588,31.266481655201165,8.105740313706736,32.25845153664302,90.4668359656925,1.4217777777777778,34.45731633272617,131.71087955418488,34.13412295736763,143.25787811139153,34,94.44444444444444,4,5.666666666666666,57,142.5,2,8.55,-48.05555555555556,-2.8833333333333346,0
419111,2010-03-15,10,1,45,167.0,167.0,0.2,0.0,0,0,0,3,2,0.5,0.5714285714285714,0.6,0.4,0.4,0.7,1,3,154.8,148.8,7.369295210659598,7.541540454940284,168.0,153.66666666666666,148.13333333333333,13.783810242502822,15.511356374895028,2010,18.862250797448166,114.5862430892283,25.39580010632642,8.49222687613527,42.83152306742032,78.80175971903913,1.4937500000000001,29.28078804023868,131.7259574921957,33.60232941884974,8.313103639217111,39.75297478329393,108.63369792975057,1.4628019323671497,34.64819296282663,142.39612625551993,30.8169487307118,147.52414757733249,47,127.02702702702702,3,7.621621621621621,60,153.84615384615387,2,9.230769230769232,-26.81912681912685,-1.6091476091476107,0
419112,2010-03-16,12,9,23,156.14285714285714,156.14285714285714,0.0,0.1,1,0,1,1,3,0.375,0.5,0.4,0.4,0.6,0.4,3,2,145.6,126.2,7.473946953725018,7.471884685926699,163.5,148.4,145.4,15.191846836272358,14.530410298326217,2010,30.249259792072444,123.53344186642393,31.357708708270504,8.330485746902466,47.91633365157301,97.46884865191154,1.5069444444444444,24.945820848407784,121.04537588685136,27.154474488974728,8.13156183035449,30.869789920481413,89.46683949578684,1.4677777777777776,37.310471530784035,139.3538685980196,30.55000655780707,137.23916029095065,61,152.5,0,9.149999999999999,50,121.95121951219512,0,7.317073170731707,30.548780487804876,1.8329268292682919,1
419113,2010-03-16,5,0,14,139.25,139.25,0.1,0.2,1,0,1,1,2,0.3125,0.6,1.0,1.0,0.4,0.6,4,2,149.0,157.4,7.343088063238921,7.4133771625965945,163.5,150.33333333333334,162.93333333333334,14.242935461943283,15.794264987960437,2010,22.494070530433603,116.45877015661883,32.38158159255807,8.261087825426774,37.304386819566325,91.19960859550785,1.4867243867243867,32.83044813466788,130.47781020360432,35.71046911333536,8.176598880742901,34.22890307328605,79.3986973317194,1.4677777777777776,25.720852795861074,140.66419916948178,34.45731633272617,131.71087955418488,45,121.62162162162163,3,7.297297297297297,31,86.11111111111111,1,5.166666666666667,35.510510510510514,2.1306306306306304,0
419114,2010-03-17,7,1,16,165.83333333333334,165.83333333333334,0.0,0.1,0,0,0,1,3,0.42105263157894735,0.6,0.0,0.4,0.4,0.7,2,3,157.6,147.0,7.541540454940284,7.176359235003536,168.5,150.93333333333334,144.93333333333334,16.111889071697014,14.199762733085823,2010,26.05152200983621,130.4478987838837,30.833596314425574,8.492569152988155,30.31007842249331,92.67364269212067,1.4968253968253968,21.75522366589405,120.59246696675544,32.46889530446325,8.096375180054789,35.83723728315858,97.66629656892815,1.4429468599033817,31.04772004241782,128.61832896325035,30.8169487307118,147.52414757733249,56,151.35135135135135,1,9.08108108108108,67,181.08108108108107,1,10.864864864864865,29.729729729729712,1.7837837837837842,1
419115,2010-03-18,10,12,23,162.0,162.0,0.1,0.2,0,0,0,3,1,0.5,0.375,0.6,0.4,0.4,0.6,1,3,149.8,159.4,7.473946953725018,7.369295210659598,174.0,150.26666666666668,149.66666666666666,13.717505507863736,14.02795321062068,2010,15.882711323763957,112.21311153104827,26.03030303030303,8.228927192579183,40.59141547348015,77.15388973771329,1.4435185185185184,28.26816479400749,115.43500563110497,28.26816479400749,8.180285509396782,33.75960288234224,103.29137140749717,1.4944444444444445,34.64819296282663,142.39612625551993,37.310471530784035,139.3538685980196,59,147.5,0,8.850000000000001,31,79.48717948717949,1,4.769230769230769,-68.01282051282051,-4.080769230769232,0
419116,2010-03-19,0,1,16,173.28571428571428,173.28571428571428,0.1,0.2,0,0,1,2,2,0.6363636363636364,0.6,1.0,0.4,0.6,0.6,2,3,160.8,163.8,7.541540454940284,7.4133771625965945,165.8,162.86666666666667,149.53333333333333,16.572784839646296,15.817449133139103,2010,28.005199735584995,128.62891181847974,34.169642857142854,8.040877559428749,31.25986073862169,90.97510012279206,1.4304232804232804,26.122934697437522,127.18617178206392,36.537544715447154,7.761454279594991,36.45194373114861,111.75592927024816,1.2783514492753623,34.45731633272617,131.71087955418488,30.8169487307118,147.52414757733249,52,140.54054054054055,1,8.432432432432433,56,151.35135135135135,1,9.08108108108108,10.810810810810807,0.6486486486486474,1
419117,2010-03-19,9,13,2,167.0,167.0,0.1,0.2,1,1,0,4,0,0.47058823529411764,0.5,0.0,0.4,0.4,0.5,2,3,143.0,163.4,7.228981446498258,7.471884685926699,165.8,152.0,159.66666666666666,14.317701864144375,14.204170852906064,2010,22.51397200282338,116.789435979154,29.121345029239766,8.099633849035555,30.824500818398135,85.89114940723128,1.4283950617283954,21.90242560831457,115.04858303768219,31.266481655201165,8.156995940223354,29.671254432624114,87.82557074147509,1.4330555555555555,30.55000655780707,137.23916029095065,34.13412295736763,143.25787811139153,56,151.35135135135135,2,9.08108108108108,27,72.97297297297297,3,4.378378378378378,-78.37837837837839,-4.702702702702703,0
419119,2010-03-20,7,12,5,212.0,212.0,0.2,0.1,0,1,1,2,2,0.45,0.375,0.5,0.4,0.4,0.7,2,3,177.4,143.8,7.176359235003536,7.473946953725018,167.75,157.33333333333334,144.6,14.944639206049557,14.727738697807682,2010,22.24615799947794,125.09110390593261,30.833596314425574,8.373418998169768,34.52164313103943,89.35720143100558,1.4790277777777778,28.809243899231728,123.32152701230294,31.357708708270504,8.370299354921597,44.61229268957992,91.16555511200542,1.508888888888889,31.04772004241782,128.61832896325035,37.310471530784035,139.3538685980196,45,112.5,2,6.75,55,152.77777777777777,0,9.166666666666666,-40.27777777777777,-2.416666666666666,0
419118,2010-03-20,10,5,45,141.0,141.0,0.2,0.1,0,1,1,2,1,0.4782608695652174,0.3125,0.6,1.0,0.3,0.4,0,4,139.2,149.8,7.369295210659598,7.343088063238921,167.75,145.53333333333333,149.66666666666666,12.984137402261524,14.200110785528716,2010,19.210588339535708,113.39269115383068,29.085858585858585,8.290975309480066,41.16205115222939,78.50421280091636,1.452057613168724,28.00680446835331,117.73276791470018,32.38158159255807,8.733170917775439,38.737280107078284,98.59055100057684,1.5626984126984127,34.64819296282663,142.39612625551993,25.720852795861074,140.66419916948178,56,147.36842105263156,2,8.842105263157894,38,105.55555555555556,1,6.333333333333334,41.812865497076004,2.50877192982456,1
419120,2010-03-21,1,13,2,170.0,170.0,0.1,0.1,1,0,1,4,1,0.6,0.5,0.4,0.4,0.5,0.6,2,4,167.8,163.4,7.228981446498258,7.541540454940284,166.57142857142858,152.33333333333334,160.0,15.212583249962119,14.81769714362522,2010,23.97668361315488,124.41104857323316,36.442472540235606,8.186151113182241,32.38362862986854,104.44544524513805,1.3905118377450392,24.297534004159083,121.2999079670849,31.266481655201165,8.178167148143164,33.9782590341101,101.24703598001459,1.4123809523809523,30.8169487307118,147.52414757733249,34.13412295736763,143.25787811139153,47,127.02702702702702,2,7.621621621621621,48,133.33333333333331,1,8.0,6.306306306306297,0.37837837837837895,0
419122,2010-03-22,7,5,5,181.5,181.5,0.2,0.1,0,0,1,4,0,0.45,0.29411764705882354,0.5,1.0,0.4,0.4,2,3,178.6,145.8,7.176359235003536,7.343088063238921,166.86666666666667,156.4,154.13333333333333,15.612750418577049,14.243696118705266,2010,28.49594122851365,126.29246893353964,32.98709842995169,8.988921186955722,38.06859646417926,110.37068388076355,1.5347222222222223,31.574614903558956,128.03546182198875,34.314540301519465,8.089059617789623,37.72403221040189,80.99560752110892,1.4638888888888888,31.04772004241782,128.61832896325035,25.720852795861074,140.66419916948178,57,146.15384615384613,0,8.769230769230768,41,105.12820512820514,0,6.307692307692308,41.025641025640994,2.46153846153846,1
419123,2010-03-23,0,12,23,154.22222222222223,154.22222222222223,0.1,0.2,0,1,0,2,3,0.6666666666666666,0.4444444444444444,1.0,0.4,0.6,0.8,3,3,160.2,144.8,7.473946953725018,7.4133771625965945,166.125,163.26666666666668,144.73333333333332,14.405951908795883,15.265097569836158,2010,24.1943928223516,121.23761902344202,34.169642857142854,8.044786302150063,32.098144255907634,88.9624419062608,1.4907407407407405,28.363807485227362,122.80444783080215,31.679076479076475,8.415800621229176,40.83624587587353,92.76864894468488,1.511111111111111,34.45731633272617,131.71087955418488,37.310471530784035,139.3538685980196,38,100.0,1,6.0,29,72.5,1,4.35,-27.5,-1.6500000000000004,0
419124,2010-03-24,10,9,41,179.875,179.875,0.2,0.1,0,0,0,2,2,0.4782608695652174,0.4444444444444444,0.6,0.0,0.3,0.3,1,1,142.8,153.0,7.471884685926699,7.369295210659598,166.41176470588235,147.86666666666667,152.8,14.848588082052215,13.338229473565802,2010,23.19570707070707,121.59259522427487,29.085858585858585,8.507336417308585,31.88963117753011,90.21002290507825,1.5049382716049384,20.64555698302629,113.47280534288505,27.154474488974728,8.188832133557955,30.42065260054259,84.24348666573547,1.4631313131313133,34.64819296282663,142.39612625551993,30.55000655780707,137.23916029095065,76,200.0,1,12.0,53,135.8974358974359,1,8.153846153846153,-64.10256410256409,-3.8461538461538467,1
419125,2010-03-25,7,0,6,167.0,167.0,0.2,0.2,1,1,0,2,2,0.45,0.6153846153846154,0.5,1.0,0.5,0.5,3,2,180.2,171.2,7.4133771625965945,7.176359235003536,167.33333333333334,155.53333333333333,162.06666666666666,14.816366321440562,14.499079405696104,2010,26.423343113534596,122.00184387433448,32.98709842995169,8.859978379032173,37.297631354195175,98.3352751281892,1.5684523809523812,31.233531355455565,128.46153005033813,34.169642857142854,8.23426211444214,34.93709663120568,82.9555004099359,1.4944444444444445,31.04772004241782,128.61832896325035,34.45731633272617,131.71087955418488,51,127.49999999999999,2,7.6499999999999995,63,153.65853658536585,0,9.21951219512195,26.158536585365866,1.569512195121951,1
419128,2010-03-25,1,12,23,155.9,155.9,0.1,0.1,0,0,0,3,1,0.5625,0.4444444444444444,0.4,0.4,0.4,0.8,2,4,171.4,150.4,7.473946953725018,7.541540454940284,167.33333333333334,153.86666666666667,146.86666666666667,17.200046541208174,13.677774570978487,2010,30.32035443590264,138.06924871932623,36.442472540235606,8.373857991248059,31.47115660147575,113.59942348100242,1.33317230273752,22.323694400961596,114.5357418936777,31.679076479076475,8.027260181449945,36.61616592779402,84.61310717967551,1.495959595959596,30.8169487307118,147.52414757733249,37.310471530784035,139.3538685980196,46,121.05263157894737,0,7.2631578947368425,64,172.97297297297297,2,10.378378378378379,51.9203413940256,3.1152204836415365,1
419126,2010-03-26,10,13,45,154.5,154.5,0.1,0.1,0,0,1,3,1,0.5,0.5,0.6,0.4,0.3,0.6,2,4,159.2,167.0,7.369295210659598,7.228981446498258,168.75,150.8,161.53333333333333,15.957419049840237,13.016510604528555,2010,24.606060606060602,127.73828981624406,26.03030303030303,8.59290189349906,32.136382345491384,94.03651627840269,1.526388888888889,20.684693869993936,111.84959862040402,31.266481655201165,8.004946753436482,32.46704097714736,90.0636485879625,1.4250617283950617,34.64819296282663,142.39612625551993,34.13412295736763,143.25787811139153,54,150.0,0,9.0,55,141.02564102564102,2,8.461538461538462,8.974358974358978,0.5384615384615383,1
419127,2010-03-27,5,9,41,180.22222222222223,180.22222222222223,0.1,0.1,0,1,1,2,2,0.2777777777777778,0.4444444444444444,1.0,0.0,0.4,0.3,2,0,156.6,162.8,7.471884685926699,7.343088063238921,167.76190476190476,153.93333333333334,153.8,15.285112702142307,12.503287626237807,2010,27.035408001514895,124.15489319141079,31.268513194212108,9.483773212753938,49.08685480693459,87.91781765469443,1.666402116402116,22.143726021973293,118.57834426107189,27.154474488974728,8.122602404757519,32.77265091070277,96.65784611343821,1.471780303030303,25.720852795861074,140.66419916948178,30.55000655780707,137.23916029095065,42,107.6923076923077,2,6.461538461538462,50,125.0,2,7.5,17.307692307692307,1.0384615384615383,1
419129,2010-03-28,10,0,45,152.33333333333334,152.33333333333334,0.1,0.2,0,1,1,3,2,0.5,0.6153846153846154,0.6,1.0,0.4,0.4,3,2,146.4,178.0,7.369295210659598,7.4133771625965945,168.45454545454547,151.13333333333333,163.06666666666666,14.920952140876256,14.633319449225212,2010,21.569865319865315,119.82415110705948,29.085858585858585,8.688003767440318,43.44236281400558,88.19292532296221,1.5195473251028804,27.306814175076518,127.13433450502632,35.71046911333536,8.03059683964797,31.42272758482826,89.18119585384736,1.4554951690821254,34.64819296282663,142.39612625551993,34.45731633272617,131.71087955418488,58,152.63157894736844,1,9.157894736842106,58,161.11111111111111,1,9.666666666666668,-8.479532163742675,-0.5087719298245617,1
419130,2010-03-28,13,7,9,148.6,148.6,0.1,0.2,0,1,0,3,1,0.4666666666666667,0.47619047619047616,0.4,0.5,0.6,0.6,3,4,168.0,183.2,7.228981446498258,7.176359235003536,168.45454545454547,162.0,155.06666666666666,13.611054919581582,14.722423263449285,2010,22.573005558305624,117.33898675432218,31.266481655201165,8.448726506039764,33.87525282374573,98.78114526752815,1.4985185185185186,25.464892189713673,124.38572765904041,32.98709842995169,8.620859106630459,35.535505368997086,100.00665141321741,1.543364197530864,34.13412295736763,143.25787811139153,31.04772004241782,128.61832896325035,50,131.57894736842107,4,7.894736842105264,52,130.0,1,7.800000000000001,1.578947368421069,0.09473684210526301,0
419131,2010-03-29,5,1,16,174.75,174.75,0.1,0.1,0,0,1,1,2,0.3157894736842105,0.5882352941176471,1.0,0.4,0.5,0.5,2,2,161.0,179.6,7.541540454940284,7.343088063238921,168.95833333333334,153.66666666666666,155.2,15.019149882335427,15.215274484136897,2010,24.470551176351673,121.61222000454411,31.268513194212108,8.845677014547162,42.7449644095468,90.26169347881954,1.574072039072039,32.97686060874214,134.58940377435567,40.67657332128877,8.097144043257515,30.85297478329393,95.36762102824696,1.285950080515298,25.720852795861074,140.66419916948178,30.8169487307118,147.52414757733249,62,158.97435897435898,3,9.538461538461538,36,94.73684210526315,3,5.684210526315789,-64.23751686909583,-3.854251012145749,0
419132,2010-03-30,7,9,5,172.66666666666666,172.66666666666666,0.2,0.1,0,1,0,1,3,0.5,0.4444444444444444,0.5,0.0,0.6,0.3,4,0,175.2,176.2,7.176359235003536,7.471884685926699,169.28,158.6,156.73333333333332,15.814341426324765,13.96303732200244,2010,26.163628713427883,128.3111365988766,32.98709842995169,8.573466494959266,34.164943540121726,105.65412786151461,1.5168402777777779,21.944977671033936,119.71163264805368,31.496558704453445,8.113593423832887,33.23055618180981,98.94672341710056,1.4532139577594123,31.04772004241782,128.61832896325035,30.55000655780707,137.23916029095065,45,118.42105263157893,1,7.105263157894736,48,129.72972972972974,2,7.783783783783784,-11.30867709815081,-0.6785206258890479,1
419133,2010-03-31,0,12,27,172.0,172.0,0.2,0.1,0,0,1,2,4,0.5714285714285714,0.4444444444444444,1.0,0.4,0.4,0.7,2,4,175.4,160.0,7.4133771625965945,7.473946953725018,169.03846153846155,163.93333333333334,149.4,15.332402302820523,15.478555638469572,2010,31.4212067788899,132.38507473298907,35.71046911333536,8.14698126614205,33.24761530616975,88.43802304322504,1.4898148148148147,30.748316051857824,126.10350281354901,34.18448773448774,8.63433349310406,51.468031958191524,97.50253929210022,1.5547117314358694,34.45731633272617,131.71087955418488,37.310471530784035,139.3538685980196,56,155.55555555555557,0,9.333333333333334,52,133.33333333333331,1,8.0,22.222222222222257,1.333333333333334,1
419134,2010-03-31,10,1,16,175.0,175.0,0.1,0.1,0,0,1,3,3,0.5,0.5882352941176471,0.6,0.4,0.5,0.5,4,2,153.6,186.8,7.541540454940284,7.369295210659598,169.03846153846155,152.0,156.73333333333332,13.873172611883353,15.745256275129078,2010,19.07271277366971,112.92065137522572,29.085858585858585,8.4427825334106,40.599155638155224,83.65279748646404,1.4503367003367005,31.780166236064698,132.93377466373343,40.67657332128877,8.13949732583167,29.860991372693498,95.66744563219267,1.3030365769496206,34.64819296282663,142.39612625551993,30.8169487307118,147.52414757733249,52,136.8421052631579,3,8.210526315789474,39,105.40540540540539,4,6.324324324324324,-31.4366998577525,-1.8862019914651507,0
419135,2010-04-01,13,5,14,142.0,142.0,0.1,0.1,0,0,1,2,3,0.4666666666666667,0.3,0.4,1.0,0.5,0.5,3,1,170.2,169.4,7.343088063238921,7.228981446498258,169.42857142857142,161.6,156.2,14.217036494882556,14.890094675264695,2010,26.559410418243857,123.60289885331885,31.266481655201165,8.105740313706736,32.25845153664302,93.4679140702189,1.4217777777777778,26.30393254059493,120.69524068420306,31.268513194212108,8.693998844119863,45.800002037988094,93.93875638073284,1.553968253968254,34.13412295736763,143.25787811139153,25.720852795861074,140.66419916948178,46,124.32432432432432,2,7.45945945945946,59,155.26315789473685,1,9.31578947368421,30.938833570412527,1.856330014224751,0
419136,2010-04-02,12,9,41,180.5,180.5,0.1,0.1,0,0,1,2,3,0.4,0.42105263157894735,0.4,0.0,0.6,0.2,3,0,151.6,180.4,7.471884685926699,7.473946953725018,169.82758620689654,150.2,159.66666666666666,15.606066565060354,14.291576391566428,2010,30.748316051857824,126.10350281354901,34.18448773448774,8.63433349310406,51.468031958191524,97.50253929210022,1.5547117314358694,24.517241042380782,123.39823670695728,30.50191038641063,8.08041554147128,32.96929692057352,102.41222418710255,1.4785714285714284,37.310471530784035,139.3538685980196,30.55000655780707,137.23916029095065,41,113.88888888888889,1,6.833333333333333,51,137.83783783783784,1,8.27027027027027,23.948948948948953,1.4369369369369371,1
419138,2010-04-03,13,7,5,170.25,170.25,0.2,0.1,1,0,1,3,2,0.4375,0.5,0.4,0.5,0.5,0.6,2,4,168.4,164.2,7.176359235003536,7.228981446498258,170.2,164.0,159.6,12.60516343718932,15.987188007252309,2010,19.566703203339628,108.91085814182912,31.266481655201165,8.04490099898601,30.025455381570907,81.25401468520916,1.4247777777777777,29.501350630249522,128.61534477052126,32.98709842995169,8.640178184481668,28.052146942384514,110.48362665869304,1.5203703703703706,34.13412295736763,143.25787811139153,31.04772004241782,128.61832896325035,53,135.8974358974359,0,8.153846153846153,40,111.11111111111111,2,6.666666666666667,-24.786324786324798,-1.4871794871794863,0
419137,2010-04-03,10,0,27,170.77777777777777,170.77777777777777,0.2,0.2,1,0,1,4,2,0.48,0.5714285714285714,0.6,1.0,0.4,0.4,4,2,172.8,174.8,7.4133771625965945,7.369295210659598,170.2,155.13333333333333,163.8,15.22711582861529,15.461962691551504,2010,23.193465264893835,124.05502739310386,29.294853294853294,8.561983842149933,45.67800086423714,92.99150733273567,1.4976190476190474,31.4212067788899,132.38507473298907,35.71046911333536,8.14698126614205,33.24761530616975,88.43802304322504,1.4898148148148147,34.64819296282663,142.39612625551993,34.45731633272617,131.71087955418488,66,183.33333333333331,1,11.0,62,167.56756756756758,0,10.054054054054054,-15.765765765765735,-0.9459459459459456,0
419139,2010-04-04,5,9,14,145.9,145.9,0.1,0.1,1,1,1,3,2,0.3,0.42105263157894735,1.0,0.0,0.6,0.2,2,0,172.8,176.0,7.343088063238921,7.471884685926699,172.8125,158.4,162.06666666666666,15.074476643507685,13.898601587194754,2010,28.428371954759047,124.40373926485145,31.268513194212108,8.780527855304726,52.625,94.90245070434989,1.5663492063492064,24.883224493939494,122.03705838614601,25.9884434693968,8.25260751711934,31.12348552009456,88.92561933680355,1.484722222222222,25.720852795861074,140.66419916948178,30.55000655780707,137.23916029095065,53,135.8974358974359,0,8.153846153846153,69,186.48648648648648,1,11.18918918918919,-50.58905058905057,-3.035343035343036,0
419140,2010-04-04,1,12,16,176.3,176.3,0.2,0.1,1,1,1,4,1,0.5882352941176471,0.45454545454545453,0.4,0.4,0.6,0.6,3,3,180.8,169.4,7.541540454940284,7.473946953725018,172.8125,161.53333333333333,155.26666666666668,15.142597311793018,15.104742983882481,2010,30.73526827688102,130.65943838054756,40.67657332128877,7.91656932552191,31.006631446905004,95.18689861029226,1.2681159420289856,24.019293052488784,119.57774497609634,33.84018759018759,8.628601533159063,44.89476507535018,90.594790695523,1.5530750858337066,30.8169487307118,147.52414757733249,37.310471530784035,139.3538685980196,54,145.94594594594594,2,8.756756756756756,38,102.7027027027027,1,6.162162162162161,43.24324324324324,2.5945945945945947,1
419141,2010-04-05,10,13,55,167.0,167.0,0.1,0.3,1,1,1,4,1,0.46153846153846156,0.4117647058823529,0.5,0.4,0.4,0.5,3,1,188.4,170.0,7.228981446498258,7.369295210659598,173.94117647058823,157.46666666666667,164.66666666666666,14.490650081505288,13.448764577128637,2010,19.018829787968542,117.71447495981373,29.294853294853294,8.32050769190133,38.717792043961545,88.40168595974036,1.443388429752066,21.074592535905115,111.90054911056896,31.852129803349317,8.123477849351639,30.14138479723586,94.48819878945983,1.4507936507936507,34.64819296282663,142.39612625551993,34.13412295736763,143.25787811139153,52,126.82926829268293,2,7.609756097560975,48,129.72972972972974,2,7.783783783783784,2.9004614370468147,0.17402768622280895,1
419142,2010-04-06,7,0,27,178.3,178.3,0.2,0.2,1,0,1,3,2,0.5,0.5714285714285714,0.5,1.0,0.7,0.5,5,2,169.6,187.0,7.4133771625965945,7.176359235003536,173.5142857142857,161.53333333333333,168.33333333333334,15.274659576807712,14.998431303049935,2010,26.518402970742308,125.79330873929021,35.0270984299517,8.612364356188406,36.273621498764044,111.77521704112647,1.5362500000000001,33.69524524042836,129.1719551531277,37.39941905228529,8.235424698452105,33.756774034672965,80.43217683288364,1.4759259259259256,31.04772004241782,128.61832896325035,34.45731633272617,131.71087955418488,42,110.5263157894737,1,6.631578947368421,46,121.05263157894737,0,7.2631578947368425,10.52631578947367,0.6315789473684212,0
419143,2010-04-07,10,9,47,158.42857142857142,158.42857142857142,0.3,0.2,1,0,1,3,2,0.48148148148148145,0.45,0.5,0.5,0.5,0.2,3,1,183.6,182.0,7.369295210659598,7.471884685926699,173.27777777777777,161.06666666666666,165.2,16.581480805153326,15.22191456273297,2010,26.03030303030303,135.05760414805567,26.03030303030303,8.123869191332082,32.38313351345266,94.16171519112697,1.4796296296296294,23.911551836509634,123.66084274927553,29.121345029239766,8.14508702419879,30.861938420697903,94.96087641646852,1.4520833333333334,34.64819296282663,142.39612625551993,30.55000655780707,137.23916029095065,70,175.0,0,10.5,52,133.33333333333331,1,8.0,41.666666666666686,2.5,1
419144,2010-04-07,1,5,14,150.8181818181818,150.8181818181818,0.1,0.2,0,0,1,3,1,0.5882352941176471,0.3,0.4,1.0,0.6,0.5,4,2,180.6,179.2,7.343088063238921,7.541540454940284,173.27777777777777,165.6,161.53333333333333,14.62214269702121,16.296316507257398,2010,25.733998138644303,126.98718304889897,40.67657332128877,7.7396646705203995,28.984782498146398,99.76625112145021,1.28768115942029,28.47018943646871,126.12802513083848,31.338208997061553,8.68458102756503,46.77922576832151,95.21255707554636,1.5663492063492064,30.8169487307118,147.52414757733249,25.720852795861074,140.66419916948178,50,125.0,0,7.5,44,118.91891891891892,1,7.135135135135135,-6.081081081081081,-0.3648648648648649,0
419145,2010-04-08,13,12,23,158.36363636363637,158.36363636363637,0.1,0.1,0,1,0,2,3,0.4117647058823529,0.4166666666666667,0.4,0.4,0.4,0.5,0,2,167.6,176.0,7.473946953725018,7.228981446498258,172.94736842105263,164.2,157.06666666666666,13.78982125072995,15.377819579375037,2010,26.333792501892628,126.36560997466415,31.11187639204327,7.999786945383891,32.47403221040189,96.8948327009883,1.3980555555555556,28.825505799099094,123.01928031955322,31.679076479076475,9.163687307982698,48.63679889850102,93.9418566893212,1.6560090702947845,34.13412295736763,143.25787811139153,37.310471530784035,139.3538685980196,46,109.52380952380953,1,6.571428571428572,32,86.48648648648648,1,5.1891891891891895,-23.03732303732305,-1.3822393822393826,1
419146,2010-04-09,7,9,41,180.54545454545453,180.54545454545453,0.2,0.2,0,1,1,2,3,0.4782608695652174,0.42857142857142855,0.5,0.5,0.7,0.1,4,1,171.6,176.0,7.471884685926699,7.176359235003536,173.23076923076923,162.86666666666667,161.33333333333334,14.878107519453025,14.695011918045775,2010,25.57834973205553,119.6904170913302,36.82981951838707,8.430167566584313,36.04444138053001,97.87811936755818,1.4995833333333333,24.915860903934394,123.88141286207943,25.9884434693968,8.04473397808396,31.74632830969267,91.18856837606839,1.4597222222222221,31.04772004241782,128.61832896325035,30.55000655780707,137.23916029095065,56,155.55555555555557,1,9.333333333333334,51,141.66666666666669,2,8.5,-13.888888888888886,-0.8333333333333339,0
419147,2010-04-10,13,0,55,159.0,159.0,0.1,0.2,0,0,1,3,2,0.4444444444444444,0.5714285714285714,0.4,1.0,0.4,0.5,1,3,174.8,185.8,7.228981446498258,7.4133771625965945,172.75,164.93333333333334,167.0,16.32973759789602,15.472765043392336,2010,26.852234492317933,127.838688584329,31.852129803349317,8.177208371387902,32.32537961447536,103.35835903015537,1.4517777777777778,28.34016675200926,126.52402384134591,37.39941905228529,7.828581924108822,30.331730938565524,83.99446709493829,1.4369833601717659,34.13412295736763,143.25787811139153,34.45731633272617,131.71087955418488,37,94.87179487179486,2,5.692307692307692,55,144.73684210526315,1,8.68421052631579,-49.86504723346829,-2.9919028340080978,1
419148,2010-04-10,5,12,23,160.5,160.5,0.1,0.1,0,0,0,3,2,0.3,0.4166666666666667,1.0,0.4,0.5,0.5,3,1,184.4,178.6,7.473946953725018,7.343088063238921,172.75,163.33333333333334,157.8,10.72235313916112,14.294744077471126,2010,21.945415135666046,112.15663134224332,31.338208997061553,8.416552355888184,40.18119600137069,91.06503134605516,1.5256132756132756,25.391898594929206,120.31246194205828,27.47578073286427,10.460076243209619,32.34151845790143,80.58221410280234,1.8455555555555556,25.720852795861074,140.66419916948178,37.310471530784035,139.3538685980196,48,129.72972972972974,1,7.783783783783784,61,156.4102564102564,1,9.384615384615385,26.68052668052667,1.6008316008316008,0
419149,2010-04-11,1,9,16,177.0,177.0,0.2,0.2,1,1,1,2,3,0.5555555555555556,0.42857142857142855,0.4,0.5,0.6,0.2,4,2,182.6,170.2,7.541540454940284,7.471884685926699,171.61904761904762,166.13333333333333,159.26666666666668,14.941710091029456,16.501852132460872,2010,23.773752516612664,120.20208285998464,40.67657332128877,7.507121738073978,28.52561702232863,93.59840223949233,1.2605182257356171,24.915860903934394,123.88141286207943,25.9884434693968,8.04473397808396,31.74632830969267,91.18856837606839,1.4597222222222221,30.8169487307118,147.52414757733249,30.55000655780707,137.23916029095065,45,115.38461538461537,3,6.9230769230769225,39,108.33333333333333,0,6.5,7.051282051282044,0.42307692307692246,0
419150,2010-04-11,10,7,47,157.75,157.75,0.2,0.2,1,1,0,2,2,0.48148148148148145,0.4583333333333333,0.5,0.5,0.6,0.7,3,3,184.6,166.4,7.369295210659598,7.176359235003536,171.61904761904762,161.93333333333334,165.4,14.53717501969484,14.94609116326033,2010,23.58313291646625,124.19142732971444,30.083742183742185,8.60517856128948,41.549126099029735,94.20003273796436,1.513112607557052,29.130017383140807,128.61378325316593,35.038083407275955,8.543023466489256,38.718105225794865,106.88305979229406,1.483531746031746,34.64819296282663,142.39612625551993,31.04772004241782,128.61832896325035,34,91.8918918918919,3,5.513513513513514,47,120.51282051282051,3,7.23076923076923,-28.62092862092861,-1.717255717255716,0
419151,2010-04-12,12,13,55,148.5,148.5,0.1,0.1,1,1,0,3,3,0.4166666666666667,0.4444444444444444,0.4,0.4,0.6,0.5,2,2,174.0,168.0,7.228981446498258,7.473946953725018,170.29545454545453,159.86666666666667,163.46666666666667,14.482139719129096,14.175009795153807,2010,23.501799939541126,115.98917828335624,31.679076479076475,8.52689437317718,41.143790578556974,87.37376319033152,1.5861471861471863,24.15806607278045,120.86881126202842,31.266481655201165,8.00911885487122,30.90056146572104,90.87725967923522,1.3792592592592594,37.310471530784035,139.3538685980196,34.13412295736763,143.25787811139153,35,94.5945945945946,3,5.675675675675675,38,100.0,1,6.0,5.4054054054054035,0.32432432432432456,0
419152,2010-04-13,7,1,5,171.8,171.8,0.1,0.2,0,1,1,2,3,0.48,0.5555555555555556,0.5,0.4,0.7,0.5,3,3,166.8,168.2,7.176359235003536,7.541540454940284,169.86666666666667,166.53333333333333,165.53333333333333,15.826539915463995,14.604159155612669,2010,32.1104726122592,127.81049272668113,35.038083407275955,8.439828644890053,32.579706290471776,115.35114662407459,1.4855555555555555,28.609865920231382,123.25660077607313,44.08022764227642,8.075706592178019,29.607416224604183,93.51631854445513,1.3326086956521739,31.04772004241782,128.61832896325035,30.8169487307118,147.52414757733249,44,110.00000000000001,1,6.6000000000000005,69,186.48648648648648,1,11.18918918918919,-76.48648648648647,-4.589189189189189,1
419153,2010-04-13,5,0,27,177.0909090909091,177.0909090909091,0.2,0.1,1,1,1,1,3,0.2857142857142857,0.5333333333333333,1.0,1.0,0.4,0.5,2,3,179.8,177.4,7.4133771625965945,7.343088063238921,169.86666666666667,165.8,166.86666666666667,15.33618824644034,15.50562320078612,2010,31.79189901447551,121.78920439414999,51.608649248633874,8.513944496839196,42.505834963723814,90.93106109002284,1.5326190476190475,33.16269841269841,132.01401532039515,33.16269841269841,7.941295609906086,36.117419227738374,72.89545221803287,1.4351851851851851,25.720852795861074,140.66419916948178,34.45731633272617,131.71087955418488,67,171.7948717948718,1,10.307692307692307,22,59.45945945945946,4,3.5675675675675675,-112.33541233541234,-6.740124740124739,0
419154,2010-04-14,10,12,47,159.55555555555554,159.55555555555554,0.2,0.0,1,1,1,3,2,0.48148148148148145,0.38461538461538464,0.5,0.4,0.6,0.5,2,2,184.0,172.0,7.369295210659598,7.473946953725018,169.48936170212767,162.46666666666667,161.0,14.771608829493658,14.947392630971025,2010,24.59822716965574,127.02546735776347,30.083742183742185,8.296677719700956,45.67800086423714,94.33113521857442,1.4605820105820104,29.969383350119497,124.01369940899956,34.18448773448774,8.599298074028248,40.800064204623474,95.25435100254609,1.5424740010946907,34.64819296282663,142.39612625551993,37.310471530784035,139.3538685980196,30,81.08108108108108,3,4.864864864864865,59,163.88888888888889,2,9.833333333333332,-82.8078078078078,-4.968468468468467,0
419155,2010-04-15,0,1,27,173.91666666666666,173.91666666666666,0.1,0.2,0,1,1,3,2,0.5333333333333333,0.5263157894736842,1.0,0.4,0.6,0.4,4,2,169.8,169.4,7.4133771625965945,7.541540454940284,168.66666666666666,167.53333333333333,167.73333333333332,15.603383417920634,16.300039514612095,2010,26.48520851836678,123.13427720648515,37.39941905228529,7.956307671935056,30.823464965452,90.14777125980552,1.4794444444444443,29.04656852804356,129.68812944295277,33.133890394459506,7.891511341384091,39.75297478329393,92.65606445211709,1.2655797101449275,34.45731633272617,131.71087955418488,30.8169487307118,147.52414757733249,39,102.63157894736842,3,6.157894736842106,33,89.1891891891892,3,5.351351351351351,13.442389758179232,0.8065433854907553,0
419156,2010-04-16,9,13,18,167.0,167.0,0.2,0.0,0,0,0,4,1,0.45454545454545453,0.4444444444444444,0.5,0.4,0.3,0.5,3,3,159.8,162.0,7.471884685926699,7.228981446498258,167.51020408163265,155.46666666666667,164.6,15.665364956916298,15.859681227384073,2010,27.59115026160905,125.71122328806011,30.602787579393084,8.141697939866793,31.676288416075653,95.77156862745099,1.4711111111111113,26.73001227009571,129.12473397593695,31.60768535890487,8.024787397791092,30.31976630886205,102.33580231857427,1.4306666666666668,30.55000655780707,137.23916029095065,34.13412295736763,143.25787811139153,43,113.1578947368421,1,6.789473684210526,45,115.38461538461537,1,6.9230769230769225,-2.226720647773277,-0.1336032388663968,0
419158,2010-04-17,10,5,14,153.33333333333334,153.33333333333334,0.1,0.2,0,1,1,3,1,0.48148148148148145,0.2727272727272727,0.5,1.0,0.6,0.3,2,2,172.4,172.2,7.343088063238921,7.369295210659598,167.64,161.46666666666667,163.53333333333333,13.828462159493533,14.678597467731787,2010,20.068012876294425,113.20161769272404,30.083742183742185,8.30280452711877,34.37515815849248,85.98944929270542,1.4119907407407406,28.21897247335779,121.8735255068376,30.4030744089215,8.186132079409042,35.43417553191489,86.85119693608803,1.488888888888889,34.64819296282663,142.39612625551993,25.720852795861074,140.66419916948178,42,105.0,2,6.300000000000001,46,127.77777777777777,0,7.666666666666666,22.77777777777777,1.3666666666666654,0
419157,2010-04-17,12,7,23,160.46153846153845,160.46153846153845,0.0,0.0,1,1,0,3,2,0.42857142857142855,0.48,0.4,0.5,0.5,0.7,2,3,161.8,170.8,7.473946953725018,7.176359235003536,167.64,158.33333333333334,170.8,13.780116597685405,14.660871272865586,2010,24.229722017463203,116.62199043118575,34.18448773448774,8.280577993378346,37.118210098431035,88.2089868442019,1.5280390107976316,27.96302204867754,121.40048802584356,34.676317402860946,8.463062674721803,35.648548583273374,96.48107792402925,1.5018518518518518,37.310471530784035,139.3538685980196,31.04772004241782,128.61832896325035,34,94.44444444444444,2,5.666666666666666,34,89.47368421052632,1,5.368421052631579,4.970760233918128,0.2982456140350873,0
419159,2010-04-18,0,9,18,174.0,174.0,0.1,0.1,1,1,0,5,0,0.5333333333333333,0.45454545454545453,1.0,0.5,0.5,0.3,3,3,160.0,158.4,7.471884685926699,7.4133771625965945,167.40384615384616,165.2,159.13333333333333,16.26013095926217,15.430405346640724,2010,31.4212067788899,132.38507473298907,35.71046911333536,8.14698126614205,33.24761530616975,88.43802304322504,1.4898148148148147,27.59115026160905,125.71122328806011,30.602787579393084,8.141697939866793,31.676288416075653,95.77156862745099,1.4711111111111113,34.45731633272617,131.71087955418488,30.55000655780707,137.23916029095065,49,128.94736842105263,1,7.7368421052631575,49,128.94736842105263,2,7.7368421052631575,-0.0,-0.0,1
419160,2010-04-18,13,1,16,171.5,171.5,0.1,0.0,0,1,1,2,4,0.47368421052631576,0.55,0.4,0.4,0.5,0.5,4,2,161.2,154.2,7.541540454940284,7.228981446498258,167.40384615384616,164.86666666666667,166.26666666666668,15.85302597207663,15.129429110783535,2010,22.243937774000354,121.71341349565134,31.60768535890487,7.82372769310008,28.474436252361784,91.56114661072557,1.3957142857142857,26.98382346314015,118.36853351483167,40.67657332128877,7.677613959002918,34.08327912370442,83.90196278974848,1.2813741277509392,34.13412295736763,143.25787811139153,30.8169487307118,147.52414757733249,39,108.33333333333333,3,6.5,38,105.55555555555556,2,6.333333333333334,-2.7777777777777715,-0.16666666666666607,1
419161,2010-04-19,7,5,14,151.69230769230768,151.69230769230768,0.1,0.1,0,1,1,5,0,0.5,0.2727272727272727,0.5,1.0,0.8,0.4,3,2,173.4,162.4,7.343088063238921,7.176359235003536,167.44444444444446,173.86666666666667,161.66666666666666,14.282428839272876,14.278154610394406,2010,25.424641026396483,121.24550530349887,35.514457199546484,8.436760259395063,36.90037727647769,101.00951777210429,1.5192901234567902,26.38325085449973,120.46136739447392,26.38325085449973,8.489137713755381,43.007042947202514,89.71731840152695,1.5203703703703704,31.04772004241782,128.61832896325035,25.720852795861074,140.66419916948178,44,115.78947368421053,0,6.947368421052632,42,113.51351351351352,2,6.8108108108108105,-2.2759601706970187,-0.13655761024182134,0
419162,2010-04-21,12,7,9,152.5,152.5,0.1,0.1,0,0,1,3,3,0.42857142857142855,0.48148148148148145,0.4,0.5,0.4,0.7,2,3,163.2,167.0,7.473946953725018,7.176359235003536,166.8181818181818,161.33333333333334,172.93333333333334,13.651535071851836,15.482161236805467,2010,23.345424496802046,115.30526562525789,34.18448773448774,8.14403128777663,36.59314122790762,86.19491758013264,1.5159177986764194,30.434048660771225,126.08720551494623,36.82981951838707,8.446322337991598,30.969631477321116,109.72939641306678,1.4674603174603174,37.310471530784035,139.3538685980196,31.04772004241782,128.61832896325035,44,122.22222222222223,1,7.333333333333334,54,135.0,2,8.100000000000001,-12.777777777777771,-0.7666666666666675,0
419163,2010-04-22,0,13,9,157.0,157.0,0.2,0.0,0,1,1,2,4,0.5625,0.5,1.0,0.4,0.5,0.5,3,5,149.2,158.4,7.4133771625965945,7.228981446498258,167.125,165.46666666666667,164.33333333333334,16.364624999487162,13.314005121080715,2010,27.370340568038394,129.1025573834517,35.71046911333536,8.057849647097983,32.68442544579082,90.41780299670451,1.4958333333333331,19.390040190340255,107.28225146636098,31.266481655201165,7.889124094655243,29.653405244035973,86.59622463260752,1.403456790123457,34.45731633272617,131.71087955418488,34.13412295736763,143.25787811139153,39,100.0,3,6.0,23,63.888888888888886,2,3.833333333333333,36.111111111111114,2.166666666666667,1
419164,2010-04-24,13,12,9,155.125,155.125,0.1,0.0,1,1,1,4,3,0.47619047619047616,0.42857142857142855,0.4,0.4,0.5,0.3,4,2,150.0,163.2,7.473946953725018,7.228981446498258,166.68421052631578,164.26666666666668,164.06666666666666,14.04184068040228,14.933221062404227,2010,19.93138384143947,110.58996909907643,31.852129803349317,8.023842093414167,32.940799837074564,99.04622524408948,1.4395833333333332,30.417809718371515,119.82180775077806,30.417809718371515,7.87574589515341,32.88735430251388,99.20408899010742,1.4139208173690931,34.13412295736763,143.25787811139153,37.310471530784035,139.3538685980196,33,89.1891891891892,0,5.351351351351351,27,71.05263157894737,3,4.2631578947368425,-18.136557610241823,-1.0881934566145084,0
419165,2010-04-25,0,7,9,147.0,147.0,0.2,0.1,0,1,1,3,3,0.5625,0.5,1.0,0.5,0.6,0.7,3,4,144.6,173.0,7.4133771625965945,7.176359235003536,165.22413793103448,167.2,174.2,16.31316607789036,14.577539818274431,2010,29.36103438190563,130.66634724268846,35.71046911333536,8.201634483407203,32.983117239803725,91.08973403705006,1.4936507936507937,23.938624782902778,119.55965325680114,36.82981951838707,8.00987047019547,28.242956216405773,98.45403610352592,1.4550505050505051,34.45731633272617,131.71087955418488,31.04772004241782,128.61832896325035,40,108.10810810810811,0,6.486486486486487,33,86.8421052631579,1,5.210526315789474,21.266002844950208,1.2759601706970125,1
501198,2011-04-08,5,0,27,169.15384615384616,169.15384615384616,0.2,0.1,1,0,1,1,4,0.2727272727272727,0.5625,1.0,1.0,0.5,0.7,3,4,149.0,150.6,7.4133771625965945,7.343088063238921,153.70833333333334,158.0,168.66666666666666,14.91186461505297,15.174038289881521,2011,30.43998476447641,118.96150582847577,49.50931537598205,8.31377640161827,37.25854884870842,92.5952948732785,1.5134038800705467,25.780829794762912,126.15356145166903,31.53189768476393,7.977641220561282,33.80659383256849,110.97651904543075,1.4666666666666666,25.720852795861074,140.66419916948178,34.45731633272617,131.71087955418488,45,121.62162162162163,1,7.297297297297297,52,136.8421052631579,0,8.210526315789474,15.220483641536262,0.913229018492177,0
501199,2011-04-09,13,10,43,173.42857142857142,173.42857142857142,0.0,0.2,1,0,0,1,5,0.45454545454545453,0.4642857142857143,0.4,0.5,0.5,0.5,3,2,138.8,149.6,7.228981446498258,7.369295210659598,153.0,159.0,160.26666666666668,12.145258109149548,12.706537252485944,2011,19.7424984623296,107.40012401748513,33.70421565365277,9.264669738117593,29.58874221890985,82.73432802147973,1.7049999999999996,23.876517791151937,117.7218711593704,23.876517791151937,8.84296760532211,31.837419227738376,108.58047058047059,1.5648148148148149,34.13412295736763,143.25787811139153,34.64819296282663,142.39612625551993,44,122.22222222222223,2,7.333333333333334,31,81.57894736842105,1,4.894736842105263,40.643274853801174,2.438596491228071,0
501200,2011-04-09,12,4,34,167.0,167.0,0.3,0.1,1,0,1,0,0,0.42857142857142855,0.5,0.4,0.4,0.4,0.5,2,0,147.6,167.0,5.560758135407854,7.473946953725018,153.0,160.53333333333333,167.0,16.666087769891035,13.960833825904121,2011,28.002273085435206,137.12764291385704,36.28826551226551,8.544847107837567,48.6557525610717,128.48723675818616,1.5148148148148148,22.994689617519906,119.2931905402777,28.624487284659555,8.22794436265912,28.665014800246336,110.12318814447538,1.4458333333333333,37.310471530784035,139.3538685980196,27.71933962264151,127.54772063777229,61,164.86486486486487,0,9.891891891891891,48,120.0,2,7.199999999999999,-44.86486486486487,-2.691891891891892,1
501201,2011-04-10,1,7,16,169.46153846153845,169.46153846153845,0.1,0.1,1,1,1,3,3,0.55,0.4827586206896552,0.4,0.5,0.5,0.6,1,3,146.4,171.8,7.541540454940284,7.176359235003536,150.33333333333334,164.93333333333334,171.26666666666668,13.576942029352683,14.47475682750796,2011,19.248447936903606,117.33657820310208,31.02807896593842,8.174518846021027,36.75746414066782,88.46123380481669,1.3707454984628897,26.103513147549727,118.32417247803535,30.42373181578058,8.642342137826482,31.24709663120567,112.44633778889775,1.5361111111111112,30.8169487307118,147.52414757733249,31.04772004241782,128.61832896325035,38,102.7027027027027,3,6.162162162162161,31,79.48717948717949,1,4.769230769230769,23.215523215523206,1.3929313929313922,0
501202,2011-04-10,9,8,9,149.1,149.1,0.3,0.2,1,1,1,0,0,0.45454545454545453,0.5,0.5,0.4,0.3,0.5,2,0,156.8,167.0,6.751963894591307,7.471884685926699,150.33333333333334,163.93333333333334,167.0,15.649722205745487,15.172985322543209,2011,21.31947626231252,119.87156266912906,30.38011017572421,8.06677798553601,33.78199945647585,92.06485135623197,1.419337606837607,23.813510859249277,122.39710397475255,25.607767140894385,7.659660733474271,32.748788416075655,79.35602175602176,1.351111111111111,30.55000655780707,137.23916029095065,25.672721972347162,127.95198017563621,44,118.91891891891892,1,7.135135135135135,36,97.2972972972973,5,5.837837837837839,-21.621621621621614,-1.2972972972972965,0
501203,2011-04-11,5,13,14,150.35714285714286,150.35714285714286,0.1,0.0,1,1,1,4,2,0.2608695652173913,0.45454545454545453,1.0,0.4,0.5,0.5,2,2,143.4,136.0,7.343088063238921,7.228981446498258,131.6,161.46666666666667,155.46666666666667,13.10960835817971,12.410663586419847,2011,27.43041237255273,121.45619183460101,29.438277124615922,8.65385829449167,43.254495492686985,93.42830184396648,1.5774603174603175,19.7424984623296,107.40012401748513,33.70421565365277,9.264669738117593,29.58874221890985,82.73432802147973,1.7049999999999996,25.720852795861074,140.66419916948178,34.13412295736763,143.25787811139153,46,127.77777777777777,0,7.666666666666666,30,81.08108108108108,2,4.864864864864865,46.69669669669669,2.801801801801801,1
501205,2011-04-12,7,12,23,162.64285714285714,162.64285714285714,0.1,0.1,0,1,0,4,3,0.5,0.4666666666666667,0.5,0.4,0.6,0.5,3,3,154.2,149.6,7.473946953725018,7.176359235003536,136.83333333333334,163.06666666666666,157.73333333333332,13.311628100228125,15.45002996259976,2011,25.254548695377952,113.74582687284358,25.25454869537795,8.875558380521271,31.396128841607563,112.05288102701896,1.5574074074074076,28.002273085435206,137.12764291385704,36.28826551226551,8.544847107837567,48.6557525610717,128.48723675818616,1.5148148148148148,31.04772004241782,128.61832896325035,37.310471530784035,139.3538685980196,24,64.86486486486487,2,3.891891891891892,40,108.10810810810811,1,6.486486486486487,43.24324324324324,2.5945945945945947,1
501204,2011-04-12,1,10,47,156.6,156.6,0.2,0.1,0,1,1,4,3,0.55,0.4827586206896552,0.4,0.5,0.5,0.5,1,2,129.2,145.2,7.369295210659598,7.541540454940284,136.83333333333334,161.06666666666666,162.66666666666666,15.843253372404396,14.305521583869238,2011,23.435591382217922,124.13163831284746,31.02807896593842,8.260093041597226,39.40829533941236,92.60578739071386,1.312552838164251,23.99771252553493,118.16493929133722,27.72346026983094,7.834984103016277,29.702451536643025,114.03097560961339,1.358187134502924,30.8169487307118,147.52414757733249,34.64819296282663,142.39612625551993,57,146.15384615384613,1,8.769230769230768,30,78.94736842105263,2,4.7368421052631575,-67.2064777327935,-4.032388663967611,0
501206,2011-04-13,0,9,41,178.33333333333334,178.33333333333334,0.2,0.2,0,0,0,6,0,0.5625,0.43478260869565216,1.0,0.5,0.8,0.3,4,2,153.4,148.6,7.471884685926699,7.4133771625965945,139.0,166.2,162.46666666666667,15.271450519984185,15.751838175161698,2011,28.32330527752502,127.07962403350837,32.53884212920837,8.176598880742901,34.22890307328605,92.10514894462264,1.4677777777777776,26.26512904249746,128.79646239267043,30.38011017572421,8.321385310924608,32.06314378588314,103.65374542823056,1.4261752136752137,34.45731633272617,131.71087955418488,30.55000655780707,137.23916029095065,65,175.67567567567568,1,10.54054054054054,31,86.11111111111111,2,5.166666666666667,-89.56456456456456,-5.373873873873873,0
501207,2011-04-13,8,4,9,145.72727272727272,145.72727272727272,0.0,0.0,0,0,1,0,0,0.5,0.5,0.4,0.4,1.0,0.0,1,0,112.0,161.0,6.751963894591307,5.560758135407854,139.0,112.0,161.0,13.743735125996734,14.017204223720537,2011,18.4209442870308,111.89722844575881,25.607767140894385,7.693618764133605,31.287151722391087,73.4463591963592,1.3923611111111112,18.76859042457163,107.84302543630915,28.624487284659555,8.141689825941237,28.69975639191847,92.80138321628428,1.4454166666666666,25.672721972347162,127.95198017563621,27.71933962264151,127.54772063777229,44,110.00000000000001,1,6.6000000000000005,37,102.77777777777777,4,6.166666666666666,7.222222222222243,0.43333333333333446,1
501208,2011-04-14,13,12,43,168.875,168.875,0.0,0.1,1,0,0,4,4,0.43478260869565216,0.4666666666666667,0.4,0.4,0.5,0.4,1,2,133.8,151.6,7.228981446498258,7.473946953725018,144.8,155.0,160.93333333333334,14.087392641037487,11.543555471227707,2011,25.914277138995697,120.91118479351344,33.70421565365277,10.175220793288476,30.177850843381965,82.58012101704051,1.792592592592592,24.189748326018574,117.45822565931512,36.28826551226551,8.582935669819504,40.156774973045316,108.50167008367117,1.5207070707070707,34.13412295736763,143.25787811139153,37.310471530784035,139.3538685980196,41,102.49999999999999,1,6.1499999999999995,28,75.67567567567568,3,4.54054054054054,26.82432432432431,1.6094594594594591,1
501209,2011-04-15,5,10,47,156.0909090909091,156.0909090909091,0.2,0.1,0,1,0,2,3,0.2608695652173913,0.4827586206896552,1.0,0.5,0.5,0.5,3,2,144.0,144.8,7.369295210659598,7.343088063238921,147.54545454545453,161.6,158.6,13.80285370944544,14.55365375890574,2011,26.691422508650973,115.5949341808145,26.691422508650973,8.296708268597229,32.97177820209735,84.06574256496857,1.5018518518518518,24.13009537887587,120.7474194798144,27.944098358732504,8.374712694499664,34.66332110186042,108.54711677838614,1.4781871345029238,25.720852795861074,140.66419916948178,34.64819296282663,142.39612625551993,31,75.60975609756098,1,4.536585365853659,62,163.1578947368421,1,9.789473684210526,87.54813863928113,5.252888318356867,1
501210,2011-04-15,7,4,56,146.83333333333334,146.83333333333334,0.1,0.0,1,0,0,0,0,0.5161290322580645,0.0,0.5,0.4,0.6,0.0,3,0,144.0,154.5,7.176359235003536,5.560758135407854,147.54545454545453,162.33333333333334,154.5,14.001525932256836,14.382611109323546,2011,25.254548695377952,113.74582687284358,25.25454869537795,8.875558380521271,31.396128841607563,112.05288102701896,1.5574074074074076,28.14869333234713,127.65370456513494,28.624487284659555,8.123816462803884,27.96571147962731,112.89127162119668,1.4333333333333331,31.04772004241782,128.61832896325035,27.71933962264151,127.54772063777229,44,118.91891891891892,0,7.135135135135135,50,131.57894736842107,0,7.894736842105264,-12.66002844950215,-0.7596017069701286,0
501211,2011-04-16,0,12,27,168.0,168.0,0.3,0.1,0,1,1,3,4,0.5294117647058824,0.4375,1.0,0.4,0.7,0.4,4,2,168.6,148.4,7.4133771625965945,7.473946953725018,151.07692307692307,167.8,162.53333333333333,15.145727855012886,15.716168548581434,2011,31.16845952614265,129.93470252455234,35.204974607840846,8.14698126614205,33.24761530616975,95.45999511042855,1.4898148148148147,25.18814357691833,128.03933074082386,36.28826551226551,8.578967202394763,44.43620914480843,116.67912955713089,1.5141975308641973,34.45731633272617,131.71087955418488,37.310471530784035,139.3538685980196,45,125.0,0,7.5,33,89.1891891891892,3,5.351351351351351,35.81081081081081,2.148648648648649,1
501212,2011-04-16,13,9,43,169.55555555555554,169.55555555555554,0.0,0.3,1,0,0,2,4,0.43478260869565216,0.43478260869565216,0.4,0.5,0.6,0.4,1,2,139.8,155.4,7.228981446498258,7.471884685926699,151.07692307692307,155.26666666666668,167.26666666666668,14.281466834218842,13.731772715576689,2011,20.55265719248833,117.85060460373438,33.70421565365277,9.302364988749217,29.53882667836931,82.93059710327512,1.6949999999999998,23.258334380044904,127.73796174284234,25.267522763136796,8.251995818900104,32.28548210064167,101.04128937704284,1.396011396011396,34.13412295736763,143.25787811139153,30.55000655780707,137.23916029095065,48,133.33333333333331,1,8.0,62,155.0,0,9.3,-21.666666666666686,-1.3000000000000007,0
501213,2011-04-17,8,1,9,145.91666666666666,145.91666666666666,0.0,0.1,0,0,0,0,0,0.5,0.5238095238095238,0.4,0.4,1.0,0.4,2,1,130.0,137.2,6.751963894591307,7.541540454940284,154.13333333333333,130.0,161.66666666666666,13.481211749067857,16.378335106767604,2011,20.195364899463765,115.31111822372436,25.607767140894385,7.784303797665296,31.828173397018382,78.70060098631528,1.3904761904761906,24.73013323742154,127.4939361710459,31.02807896593842,8.553468365460354,41.36067629179331,99.37937250855302,1.3667195048309178,25.672721972347162,127.95198017563621,30.8169487307118,147.52414757733249,63,165.78947368421052,1,9.947368421052632,67,176.3157894736842,0,10.578947368421051,-10.52631578947367,-0.6315789473684195,0
501214,2011-04-17,10,5,14,151.2,151.2,0.1,0.2,0,0,0,3,3,0.4827586206896552,0.2916666666666667,0.5,1.0,0.4,0.6,2,4,141.8,148.0,7.343088063238921,7.369295210659598,154.13333333333333,159.8,163.2,12.576194602952278,14.403502106254017,2011,19.705283315247147,113.04990171385279,28.576755123125793,8.049466456042579,28.446708787686504,93.97400564336083,1.3957602339181288,26.96528819296364,115.94050705383033,28.764528401429,8.989197868114587,45.47883365157301,98.44446821404901,1.620436507936508,34.64819296282663,142.39612625551993,25.720852795861074,140.66419916948178,26,68.42105263157895,1,4.105263157894737,36,97.2972972972973,2,5.837837837837839,28.87624466571836,1.7325746799431014,0
501215,2011-04-18,0,4,34,161.0,161.0,0.0,0.2,1,0,0,0,0,0.5294117647058824,0.5,1.0,0.4,0.7,0.3333333333333333,4,1,166.8,163.66666666666666,5.560758135407854,7.4133771625965945,151.76470588235293,167.66666666666666,163.66666666666666,15.836108929961169,15.500100465226001,2011,31.16845952614265,129.93470252455234,35.204974607840846,8.14698126614205,33.24761530616975,95.45999511042855,1.4898148148148147,27.003994035956442,126.27902811351592,28.624487284659555,8.204963927642732,28.651794952023362,117.12274702668708,1.4499999999999997,34.45731633272617,131.71087955418488,27.71933962264151,127.54772063777229,49,136.11111111111111,1,8.166666666666668,42,110.5263157894737,1,6.631578947368421,-25.584795321637415,-1.5350877192982466,0
501216,2011-04-19,1,13,16,164.14285714285714,164.14285714285714,0.1,0.0,1,0,1,4,3,0.5454545454545454,0.43478260869565216,0.4,0.4,0.4,0.5,2,1,138.0,144.4,7.541540454940284,7.228981446498258,150.61111111111111,164.73333333333332,156.4,11.961621111052686,14.048790093989897,2011,23.802076475221636,129.62225209983362,31.02807896593842,8.650902282773789,39.83106013699985,99.08797880357423,1.41110196164544,23.636726118587536,121.53471029430699,29.14911361283644,10.836512116243261,38.37350301729501,81.76569524673239,1.9079365079365076,30.8169487307118,147.52414757733249,34.13412295736763,143.25787811139153,38,105.55555555555556,3,6.333333333333334,43,113.1578947368421,1,6.789473684210526,-7.602339181286538,-0.45614035087719174,0
501218,2011-04-20,7,8,56,151.85714285714286,151.85714285714286,0.1,0.0,1,0,1,0,0,0.5161290322580645,0.5,0.5,0.4,0.6,0.6666666666666666,3,2,153.8,149.0,7.176359235003536,6.751963894591307,151.52631578947367,164.13333333333333,149.0,16.257500062075977,13.361882332285983,2011,31.69200132723059,123.58473586251054,33.671632715110974,8.492120658954752,30.658451536643025,102.37013137541506,1.4706837606837608,17.83316235603156,113.4707169965283,24.535544918672162,7.601706005882036,32.375730613567775,80.58486513486514,1.3891176470588236,31.04772004241782,128.61832896325035,25.672721972347162,127.95198017563621,32,88.88888888888889,1,5.333333333333333,33,89.1891891891892,4,5.351351351351351,-0.3003003003003073,-0.018018018018017834,1
501219,2011-04-20,5,4,14,146.8125,149.26666666666668,0.1,0.0,1,1,0,0,0,0.2916666666666667,0.5,1.0,0.4,0.6,0.5,4,2,137.8,155.5,7.343088063238921,5.560758135407854,151.52631578947367,157.66666666666666,155.5,14.308668932241652,14.684359166738366,2011,27.0374729801605,116.42335014394511,49.50931537598205,8.099322124883688,36.98443660265328,104.86321056337898,1.4877344877344876,22.087734216602218,118.93335508890264,28.624487284659555,8.136560479193768,30.111291527582726,110.4831759575871,1.4547839506172837,25.720852795861074,140.66419916948178,27.71933962264151,127.54772063777229,37,102.77777777777777,3,6.166666666666666,45,121.62162162162163,0,7.297297297297297,-18.843843843843857,-1.1306306306306313,0
501220,2011-04-21,10,9,41,179.07692307692307,179.07692307692307,0.3,0.1,0,1,0,4,2,0.4666666666666667,0.4583333333333333,0.5,0.5,0.4,0.5,2,2,132.0,166.2,7.471884685926699,7.369295210659598,149.0,159.06666666666666,168.8,14.274255493565162,14.401192219631252,2011,21.252114539448726,119.57891560784736,27.944098358732504,8.410013844420478,32.79650717798977,97.16109662291294,1.4662768031189084,23.16400194764856,121.1142259432593,30.38011017572421,8.377243609080248,33.62108891281098,94.72793813828466,1.4720797720797723,34.64819296282663,142.39612625551993,30.55000655780707,137.23916029095065,77,187.80487804878047,1,11.268292682926829,45,125.0,2,7.5,-62.804878048780466,-3.7682926829268286,0
501222,2011-04-22,12,5,14,145.94117647058823,148.93333333333334,0.0,0.1,0,1,0,3,3,0.4117647058823529,0.2916666666666667,0.4,1.0,0.4,0.6,2,3,148.2,137.6,7.343088063238921,7.473946953725018,151.0909090909091,163.33333333333334,155.26666666666668,16.428087044858923,15.456706780638934,2011,34.89927008543625,132.25688084561975,34.89927008543625,8.072586135325862,69.43148148148147,99.0977303398356,1.4777777777777779,27.711697344290826,124.7755968551831,29.26586968309815,8.050656201447921,33.31811936585873,79.10951426024957,1.4777777777777779,37.310471530784035,139.3538685980196,25.720852795861074,140.66419916948178,50,125.0,1,7.5,57,154.05405405405406,0,9.243243243243244,29.054054054054063,1.7432432432432439,1
501221,2011-04-22,7,0,56,147.625,147.625,0.1,0.2,1,0,0,3,4,0.5161290322580645,0.5,0.5,1.0,0.7,0.6,3,3,140.6,164.6,7.176359235003536,7.4133771625965945,151.0909090909091,160.0,165.0,16.057078601506,14.603972546510427,2011,28.708524126932232,128.9571647607194,33.36077580160506,8.630347320836599,39.64049705348271,108.35426595106033,1.4881944444444442,25.148005382694706,126.0373553403475,35.204974607840846,8.031172292363596,32.097886810697986,95.17623109919478,1.4821664925113203,31.04772004241782,128.61832896325035,34.45731633272617,131.71087955418488,40,105.26315789473684,2,6.315789473684211,44,112.82051282051282,2,6.769230769230769,-7.557354925775982,-0.45344129554655854,1
501223,2011-04-23,1,9,16,164.4,164.4,0.0,0.4,1,0,0,2,4,0.5454545454545454,0.4583333333333333,0.4,0.5,0.3,0.6,1,3,149.2,170.4,7.541540454940284,7.471884685926699,152.45833333333334,161.4,168.26666666666668,15.44078976272757,13.966978372480247,2011,26.089436308366036,128.2121879192723,31.02807896593842,8.913098131730159,42.7848207249803,97.5354267539812,1.402764053579271,24.007891007031713,124.48904883766922,30.8318612465229,8.303473455014778,35.49811437577395,98.97977502431827,1.398005698005698,30.8169487307118,147.52414757733249,30.55000655780707,137.23916029095065,70,175.0,0,10.5,46,121.05263157894737,1,7.2631578947368425,53.94736842105263,3.2368421052631575,1
501224,2011-04-24,13,7,43,169.1,169.1,0.0,0.1,1,1,0,3,3,0.4583333333333333,0.5161290322580645,0.4,0.5,0.5,0.7,2,4,161.6,139.8,7.228981446498258,7.176359235003536,155.6,156.13333333333333,159.46666666666667,13.344021171669127,12.950744929559544,2011,18.900412294529144,112.5419274975969,29.14911361283644,9.661444531890467,34.506133523257674,85.25422234284464,1.7742063492063491,28.086500317408422,125.12290378360126,33.36077580160506,8.433884063114064,31.9287407493062,102.84771231950668,1.4712962962962963,34.13412295736763,143.25787811139153,31.04772004241782,128.61832896325035,41,113.88888888888889,2,6.833333333333333,57,154.05405405405406,1,9.243243243243244,-40.16516516516518,-2.409909909909911,0
501225,2011-04-24,10,4,47,156.33333333333334,156.33333333333334,0.1,0.0,1,1,0,0,0,0.45161290322580644,0.6666666666666666,0.5,0.4,0.4,0.6,2,3,144.6,150.8,7.369295210659598,5.560758135407854,155.6,160.86666666666667,150.8,15.169062904220851,12.876784899977162,2011,25.60580104177665,122.77416199021746,27.944098358732504,8.556886443345817,31.329151377325523,112.24310147336465,1.5319444444444446,17.50311473067912,110.18518614449471,28.468698028035163,8.093720934867708,28.846250312301244,106.61346010474948,1.4746212121212119,34.64819296282663,142.39612625551993,27.71933962264151,127.54772063777229,38,102.7027027027027,0,6.162162162162161,32,86.48648648648648,2,5.1891891891891895,16.21621621621621,0.9729729729729719,1
501226,2011-04-25,0,8,27,169.0,169.0,0.2,0.0,0,0,0,0,0,0.47368421052631576,0.0,1.0,0.4,0.6,0.5,2,2,163.8,141.25,7.4133771625965945,6.751963894591307,154.4814814814815,163.93333333333334,141.25,16.849910063151125,14.385885120639758,2011,29.144393879550844,128.56602820688556,35.204974607840846,8.201634483407203,32.983117239803725,97.10856723751019,1.4936507936507937,20.075051177659546,117.98777147977363,27.15221158533883,7.630072073087508,32.484159481371215,84.99782010048467,1.3694444444444442,34.45731633272617,131.71087955418488,25.672721972347162,127.95198017563621,45,121.62162162162163,0,7.297297297297297,40,108.10810810810811,4,6.486486486486487,13.513513513513516,0.8108108108108105,1
501227,2011-04-26,12,1,16,168.5625,171.2,0.1,0.1,0,1,0,1,5,0.4444444444444444,0.5454545454545454,0.4,0.4,0.4,0.3,2,2,166.0,166.4,7.541540454940284,7.473946953725018,154.03571428571428,162.53333333333333,164.46666666666667,14.398023341078442,15.11771999310479,2011,26.83394043732916,125.45726628731882,39.34128634559885,8.285302194441499,48.70047328229953,112.43873385090758,1.480246913580247,23.95453082778299,125.25487863382324,30.802943128470904,8.713506244248233,36.89192629179331,98.71997311049591,1.4289827624066755,37.310471530784035,139.3538685980196,30.8169487307118,147.52414757733249,42,113.51351351351352,1,6.8108108108108105,65,171.05263157894737,1,10.263157894736842,57.539118065433854,3.452347083926032,1
501228,2011-04-27,0,8,9,149.07692307692307,149.07692307692307,0.0,0.2,1,0,1,1,0,0.47368421052631576,0.0,1.0,0.4,0.6,0.4,2,2,161.6,141.4,6.751963894591307,7.4133771625965945,154.24137931034483,161.6,141.4,15.838776923970961,15.4949170201637,2011,31.998111263736263,125.05855053737724,33.66414835164834,8.088360154179096,34.93709663120568,79.36320111048373,1.4555555555555553,23.49240893349544,125.32846941820355,28.300563607085348,7.895720176985967,30.58451336975273,93.08144901834451,1.4031249999999997,34.45731633272617,131.71087955418488,25.672721972347162,127.95198017563621,37,100.0,3,6.0,28,71.7948717948718,1,4.3076923076923075,-28.205128205128204,-1.6923076923076925,1
501229,2011-04-27,4,13,34,146.0,146.0,0.0,0.0,0,1,0,0,0,0.5,0.4583333333333333,0.4,0.4,0.5,0.4,3,2,140.4,168.6,5.560758135407854,7.228981446498258,154.24137931034483,143.83333333333334,155.53333333333333,11.185769456676251,14.626614314910938,2011,18.992994662068483,112.10625079353171,28.624487284659555,8.188058773741874,29.114148039573976,106.02027659024934,1.4625,20.474484079058357,119.76357767134499,29.14911361283644,10.022220753586232,35.32592376086555,83.31932909616089,1.7713403880070544,27.71933962264151,127.54772063777229,34.13412295736763,143.25787811139153,29,74.35897435897436,6,4.461538461538462,20,50.0,3,3.0,24.358974358974365,1.4615384615384617,0
501230,2011-04-28,1,5,16,168.05882352941177,169.13333333333333,0.1,0.0,1,1,0,3,2,0.5454545454545454,0.2916666666666667,0.4,1.0,0.3,0.5,2,3,179.4,141.2,7.541540454940284,7.343088063238921,153.0,163.73333333333332,156.33333333333334,15.453038591697306,13.693251565451726,2011,22.102070100516464,126.90353173630976,30.802943128470904,8.564068426974416,35.81408482835788,96.33584966909217,1.4523056653491435,21.111444706017483,117.26994339430313,29.438277124615922,8.21220570849368,40.79072233798718,104.15022617062465,1.5059489892823226,30.8169487307118,147.52414757733249,25.720852795861074,140.66419916948178,41,107.89473684210526,1,6.473684210526316,42,113.51351351351352,1,6.8108108108108105,-5.618776671408256,-0.3371266002844946,0
501231,2011-04-29,7,10,47,152.69230769230768,152.69230769230768,0.1,0.1,0,0,0,3,2,0.53125,0.45161290322580644,0.5,0.5,0.7,0.4,4,2,155.2,139.0,7.369295210659598,7.176359235003536,152.84375,160.06666666666666,155.93333333333334,14.53408144019175,14.803813833887643,2011,22.788053389098256,121.71875634006581,33.36077580160506,8.156507561815562,35.28627712932228,98.41480563375183,1.4745833333333331,24.13009537887587,120.7474194798144,27.944098358732504,8.374712694499664,34.66332110186042,108.54711677838614,1.4781871345029238,31.04772004241782,128.61832896325035,34.64819296282663,142.39612625551993,18,50.0,1,3.0,31,83.78378378378379,2,5.027027027027027,33.78378378378379,2.027027027027027,0
501232,2011-04-29,8,12,23,161.13333333333333,161.13333333333333,0.1,0.0,0,1,0,0,0,0.0,0.47368421052631576,0.4,0.4,0.3333333333333333,0.5,1,2,147.2,165.8,7.473946953725018,6.751963894591307,152.84375,141.33333333333334,162.46666666666667,14.583706557607863,16.49355936015173,2011,24.033481271596617,121.06036842775978,27.15221158533883,7.80464290906158,32.5233451536643,91.72709576838434,1.3787037037037038,32.03555170938479,128.72634110539443,39.34128634559885,8.301069961161991,50.41380516154452,121.41019298240097,1.4972222222222225,25.672721972347162,127.95198017563621,37.310471530784035,139.3538685980196,57,158.33333333333331,0,9.5,42,107.6923076923077,1,6.461538461538462,-50.64102564102562,-3.0384615384615383,0
501233,2011-04-30,4,1,34,140.33333333333334,140.33333333333334,0.0,0.1,0,0,1,0,0,0.5,0.5454545454545454,0.4,0.4,0.42857142857142855,0.3,3,2,136.6,178.8,5.560758135407854,7.541540454940284,151.94117647058823,141.71428571428572,161.4,13.298143867784404,15.67051584839123,2011,19.49335232933353,111.76423793305455,28.624487284659555,7.978045746837019,31.198605046219246,92.60350915547919,1.4316666666666666,23.75427311151928,125.02009231499974,30.443932857695927,8.40449908229753,35.44574769624162,91.85709648140366,1.354551728464772,27.71933962264151,127.54772063777229,30.8169487307118,147.52414757733249,37,100.0,3,6.0,34,87.17948717948718,2,5.230769230769231,12.820512820512818,0.7692307692307692,0
501234,2011-04-30,9,5,14,147.33333333333334,151.73333333333332,0.0,0.4,0,0,0,3,3,0.44,0.32,0.3333333333333333,1.0,0.5,0.6,3,3,178.2,138.2,7.343088063238921,7.471884685926699,151.94117647058823,172.33333333333334,154.0,14.284809478044318,14.284319129553861,2011,24.933987964486086,128.40897890645903,32.227552856500225,8.27061965379595,37.16962558072875,104.36866678264212,1.4316239316239316,27.335691383038963,118.14017053398163,28.764528401429,8.989197868114587,45.47883365157301,96.16376645966305,1.620436507936508,30.55000655780707,137.23916029095065,25.720852795861074,140.66419916948178,45,125.0,2,7.5,40,105.26315789473684,2,6.315789473684211,-19.736842105263165,-1.1842105263157894,0
501236,2011-05-01,13,0,27,167.3125,164.6,0.2,0.0,1,0,1,4,3,0.48,0.5,0.4,1.0,0.4,0.7,3,3,161.8,152.2,7.4133771625965945,7.228981446498258,151.16666666666666,152.26666666666668,160.26666666666668,13.910096578577749,13.187860736497885,2011,22.67459745774316,114.08552776638781,34.80207624716554,9.74881603436063,36.362061801079676,85.88915234709867,1.7602292768959436,29.144393879550844,128.56602820688556,35.204974607840846,8.201634483407203,32.983117239803725,97.10856723751019,1.4936507936507937,34.13412295736763,143.25787811139153,34.45731633272617,131.71087955418488,34,91.8918918918919,1,5.513513513513514,64,164.1025641025641,0,9.846153846153847,72.21067221067219,4.332640332640333,0
501235,2011-05-01,10,8,47,148.5,148.5,0.1,0.0,1,1,0,0,0,0.45161290322580644,0.0,0.5,0.4,0.4,0.2857142857142857,2,0,127.6,153.8,7.369295210659598,6.751963894591307,151.16666666666666,152.33333333333334,147.0,15.958733375171008,14.994482531053986,2011,25.13036890355424,121.45928848990745,29.719717851454377,7.8122605787497195,29.71943425155035,115.5643120333523,1.3707115009746589,21.241020044606557,117.14080477610437,27.15221158533883,7.610835122972655,31.754524970449175,85.10633373105014,1.3555555555555556,34.64819296282663,142.39612625551993,25.672721972347162,127.95198017563621,34,91.8918918918919,1,5.513513513513514,49,136.11111111111111,1,8.166666666666668,-44.21921921921921,-2.653153153153154,1
501237,2011-05-02,7,9,56,149.44444444444446,149.44444444444446,0.0,0.4,1,0,0,2,4,0.5151515151515151,0.4230769230769231,0.5,0.3333333333333333,0.6,0.5,3,3,146.0,179.6,7.176359235003536,7.471884685926699,151.31578947368422,154.46666666666667,168.06666666666666,15.34240713011952,14.733080525727221,2011,28.086500317408422,125.12290378360126,33.36077580160506,8.433884063114064,31.9287407493062,102.84771231950668,1.4712962962962963,22.016927213694128,124.25709304650698,32.227552856500225,8.155363283116483,34.58582761217174,100.02826675944704,1.3955840455840456,31.04772004241782,128.61832896325035,30.55000655780707,137.23916029095065,35,97.22222222222221,1,5.833333333333333,24,66.66666666666666,1,4.0,30.555555555555557,1.833333333333333,1
501238,2011-05-02,1,4,16,166.94444444444446,166.53333333333333,0.1,0.0,1,0,0,1,0,0.5652173913043478,0.5,0.4,0.4,0.4,0.375,2,2,172.8,131.6,7.541540454940284,5.560758135407854,151.31578947368422,160.06666666666666,143.625,14.970768526957952,14.905688378078386,2011,23.75427311151928,125.02009231499974,30.443932857695927,8.40449908229753,35.44574769624162,91.85709648140366,1.354551728464772,27.074664676093093,125.27484429457276,28.624487284659555,8.350946852853633,28.105920160617437,114.73822910499626,1.4680555555555554,30.8169487307118,147.52414757733249,27.71933962264151,127.54772063777229,42,113.51351351351352,2,6.8108108108108105,67,152.27272727272728,1,9.136363636363637,-38.759213759213765,-2.325552825552826,0
501239,2011-05-03,5,13,43,169.36363636363637,169.36363636363637,0.0,0.0,0,0,0,5,2,0.32,0.46153846153846156,1.0,0.4,0.7,0.3,3,2,130.2,159.8,7.228981446498258,7.343088063238921,151.225,150.13333333333333,152.66666666666666,12.071518077789664,13.555161573438369,2011,27.726734924612987,123.21592261872206,29.438277124615922,8.65385829449167,43.254495492686985,91.60374044045771,1.5774603174603175,21.65879458894065,117.30444741547439,29.14911361283644,10.207160509946675,35.29233990664942,85.08292944370731,1.7892857142857141,25.720852795861074,140.66419916948178,34.13412295736763,143.25787811139153,41,113.88888888888889,2,6.833333333333333,41,105.12820512820514,1,6.307692307692308,-8.760683760683747,-0.5256410256410247,1
501240,2011-05-04,0,10,27,167.1764705882353,165.8,0.1,0.1,0,0,1,3,4,0.5,0.45161290322580644,1.0,0.5,0.7,0.5,3,3,148.6,124.4,7.4133771625965945,7.369295210659598,151.65853658536585,154.86666666666667,150.06666666666666,16.168121539204705,15.452243384088257,2011,32.65720390720391,127.1132709035217,32.6572039072039,7.941295609906086,36.117419227738374,86.93939635243986,1.4351851851851851,23.708887788776792,122.71083254926043,29.719717851454377,7.861969035505795,30.54931906659098,116.15736100914121,1.385672514619883,34.45731633272617,131.71087955418488,34.64819296282663,142.39612625551993,43,113.1578947368421,1,6.789473684210526,47,130.55555555555557,0,7.833333333333334,-17.397660818713476,-1.0438596491228083,1
501241,2011-05-04,7,8,9,148.5,148.5,0.0,0.0,1,0,0,1,0,0.5151515151515151,0.0,0.5,0.4,0.7,0.25,4,0,141.4,145.0,6.751963894591307,7.176359235003536,151.65853658536585,154.06666666666666,146.5,16.588147215458275,14.227768091062362,2011,26.309782645463727,130.70904121132565,33.36077580160506,8.182177921477425,31.489055561979647,95.02427904796178,1.4427777777777777,21.06238818779842,116.41412994659147,27.15221158533883,7.879664890453807,42.44889676910953,77.81776216546331,1.3959331880900507,31.04772004241782,128.61832896325035,25.672721972347162,127.95198017563621,31,81.57894736842105,2,4.894736842105263,49,132.43243243243242,1,7.945945945945946,50.853485064011366,3.051209103840683,1
501242,2011-05-05,5,4,34,144.5,144.5,0.0,0.0,1,1,0,0,1,0.34615384615384615,0.6,1.0,0.4,0.7,0.4444444444444444,3,2,147.8,133.4,5.560758135407854,7.343088063238921,151.74418604651163,149.33333333333334,143.22222222222223,15.160867147228446,14.600642295101045,2011,23.636680592250933,123.98066130826953,29.438277124615922,8.326509906332468,40.21357578813031,111.7649109863887,1.5275793650793652,23.693804553773223,121.57239270897567,28.624487284659555,8.177676125269286,28.209829126686135,117.94951141112813,1.4340277777777777,25.720852795861074,140.66419916948178,27.71933962264151,127.54772063777229,35,94.5945945945946,2,5.675675675675675,43,116.21621621621621,0,6.972972972972972,21.621621621621614,1.2972972972972965,0
501243,2011-05-05,13,1,43,169.33333333333334,169.33333333333334,0.0,0.1,1,0,0,4,4,0.46153846153846156,0.5652173913043478,0.4,0.4,0.3,0.3,2,2,160.6,167.2,7.228981446498258,7.541540454940284,151.74418604651163,151.66666666666666,156.86666666666667,13.068526802071021,10.45236233428985,2011,24.788355873828923,120.07149558736249,33.70421565365277,12.122157758009438,29.8667292943274,84.68401220137177,2.0896825396825394,23.24592284223143,126.70518516013733,25.856988578563957,9.18783711476448,42.7633075215902,101.25061302780716,1.5682422046552478,34.13412295736763,143.25787811139153,30.8169487307118,147.52414757733249,43,119.44444444444444,1,7.166666666666666,29,69.04761904761905,3,4.142857142857142,50.39682539682539,3.0238095238095237,0
501244,2011-05-06,12,9,23,162.375,158.4,0.1,0.4,1,0,0,3,3,0.47368421052631576,0.4074074074074074,0.4,0.3333333333333333,0.5,0.4,3,2,174.0,173.8,7.473946953725018,7.471884685926699,152.35555555555555,162.46666666666667,166.46666666666667,15.978135245876771,13.880651570509794,2011,25.851663782038592,134.08656184911268,39.34128634559885,8.524876110646353,50.25272711921648,119.52490664156262,1.5104166666666665,20.16252863608127,118.33083497364473,30.38011017572421,8.391878012405378,32.03381236162707,90.39169955394212,1.4688644688644688,37.310471530784035,139.3538685980196,30.55000655780707,137.23916029095065,48,133.33333333333331,1,8.0,38,100.0,4,6.0,33.333333333333314,2.0,1
501245,2011-05-07,5,0,14,145.8421052631579,150.8,0.0,0.1,1,0,1,1,5,0.3333333333333333,0.5,1.0,1.0,0.6,0.7,3,4,152.6,151.8,7.343088063238921,7.4133771625965945,153.5,146.4,153.66666666666666,14.638579653245655,14.287272545355787,2011,27.335691383038963,118.14017053398163,28.764528401429,8.989197868114587,45.47883365157301,96.16376645966305,1.620436507936508,30.47348901098901,128.43111990588432,33.66414835164834,8.070466761970836,33.61791259908218,90.21749120853765,1.4844444444444445,25.720852795861074,140.66419916948178,34.45731633272617,131.71087955418488,33,86.8421052631579,2,5.210526315789474,15,40.54054054054054,2,2.4324324324324325,46.301564722617364,2.778093883357042,1
501246,2011-05-07,7,1,56,150.4,150.4,0.0,0.1,1,0,0,4,3,0.5294117647058824,0.5833333333333334,0.5,0.4,0.7,0.4,4,2,149.8,156.0,7.176359235003536,7.541540454940284,153.5,154.46666666666667,156.26666666666668,15.523740354957008,14.15932801608243,2011,28.75316698407509,131.69886750242213,33.36077580160506,8.433884063114064,31.9287407493062,103.41102400781837,1.4712962962962963,20.991791121201786,119.41813089924209,30.802943128470904,8.483707179524446,36.44167533593599,95.09864865983917,1.4321894837705116,31.04772004241782,128.61832896325035,30.8169487307118,147.52414757733249,50,131.57894736842107,1,7.894736842105264,23,62.16216216216216,4,3.72972972972973,69.41678520625891,4.165007112375534,1
501247,2011-05-08,12,4,23,164.88235294117646,163.06666666666666,0.1,0.0,1,0,1,1,0,0.47368421052631576,0.6,0.4,0.4,0.6,0.5,4,2,180.0,138.2,7.473946953725018,5.560758135407854,153.1875,163.86666666666667,144.5,16.254920275416765,14.727825646095676,2011,34.89927008543625,132.25688084561975,34.89927008543625,8.072586135325862,69.43148148148147,99.0977303398356,1.4777777777777779,21.794056700702484,118.8916411141686,28.624487284659555,8.136421379170915,29.41295622419423,106.50830823271934,1.4412722908093276,37.310471530784035,139.3538685980196,27.71933962264151,127.54772063777229,79,202.56410256410254,1,12.153846153846153,49,132.43243243243242,1,7.945945945945946,70.13167013167012,4.207900207900208,1
501248,2011-05-08,8,9,41,180.21428571428572,180.21428571428572,0.5,0.0,0,0,1,1,0,0.0,0.39285714285714285,0.4,0.25,0.2222222222222222,0.3,0,1,153.4,181.8,7.471884685926699,6.751963894591307,153.1875,148.0,169.26666666666668,13.42256145899334,14.772741083270883,2011,23.261237915336782,120.52193356820028,28.300563607085348,8.259469003632248,45.06380639758299,82.04370185316137,1.4682539682539684,21.476518592387677,122.01499707596054,30.8318612465229,8.979056191055738,34.26039391722016,92.34111583847258,1.551139601139601,25.672721972347162,127.95198017563621,30.55000655780707,137.23916029095065,34,94.44444444444444,1,5.666666666666666,40,105.26315789473684,1,6.315789473684211,10.818713450292393,0.6491228070175445,1
501249,2011-05-09,0,10,47,148.13333333333333,148.13333333333333,0.1,0.1,0,0,0,4,4,0.47619047619047616,0.4375,1.0,0.5,0.6,0.5,4,3,141.8,137.6,7.369295210659598,7.4133771625965945,151.94,152.06666666666666,147.33333333333334,16.62607084183747,14.674474400412834,2011,31.397984764704507,132.14276514167403,35.204974607840846,8.070466761970836,33.61791259908218,103.22507105559119,1.4844444444444445,21.745579130542964,118.4298578979237,29.719717851454377,7.947925062917028,28.96320461499107,102.91120626763043,1.4007602339181286,34.45731633272617,131.71087955418488,34.64819296282663,142.39612625551993,48,129.72972972972974,2,7.783783783783784,55,144.73684210526315,0,8.68421052631579,15.00711237553341,0.9004267425320052,1
501251,2011-05-10,7,9,41,176.13333333333333,176.13333333333333,0.5,0.0,0,1,0,3,4,0.5294117647058824,0.39285714285714285,0.5,0.25,0.8,0.3,4,0,152.6,166.6,7.471884685926699,7.176359235003536,152.80392156862746,154.73333333333332,165.13333333333333,14.090325512120554,15.563664378449882,2011,22.983381671926534,123.70905772064137,33.36077580160506,8.101861524170296,30.455229364731423,90.91942323836943,1.4653333333333332,23.17889954476863,126.0946536028629,32.227552856500225,8.77971609770309,34.61333509369074,96.80908120643795,1.514102564102564,31.04772004241782,128.61832896325035,30.55000655780707,137.23916029095065,39,105.40540540540539,1,6.324324324324324,33,89.1891891891892,3,5.351351351351351,-16.216216216216196,-0.9729729729729728,0
501250,2011-05-10,8,13,43,169.76923076923077,169.76923076923077,0.0,0.0,0,0,1,0,0,0.2,0.46153846153846156,0.4,0.4,0.3,0.3,1,1,148.8,162.0,7.228981446498258,6.751963894591307,152.80392156862746,145.1,154.13333333333333,12.503571318917789,14.207622804830258,2011,23.93317262962131,117.36817202386021,27.15221158533883,8.126071480490152,33.45732368006305,74.83677053156786,1.4666666666666666,21.614063547209255,115.45215847989266,33.70421565365277,9.38677190942105,28.8659635765665,84.45504941299575,1.7024691358024688,25.672721972347162,127.95198017563621,34.13412295736763,143.25787811139153,50,135.13513513513513,0,8.108108108108109,52,140.54054054054055,0,8.432432432432433,5.405405405405418,0.32432432432432456,1
501252,2011-05-11,10,12,47,151.125,150.13333333333333,0.2,0.1,1,0,0,3,3,0.4375,0.47368421052631576,0.5,0.4,0.5,0.7,3,5,137.8,168.4,7.369295210659598,7.473946953725018,152.67924528301887,144.0,159.93333333333334,15.004655425888867,16.428630969861082,2011,23.413433243322245,121.12637335637243,29.719717851454377,8.050389657437055,30.138607899064652,109.43910704088722,1.4051169590643275,34.89927008543625,132.25688084561975,34.89927008543625,8.072586135325862,69.43148148148147,99.0977303398356,1.4777777777777779,34.64819296282663,142.39612625551993,37.310471530784035,139.3538685980196,43,113.1578947368421,0,6.789473684210526,66,178.3783783783784,0,10.702702702702702,-65.22048364153629,-3.913229018492176,0
501253,2011-05-12,1,0,27,166.05555555555554,164.33333333333334,0.2,0.1,1,0,1,3,3,0.56,0.5,0.4,1.0,0.4,0.6,2,4,159.6,152.6,7.4133771625965945,7.541540454940284,152.55555555555554,156.06666666666666,155.86666666666667,14.98325444210179,15.039606658231412,2011,23.925740273099578,122.5120615011756,29.724031563845056,8.480099676255634,34.963895988763014,104.24480686512801,1.3909090909090909,32.52715143137118,127.53736355348026,35.204974607840846,8.176598880742901,34.22890307328605,87.8250638123636,1.4677777777777776,30.8169487307118,147.52414757733249,34.45731633272617,131.71087955418488,42,116.66666666666667,2,7.0,52,144.44444444444443,1,8.666666666666666,27.777777777777757,1.666666666666666,0
501254,2011-05-13,4,9,20,167.0,167.0,0.0,0.4,0,0,0,0,0,0.5,0.39285714285714285,0.4,0.25,0.5,0.4,2,1,141.4,153.0,5.560758135407854,7.471884685926699,152.98181818181817,142.72727272727272,162.66666666666666,12.88318153087404,15.638005011425038,2011,24.126122646099148,121.58127040098289,32.53595317725752,8.242795324646035,28.702126045453642,108.72780458808361,1.4602430555555554,26.857509342291152,128.9008745949656,30.8318612465229,9.437208511703272,36.876963019250255,96.91863462256252,1.6087179487179484,27.71933962264151,127.54772063777229,30.55000655780707,137.23916029095065,62,151.21951219512195,0,9.073170731707318,49,125.64102564102564,2,7.538461538461538,25.578486554096315,1.5347091932457797,0
501255,2011-05-14,12,5,23,162.66666666666666,159.53333333333333,0.1,0.0,1,1,0,4,3,0.5,0.3333333333333333,0.4,1.0,0.7,0.7,5,4,163.4,141.2,7.473946953725018,7.343088063238921,153.42857142857142,159.0,141.93333333333334,14.572146642100188,14.744587542523151,2011,28.820843498763143,125.80339483537598,39.34128634559885,8.405205204553898,41.66786980749747,121.52395763609775,1.5,27.483390214955264,123.93128395141616,29.438277124615922,8.633140876576078,41.27810105084041,92.40787893847668,1.5673280423280422,37.310471530784035,139.3538685980196,25.720852795861074,140.66419916948178,65,171.05263157894737,2,10.263157894736842,33,91.66666666666666,3,5.5,79.38596491228071,4.7631578947368425,1
501256,2011-05-14,7,13,56,152.9090909090909,152.9090909090909,0.0,0.0,1,0,1,4,3,0.5142857142857142,0.46153846153846156,0.5,0.4,0.7,0.3,3,1,150.8,154.8,7.176359235003536,7.228981446498258,153.42857142857142,153.4,153.13333333333333,13.600338684209268,14.661390809280025,2011,26.309782645463727,130.70904121132565,33.36077580160506,8.182177921477425,31.489055561979647,95.02427904796178,1.4427777777777777,24.498207854246772,119.96210817784306,34.82112386621315,9.610719574438683,29.570116881415583,87.34355035873999,1.6979166666666665,31.04772004241782,128.61832896325035,34.13412295736763,143.25787811139153,26,70.27027027027027,3,4.216216216216217,32,88.88888888888889,1,5.333333333333333,-18.618618618618612,-1.1171171171171164,0
501257,2011-05-15,9,1,18,183.0,183.0,0.4,0.1,0,0,0,4,3,0.41379310344827586,0.5384615384615384,0.25,0.4,0.5,0.4,2,2,164.8,165.2,7.471884685926699,7.541540454940284,152.0,164.33333333333334,160.4,13.337312960176968,13.342402624785882,2011,22.73030305934994,123.58804334789889,30.8318612465229,8.955710647141867,33.638554934385105,93.35564263358856,1.511782661782662,21.489378559253495,119.49069724524851,29.34149188130537,9.266337508680538,35.36076468842427,96.39633547957797,1.572783389450056,30.55000655780707,137.23916029095065,30.8169487307118,147.52414757733249,43,110.25641025641026,1,6.615384615384616,42,107.6923076923077,0,6.461538461538462,2.564102564102569,0.1538461538461542,1
501258,2011-05-15,4,10,20,178.0,178.0,0.0,0.2,0,1,0,0,1,0.5,0.4375,0.4,0.5,0.5,0.4,2,2,151.2,145.2,5.560758135407854,7.369295210659598,152.0,145.66666666666666,143.13333333333333,15.786629841063014,13.683249361137355,2011,27.074664676093093,125.27484429457276,28.624487284659555,8.350946852853633,28.105920160617437,114.73822910499626,1.4680555555555554,20.1884209480333,114.26808818920148,29.719717851454377,7.9355027359111885,32.166835383633305,96.55304714693776,1.3471557682083999,27.71933962264151,127.54772063777229,34.64819296282663,142.39612625551993,87,223.0769230769231,2,13.384615384615385,32,88.88888888888889,3,5.333333333333333,134.1880341880342,8.051282051282051,1
501259,2011-05-16,13,8,9,149.26666666666668,149.26666666666668,0.0,0.0,1,1,0,0,1,0.48148148148148145,0.3333333333333333,0.4,0.4,0.4,0.3,1,2,156.0,147.8,6.751963894591307,7.228981446498258,151.38333333333333,150.53333333333333,144.27272727272728,15.474182384537597,11.094689760106588,2011,25.914277138995697,120.91118479351344,33.70421565365277,10.175220793288476,30.177850843381965,82.58012101704051,1.792592592592592,20.887546220415427,112.89091794212129,28.300563607085348,7.813736570297412,30.948476496667986,85.20031650378027,1.4555555555555557,34.13412295736763,143.25787811139153,25.672721972347162,127.95198017563621,39,108.33333333333333,2,6.5,57,142.5,0,8.55,34.16666666666667,2.0500000000000007,1
501260,2011-05-17,12,9,18,178.66666666666666,178.66666666666666,0.3,0.1,1,0,1,4,3,0.5,0.41379310344827586,0.4,0.25,0.7,0.5,5,3,149.2,167.0,7.471884685926699,7.473946953725018,151.13114754098362,154.86666666666667,165.4,14.958801800542368,14.983046857203707,2011,22.546597378000786,127.93011014366071,39.34128634559885,8.596636919828775,40.29829033259884,115.25349058593896,1.5195027195027193,28.862532298528542,128.8038137841619,30.8318612465229,8.552162923839415,40.53085247101205,96.29137674432742,1.4534188034188034,37.310471530784035,139.3538685980196,30.55000655780707,137.23916029095065,30,78.94736842105263,1,4.7368421052631575,34,85.0,3,5.1,6.05263157894737,0.3631578947368421,0
501261,2011-05-18,0,4,27,166.57894736842104,166.46666666666667,0.1,0.0,0,1,1,0,1,0.5,0.5,1.0,0.4,0.7,0.5,4,3,159.6,139.2,7.4133771625965945,5.560758135407854,152.43548387096774,160.13333333333333,141.92307692307693,16.040729966503406,15.395517920865668,2011,30.17981300587906,129.59620464837406,35.204974607840846,8.201634483407203,32.983117239803725,93.82553281161861,1.4936507936507937,26.8272414572146,126.26841066968542,32.182179592351865,8.079196203601683,29.435890349047423,112.9319265222454,1.419047619047619,34.45731633272617,131.71087955418488,27.71933962264151,127.54772063777229,41,113.88888888888889,2,6.833333333333333,40,105.26315789473684,1,6.315789473684211,8.62573099415205,0.5175438596491224,1
501262,2011-05-19,5,8,9,148.4375,148.06666666666666,0.0,0.0,1,1,0,0,0,0.32142857142857145,0.3333333333333333,1.0,0.4,0.6,0.2,3,2,129.4,138.8,6.751963894591307,7.343088063238921,152.42857142857142,137.2,143.58333333333334,15.301867184868188,13.087238473964044,2011,22.951586964424727,120.82487840302096,29.438277124615922,8.57519247606756,41.82988010807159,103.48278296655906,1.5474603174603174,21.03737947221598,112.22558889443836,27.15221158533883,7.896087251528563,32.47465172239109,79.5025778986759,1.4076388888888889,25.720852795861074,140.66419916948178,25.672721972347162,127.95198017563621,29,78.37837837837837,2,4.702702702702703,44,118.91891891891892,1,7.135135135135135,40.54054054054055,2.4324324324324325,1
501263,2011-05-20,10,7,56,151.41666666666666,151.41666666666666,0.0,0.2,0,0,1,3,3,0.42424242424242425,0.5142857142857142,0.5,0.5,0.3,0.6,1,3,145.8,159.0,7.176359235003536,7.369295210659598,151.890625,139.4,149.66666666666666,15.313604902508818,15.688922144572382,2011,29.513708513708515,126.72322181098612,29.513708513708515,8.11409837220753,30.600238333847262,110.1775948881212,1.4749999999999999,26.514448326655273,127.30145763496544,30.78268722351648,8.275205127580714,30.116616522032807,92.80808719017115,1.454932844932845,34.64819296282663,142.39612625551993,31.04772004241782,128.61832896325035,26,72.22222222222221,2,4.333333333333333,52,140.54054054054055,0,8.432432432432433,68.31831831831833,4.0990990990991,1
501264,2011-05-21,9,13,18,192.0,192.0,0.4,0.0,0,1,0,5,2,0.41379310344827586,0.5,0.25,0.4,0.5,0.4,4,2,172.4,150.2,7.471884685926699,7.228981446498258,151.6,173.46666666666667,149.93333333333334,12.971917259963371,14.373749036952843,2011,20.154170417827892,118.74718296005953,30.38011017572421,8.647277669910714,32.83671067629179,86.99196799507621,1.4971367521367522,30.789057185374155,124.29379908014295,34.80207624716554,9.15417363372813,42.20652173913044,99.00954592363261,1.6146825396825397,30.55000655780707,137.23916029095065,34.13412295736763,143.25787811139153,45,121.62162162162163,2,7.297297297297297,58,156.75675675675674,0,9.405405405405405,-35.135135135135116,-2.108108108108108,0
501267,2011-05-22,7,5,14,144.25,148.46666666666667,0.0,0.0,0,1,0,5,1,0.5142857142857142,0.3448275862068966,0.5,1.0,0.6,0.6,2,3,153.8,129.2,7.343088063238921,7.176359235003536,152.3030303030303,149.66666666666666,135.8,15.695800925060734,14.750191224082515,2011,26.514448326655273,127.30145763496544,30.78268722351648,8.275205127580714,30.116616522032807,92.80808719017115,1.454932844932845,22.634883541463406,122.06085805032367,29.438277124615922,8.110542319105825,40.23247238134206,100.10300622448392,1.4504426129426131,31.04772004241782,128.61832896325035,25.720852795861074,140.66419916948178,46,124.32432432432432,2,7.45945945945946,54,145.94594594594594,1,8.756756756756756,21.621621621621614,1.2972972972972965,1
501266,2011-05-22,12,0,23,158.78947368421052,155.06666666666666,0.2,0.1,1,1,0,4,4,0.47619047619047616,0.5,0.0,1.0,0.7,0.7,4,4,159.4,157.0,7.473946953725018,7.4133771625965945,152.3030303030303,161.66666666666666,157.46666666666667,17.1921375083096,15.438260351524073,2011,36.97596475919914,138.56488405133888,39.34128634559885,8.311943767720729,49.37167553191489,138.2271315788646,1.4875,27.478096729366115,128.32195191330055,35.204974607840846,8.059782210581163,31.74620452497739,91.5732980069203,1.5018518518518518,37.310471530784035,139.3538685980196,34.45731633272617,131.71087955418488,44,118.91891891891892,1,7.135135135135135,23,58.97435897435898,4,3.5384615384615383,59.94455994455994,3.5966735966735968,1
501268,2011-05-24,12,0,56,150.0,150.0,0.2,0.1,0,0,0,5,4,0.47619047619047616,0.4782608695652174,0.0,1.0,0.8,0.7,4,3,144.0,153.2,7.473946953725018,7.4133771625965945,152.27941176470588,157.46666666666667,156.53333333333333,16.5871020059584,15.497048796496474,2011,33.09754920794075,135.13480930213032,39.34128634559885,8.384480440813194,43.37982663514578,129.7846239808622,1.4972222222222225,31.16845952614265,129.93470252455234,35.204974607840846,8.14698126614205,33.24761530616975,95.45999511042855,1.4898148148148147,37.310471530784035,139.3538685980196,34.45731633272617,131.71087955418488,44,115.78947368421053,1,6.947368421052632,25,65.78947368421053,2,3.947368421052632,50.0,3.0,0
501269,2011-05-25,7,5,56,151.78571428571428,151.78571428571428,0.0,0.0,1,1,0,6,1,0.5277777777777778,0.3448275862068966,0.5,1.0,0.6,0.5,2,2,156.8,130.4,7.176359235003536,7.343088063238921,152.6086956521739,149.06666666666666,138.66666666666666,15.878122247935202,14.67900631969275,2011,24.87051270362557,127.48347535492583,30.78268722351648,8.359042324331574,30.201777785119596,88.72412332794643,1.4612820512820515,21.49767425907858,122.70243510544235,29.438277124615922,8.028876044930554,40.7666421167485,109.8323018291709,1.4553317053317052,31.04772004241782,128.61832896325035,25.720852795861074,140.66419916948178,62,172.22222222222223,0,10.333333333333334,25,67.56756756756756,4,4.054054054054054,104.65465465465466,6.2792792792792795,1
501270,2011-05-27,7,12,27,165.85,164.53333333333333,0.2,0.0,1,1,0,5,3,0.5277777777777778,0.47619047619047616,0.5,0.0,0.6,0.8,2,3,150.6,154.0,7.473946953725018,7.176359235003536,152.52857142857144,147.66666666666666,156.86666666666667,14.921757793485753,16.103312721485302,2011,24.041899542944407,125.11118636203314,33.18445322793149,8.39173973947803,35.03016601821117,108.59001445747322,1.5160363247863247,33.09754920794075,135.13480930213032,39.34128634559885,8.384480440813194,43.37982663514578,129.7846239808622,1.4972222222222225,31.04772004241782,128.61832896325035,37.310471530784035,139.3538685980196,68,174.35897435897436,0,10.461538461538462,52,140.54054054054055,2,8.432432432432433,-33.81843381843382,-2.0291060291060283,0
501271,2011-05-28,12,0,27,166.76190476190476,168.46666666666667,0.1,0.2,1,0,1,5,5,0.47619047619047616,0.5,0.0,1.0,0.8,0.8,3,4,161.8,165.4,7.4133771625965945,7.473946953725018,152.98591549295776,163.73333333333332,157.0,15.541566688721407,15.944471808560534,2011,25.01982822606315,125.44006836462434,39.34128634559885,8.260772568587718,42.41396040685778,114.52284176558469,1.4622222222222223,29.93310324594941,131.71365533677707,35.204974607840846,8.071262754716797,32.05500002564681,99.6320036574371,1.4953703703703702,37.310471530784035,139.3538685980196,34.45731633272617,131.71087955418488,56,155.55555555555557,0,9.333333333333334,47,130.55555555555557,2,7.833333333333334,-25.0,-1.5,0
548306,2012-04-04,0,7,27,168.5,168.06666666666666,0.2,0.0,0,0,0,4,4,0.5,0.5135135135135135,1.0,0.5,0.8,0.5,4,2,167.2,155.0,7.4133771625965945,7.176359235003536,157.54054054054055,160.46666666666667,153.66666666666666,14.87496411128916,14.039930411323581,2012,26.051556217843416,128.75485111688255,34.31708286994911,8.572060190519752,30.533459952713358,96.30624053339602,1.5898989898989897,26.96636030158956,120.35112855657448,30.78268722351648,8.655809194132155,29.997677304964537,93.05388621706463,1.5173504273504275,34.45731633272617,131.71087955418488,31.04772004241782,128.61832896325035,42,107.6923076923077,2,6.461538461538462,53,139.4736842105263,0,8.368421052631579,-31.781376518218607,-1.906882591093117,0
548307,2012-04-05,1,5,14,145.71428571428572,150.33333333333334,0.0,0.1,0,1,0,3,3,0.5185185185185185,0.3333333333333333,0.4,1.0,0.3,0.5,1,2,167.8,128.6,7.343088063238921,7.541540454940284,112.0,159.53333333333333,139.6,17.018369366381723,13.737405896531738,2012,24.710557820274317,139.89020222702231,25.714706024516698,8.81107249177703,43.72594004065041,76.70130931160342,1.468161231884058,29.42651275634676,121.04127920330636,49.50931537598205,8.21995334660928,38.03669396383758,108.98624716850031,1.5115079365079365,30.8169487307118,147.52414757733249,25.720852795861074,140.66419916948178,46,121.05263157894737,4,7.2631578947368425,48,129.72972972972974,0,7.783783783783784,8.67709815078237,0.5206258890469417,1
548308,2012-04-06,7,8,56,151.46666666666667,151.46666666666667,0.0,0.0,1,1,0,2,0,0.5263157894736842,0.3333333333333333,0.5,0.4,0.6,0.2,3,2,150.4,133.8,7.176359235003536,6.751963894591307,104.5,151.8,141.6153846153846,13.19897210072607,13.141863855220874,2012,20.04377307050382,115.53437055189887,31.190251733944194,7.95995738677571,28.317130071734553,91.01898014814184,1.4735431235431236,19.3556384967013,104.60867627036612,29.39258639910814,8.753285458156501,32.84834542877324,74.7615428168979,1.4351851851851853,31.04772004241782,128.61832896325035,25.672721972347162,127.95198017563621,27,69.23076923076923,3,4.153846153846153,30,81.08108108108108,3,4.864864864864865,-11.850311850311854,-0.7110187110187116,0
548309,2012-04-06,10,9,47,150.8235294117647,146.8,0.2,0.4,1,0,0,4,3,0.4411764705882353,0.41379310344827586,0.5,0.25,0.4,0.4,1,4,143.8,188.2,7.369295210659598,7.471884685926699,104.5,136.66666666666666,175.06666666666666,14.963955806480353,16.619760401420535,2012,26.47325398477442,129.84391030503915,33.163198686239554,7.5683752205885755,26.322773784992183,116.5366033790088,1.3133040935672515,22.128565731508917,125.7845827942304,32.227552856500225,8.677111318974118,34.513947947493726,92.36721660462554,1.5099145299145298,34.64819296282663,142.39612625551993,30.55000655780707,137.23916029095065,57,150.0,0,9.0,45,118.42105263157893,2,7.105263157894736,31.57894736842107,1.8947368421052637,1
548310,2012-04-07,12,1,23,157.25,155.2,0.3,0.1,1,0,0,2,5,0.45454545454545453,0.5357142857142857,0.0,0.4,0.7,0.4,2,2,185.0,159.2,7.473946953725018,7.541540454940284,132.25,166.66666666666666,158.53333333333333,13.998522567639112,15.655157894959293,2012,24.134444701268233,122.1742930521349,36.28826551226551,8.293621064067768,36.366627264433845,112.56200383035605,1.4851851851851852,21.49738115725516,129.83794727894121,25.714706024516698,8.727656255280083,36.92112763827433,95.03055225958855,1.5080155418923535,37.310471530784035,139.3538685980196,30.8169487307118,147.52414757733249,46,124.32432432432432,2,7.45945945945946,46,124.32432432432432,1,7.45945945945946,0.0,0.0,1
548311,2012-04-07,0,13,11,167.0,167.0,0.1,0.2,1,0,0,4,4,0.5,0.5172413793103449,1.0,0.4,0.7,0.5,3,3,154.4,156.0,7.228981446498258,7.4133771625965945,132.25,155.4,153.66666666666666,13.554666407556779,13.51855979135468,2012,29.209636133845553,131.57735982904512,34.31708286994911,9.006076094387488,31.820177889141938,98.25143787627668,1.6270833333333332,18.884858700190886,121.74917816746729,28.47442077552806,9.707163265610893,35.82144786777461,88.83609222024083,1.7614285714285713,34.45731633272617,131.71087955418488,34.13412295736763,143.25787811139153,45,115.38461538461537,1,6.9230769230769225,44,118.91891891891892,2,7.135135135135135,3.5343035343035467,0.21205821205821263,1
548312,2012-04-08,5,10,47,153.05555555555554,152.26666666666668,0.3,0.0,0,1,0,4,3,0.3333333333333333,0.4411764705882353,1.0,0.5,0.5,0.5,1,2,125.2,152.6,7.369295210659598,7.343088063238921,146.5,135.86666666666667,140.73333333333332,16.244479847832135,15.504913574703187,2012,28.454724515339162,125.1748681591415,49.50931537598205,8.093153286043805,36.959967997428095,112.02815164613015,1.4847041847041849,24.784217701235217,125.4836422469343,33.163198686239554,7.705686444361368,27.047538793080093,110.12661242010277,1.3423558897243109,25.720852795861074,140.66419916948178,34.64819296282663,142.39612625551993,37,100.0,1,6.0,27,71.05263157894737,4,4.2631578947368425,-28.94736842105263,-1.7368421052631575,0
548313,2012-04-08,8,9,53,167.0,167.0,0.0,0.4,0,1,1,2,0,0.42857142857142855,0.4,0.4,0.25,0.3,0.4,3,3,127.6,193.8,6.751963894591307,7.471884685926699,146.5,140.71428571428572,175.0,12.837109201785635,13.809981723665986,2012,21.217103360712805,110.53851186165201,29.39258639910814,8.900212860368985,32.62514775413712,67.64260257987705,1.3847222222222222,19.32946426270177,122.91177693843265,28.45664757130923,8.610857018048593,33.920801142494724,88.61143844464712,1.4857075023741688,25.672721972347162,127.95198017563621,30.55000655780707,137.23916029095065,38,102.7027027027027,2,6.162162162162161,19,52.77777777777778,2,3.166666666666667,49.924924924924916,2.9954954954954944,1
548314,2012-04-09,7,13,11,193.0,193.0,0.2,0.0,1,0,1,4,4,0.5263157894736842,0.5172413793103449,0.5,0.4,0.5,0.4,3,3,149.6,159.6,7.228981446498258,7.176359235003536,151.125,148.26666666666668,161.06666666666666,13.171958994350152,13.997857577410906,2012,25.115256765973026,126.05129440486375,29.057460406030913,8.339949482863268,30.696063499405312,93.28374941138915,1.454932844932845,19.527058963695495,116.74142506392177,29.14911361283644,9.569669512251817,34.67175852325768,88.91363266225497,1.736984126984127,31.04772004241782,128.61832896325035,34.13412295736763,143.25787811139153,45,125.0,2,7.5,29,80.55555555555556,2,4.833333333333334,-44.44444444444444,-2.666666666666666,1
548316,2012-04-10,0,1,16,165.52631578947367,162.93333333333334,0.0,0.3,0,0,0,4,3,0.52,0.5172413793103449,1.0,0.4,0.7,0.3,3,1,162.6,155.6,7.541540454940284,7.4133771625965945,149.66666666666666,156.06666666666666,159.33333333333334,15.056145869662258,15.116679403559498,2012,26.648871741000544,130.1853885708461,34.31708286994911,8.79852401664126,31.68006436520978,98.66662202758985,1.6388888888888888,28.20918367346939,133.0044667840845,30.612244897959187,8.646660951470075,33.3171120398514,88.92759338843074,1.499087956021989,34.45731633272617,131.71087955418488,30.8169487307118,147.52414757733249,50,138.88888888888889,2,8.333333333333332,41,102.49999999999999,2,6.1499999999999995,-36.3888888888889,-2.1833333333333327,0
548315,2012-04-10,12,5,23,157.23809523809524,155.4,0.3,0.0,1,1,0,5,3,0.45454545454545453,0.3225806451612903,0.0,1.0,0.7,0.4,3,1,170.0,140.2,7.473946953725018,7.343088063238921,149.66666666666666,167.8,135.93333333333334,14.982028299933543,15.137456096052098,2012,23.94490648114141,120.88898593791478,39.34128634559885,8.154536492839828,37.337421460153266,106.43613381870344,1.4655555555555555,21.43621531406541,123.43893814401754,29.438277124615922,8.068933225713572,39.743311238406974,103.59425278090862,1.4486874236874236,37.310471530784035,139.3538685980196,25.720852795861074,140.66419916948178,20,55.55555555555556,3,3.3333333333333335,60,166.66666666666669,0,10.0,-111.11111111111113,-6.666666666666666,0
548317,2012-04-11,7,10,56,150.0625,149.06666666666666,0.0,0.2,1,0,0,3,4,0.5384615384615384,0.4411764705882353,0.5,0.5,0.5,0.6,3,3,142.2,146.2,7.176359235003536,7.369295210659598,147.45454545454547,149.6,142.86666666666667,16.71363441749166,14.525544136472101,2012,23.904090410967143,127.5341210148518,29.057460406030913,8.17724698743671,30.27655556197965,90.07738701515876,1.4473717948717948,20.55249714297074,118.77896203084546,32.42952656126308,7.630543891840839,29.48694372015728,104.97581551510565,1.3466507177033493,31.04772004241782,128.61832896325035,34.64819296282663,142.39612625551993,54,150.0,1,9.0,44,122.22222222222223,2,7.333333333333334,27.77777777777777,1.666666666666666,1
548319,2012-04-12,9,8,41,175.3125,171.0,0.4,0.0,1,1,0,0,3,0.3870967741935484,0.42857142857142855,0.25,0.4,0.4,0.4,2,3,191.4,137.0,7.471884685926699,6.751963894591307,151.58333333333334,178.6,142.4,14.893822390518139,11.173558487725337,2012,23.897698802745243,125.19679745478406,29.490179119126484,9.406280314151177,29.834411146994256,85.780758937597,1.5956196581196582,18.744444347054735,105.10162324210764,29.39258639910814,8.40595477588669,32.36081461112442,69.2880720606353,1.355050505050505,30.55000655780707,137.23916029095065,25.672721972347162,127.95198017563621,38,105.55555555555556,1,6.333333333333334,29,76.31578947368422,3,4.578947368421053,29.239766081871338,1.7543859649122808,1
548318,2012-04-12,0,12,27,166.04347826086956,162.86666666666667,0.3,0.2,0,0,1,6,5,0.5,0.45454545454545453,1.0,0.0,0.6,0.6,3,2,159.0,177.4,7.4133771625965945,7.473946953725018,151.58333333333334,154.66666666666666,167.13333333333333,14.466198903967458,13.846063880407634,2012,29.093750819633012,133.38921274191674,34.31708286994911,9.074150709728828,31.880756324503988,104.1966982322283,1.6428571428571426,26.859275599536627,125.64127038735163,39.34128634559885,9.220750635837987,39.17395164921761,114.74758014487975,1.6246913580246913,34.45731633272617,131.71087955418488,37.310471530784035,139.3538685980196,52,144.44444444444443,0,8.666666666666666,56,147.36842105263156,1,8.842105263157894,-2.9239766081871323,-0.17543859649122773,1
548320,2012-04-13,10,5,14,143.5,145.2,0.0,0.3,0,1,1,4,4,0.42857142857142855,0.34375,0.5,1.0,0.5,0.4,3,1,156.4,149.6,7.343088063238921,7.369295210659598,152.78571428571428,146.86666666666667,136.33333333333334,14.304138381020106,16.431581066314326,2012,25.598792015809533,117.38926243372768,33.163198686239554,7.567461580367817,28.306240091781394,109.97068338182079,1.306641604010025,25.171933207285566,124.34535842403291,29.438277124615922,8.206664344738813,41.83711129296235,93.17531764364954,1.4687598116169542,34.64819296282663,142.39612625551993,25.720852795861074,140.66419916948178,36,94.73684210526315,1,5.684210526315789,45,125.0,0,7.5,30.26315789473685,1.8157894736842106,0
548322,2012-04-14,8,0,53,166.0,166.0,0.0,0.4,0,0,1,0,2,0.375,0.5,0.4,1.0,0.4,0.7,2,3,132.8,165.0,6.751963894591307,7.4133771625965945,151.33333333333334,142.6,157.4,13.02388160313551,14.165094224659097,2012,23.62736537714049,118.18066449251633,27.96419133737974,9.416754355908772,34.141784869976355,63.97730941687597,1.3277777777777777,29.093750819633012,133.38921274191674,34.31708286994911,9.074150709728828,31.880756324503988,104.1966982322283,1.6428571428571426,25.672721972347162,127.95198017563621,34.45731633272617,131.71087955418488,56,147.36842105263156,1,8.842105263157894,43,119.44444444444444,0,7.166666666666666,27.923976608187118,1.6754385964912277,1
548323,2012-04-15,5,9,14,142.95652173913044,144.93333333333334,0.0,0.4,1,1,0,4,3,0.34375,0.3870967741935484,1.0,0.25,0.4,0.5,2,2,140.8,180.4,7.343088063238921,7.471884685926699,151.5625,139.66666666666666,173.73333333333332,14.373600300824123,14.792464567956435,2012,23.703329914734237,123.03501555165982,29.438277124615922,8.157099148871636,39.25065643248267,101.47682162539348,1.4578008411341743,20.238007804587355,120.66360013699126,32.227552856500225,8.559791073681485,33.39743417621808,94.0424013835813,1.4838888888888888,25.720852795861074,140.66419916948178,30.55000655780707,137.23916029095065,48,126.3157894736842,2,7.578947368421052,26,70.27027027027027,2,4.216216216216217,56.04551920341393,3.3627311522048355,0
548324,2012-04-15,10,12,23,157.5909090909091,158.26666666666668,0.3,0.3,0,1,1,3,4,0.4166666666666667,0.43478260869565216,0.5,0.0,0.4,0.5,3,2,163.2,183.4,7.473946953725018,7.369295210659598,151.5625,145.53333333333333,168.6,15.534942648277875,15.398092954670426,2012,31.930840573121227,123.95869427447875,33.163198686239554,7.468558406104103,21.506887950215546,113.34123475190171,1.297222222222222,22.4842764547173,115.00155657457618,39.34128634559885,7.979346759173274,36.38869687059221,107.10601911050823,1.442929292929293,34.64819296282663,142.39612625551993,37.310471530784035,139.3538685980196,54,150.0,2,9.0,43,119.44444444444444,0,7.166666666666666,-30.555555555555557,-1.833333333333334,1
548325,2012-04-16,7,1,56,152.8235294117647,151.8,0.1,0.0,1,0,0,5,3,0.5384615384615384,0.5172413793103449,0.5,0.4,0.5,0.4,3,2,152.2,142.0,7.176359235003536,7.541540454940284,153.0,151.8,160.33333333333334,12.042724028144352,16.27213497504895,2012,16.791719433084328,109.9827468220626,28.029506447844394,8.059673741387359,32.07619127197223,85.59619785133619,1.474819624819625,27.528322548531612,131.14809897471287,30.612244897959187,9.132713376560677,32.93291540020263,86.66551793418782,1.5992703648175912,31.04772004241782,128.61832896325035,30.8169487307118,147.52414757733249,23,62.16216216216216,2,3.72972972972973,41,105.12820512820514,1,6.307692307692308,-42.96604296604298,-2.5779625779625785,0
548326,2012-04-17,10,13,47,153.6315789473684,153.86666666666667,0.4,0.2,1,0,1,6,1,0.43243243243243246,0.5172413793103449,0.5,0.4,0.4,0.4,3,3,175.6,160.0,7.369295210659598,7.228981446498258,149.78947368421052,147.93333333333334,161.13333333333333,14.873384269059784,16.117885814774606,2012,26.204347571365084,120.92719919695206,33.163198686239554,7.567461580367817,28.306240091781394,113.36070605755776,1.306641604010025,29.38530459738243,121.97148166006227,33.70421565365277,8.130442743183185,29.56871184426917,79.40835544744213,1.4763888888888888,34.64819296282663,142.39612625551993,34.13412295736763,143.25787811139153,62,158.97435897435898,1,9.538461538461538,57,142.5,0,8.55,16.474358974358978,0.9884615384615376,1
548327,2012-04-17,12,8,23,159.2173913043478,157.73333333333332,0.4,0.0,1,0,1,1,0,0.43478260869565216,0.375,0.0,0.4,0.4,0.5,1,3,185.4,136.6,7.473946953725018,6.751963894591307,149.78947368421052,170.2,143.06666666666666,15.292769001307914,14.218099455576569,2012,33.20878350210188,133.75718976625274,39.34128634559885,8.301069961161991,50.41380516154452,124.25019972114912,1.4972222222222225,23.272618894578073,118.02543829550031,27.96419133737974,8.7464336742949,34.66580124957784,76.39197198038417,1.2936507936507937,37.310471530784035,139.3538685980196,25.672721972347162,127.95198017563621,42,107.6923076923077,2,6.461538461538462,58,152.63157894736844,0,9.157894736842106,-44.939271255060746,-2.6963562753036445,1
548328,2012-04-18,9,5,41,171.76470588235293,166.53333333333333,0.3,0.0,1,1,1,4,4,0.40625,0.34375,0.25,1.0,0.6,0.4,2,2,160.8,138.2,7.471884685926699,7.343088063238921,153.52380952380952,171.66666666666666,139.8,14.09755880256366,13.453168392230372,2012,20.61892739797428,117.78397103115806,30.8318612465229,8.889782728333097,32.93847139219629,83.52948961993555,1.5125763125763125,26.815736692808986,119.59574401460631,28.565126401222795,8.354919648197452,32.5778658619749,88.25103106165747,1.5055555555555555,30.55000655780707,137.23916029095065,25.720852795861074,140.66419916948178,45,121.62162162162163,1,7.297297297297297,53,147.22222222222223,1,8.833333333333334,-25.6006006006006,-1.5360360360360366,0
548321,2012-04-19,1,13,16,162.75,162.4,0.0,0.3,1,0,1,5,4,0.5333333333333333,0.5,0.4,0.4,0.5,0.3,3,2,125.2,172.2,7.541540454940284,7.228981446498258,152.1818181818182,156.4,163.33333333333334,13.882455506872896,12.607689710761504,2012,25.477103707172173,126.69024807016024,30.612244897959187,9.111184740046664,32.828868143001884,87.20909890556524,1.6152796978134312,20.568589575940393,114.87099009993355,33.70421565365277,9.12592502150925,39.95436721890985,85.59990717205888,1.6566666666666667,30.8169487307118,147.52414757733249,34.13412295736763,143.25787811139153,34,91.8918918918919,3,5.513513513513514,50,138.88888888888889,1,8.333333333333332,-46.996996996996984,-2.819819819819818,1
548330,2012-04-19,8,0,27,167.66666666666666,165.8,0.3,0.0,1,1,0,1,2,0.3333333333333333,0.48148148148148145,0.4,1.0,0.5,0.6,3,2,149.4,155.0,7.4133771625965945,6.751963894591307,152.1818181818182,142.73333333333332,158.26666666666668,12.28982392790068,15.06421300284642,2012,21.727759783728036,114.91757504539045,29.39258639910814,8.727381948170596,35.15415474619604,74.00187655723165,1.4098765432098765,30.383681511794077,131.47114062443862,34.31708286994911,9.35062826933603,32.470686300156615,95.80487206030686,1.6759259259259256,25.672721972347162,127.95198017563621,34.45731633272617,131.71087955418488,42,113.51351351351352,0,6.8108108108108105,53,147.22222222222223,2,8.833333333333334,33.70870870870871,2.0225225225225234,0
548331,2012-04-20,12,9,41,169.11111111111111,164.26666666666668,0.3,0.4,0,1,0,4,4,0.43478260869565216,0.40625,0.0,0.25,0.4,0.6,2,2,180.8,146.0,7.471884685926699,7.473946953725018,152.875,171.66666666666666,166.93333333333334,14.700334613199418,14.988307922353838,2012,30.430923439830476,131.16061059831495,39.34128634559885,8.143438128323702,40.6743561867042,124.75575019701508,1.4333333333333336,23.37072008833143,122.05635821395245,33.28164441230252,8.92228742062415,33.39177657700247,79.94431540013267,1.5533653846153845,37.310471530784035,139.3538685980196,30.55000655780707,137.23916029095065,41,113.88888888888889,2,6.833333333333333,36,94.73684210526315,3,5.684210526315789,-19.152046783625735,-1.1491228070175437,1
548332,2012-04-21,0,10,27,167.52,160.33333333333334,0.3,0.5,0,0,1,5,4,0.48148148148148145,0.43243243243243246,1.0,0.5,0.6,0.5,3,3,165.4,176.6,7.4133771625965945,7.369295210659598,153.28,159.8,155.6,17.551350460819922,12.550348006369937,2012,31.11615551907092,131.70621607146862,34.31708286994911,9.696547477843408,32.79776473665853,89.63368272967816,1.7355555555555555,29.190127003951524,121.69504530722345,33.163198686239554,7.504050264706291,26.805510360172434,109.42562340121579,1.2904093567251462,34.45731633272617,131.71087955418488,34.64819296282663,142.39612625551993,45,125.0,0,7.5,41,110.8108108108108,1,6.648648648648649,14.189189189189193,0.8513513513513509,1
548333,2012-04-21,1,8,16,162.47619047619048,161.13333333333333,0.0,0.0,1,1,0,1,0,0.5333333333333333,0.3,0.4,0.4,0.5,0.5,4,2,122.6,156.4,7.541540454940284,6.751963894591307,153.28,154.4,145.8,13.510552659973959,14.176332313895427,2012,22.64808143813469,128.12547937175475,30.612244897959187,8.792284223856534,31.733462252298295,83.88990520937902,1.5495385303981009,25.61499978574264,124.64234295561036,27.96419133737974,9.483363308396424,35.91956264775414,71.60330622708332,1.3255555555555554,30.8169487307118,147.52414757733249,25.672721972347162,127.95198017563621,49,136.11111111111111,1,8.166666666666668,52,136.8421052631579,1,8.210526315789474,-0.730994152046776,-0.04385964912280649,0
548335,2012-04-22,13,5,2,170.5,170.5,0.3,0.0,0,0,0,2,6,0.4838709677419355,0.36363636363636365,0.4,1.0,0.3,0.4,1,3,176.4,143.6,7.228981446498258,7.343088063238921,154.44444444444446,162.13333333333333,136.66666666666666,13.206439127535461,14.818051805353928,2012,22.13335349707663,113.81761852409585,34.80207624716554,8.246256850477646,35.943448956683454,92.67980195828494,1.5355379188712521,27.096296348768572,122.19346121063248,29.438277124615922,8.618342720922085,39.86639073523571,96.7153184715669,1.560090702947846,34.13412295736763,143.25787811139153,25.720852795861074,140.66419916948178,39,108.33333333333333,1,6.5,42,110.5263157894737,1,6.631578947368421,-2.1929824561403706,-0.13157894736842124,0
548334,2012-04-22,7,9,56,149.44444444444446,153.46666666666667,0.1,0.3,1,1,1,3,5,0.5384615384615384,0.40625,0.5,0.25,0.5,0.5,3,2,133.6,140.4,7.176359235003536,7.471884685926699,154.44444444444446,146.46666666666667,162.4,14.191246184986152,14.757637868008915,2012,25.79485128053236,130.75514301766958,30.78268722351648,8.411493557265896,30.308813626495777,111.58653017085362,1.5018162393162393,25.5106411385089,124.1337758472202,33.28164441230252,9.213788649231102,35.09813761854297,85.11965364897866,1.6212962962962962,31.04772004241782,128.61832896325035,30.55000655780707,137.23916029095065,39,105.40540540540539,0,6.324324324324324,48,133.33333333333331,0,8.0,-27.927927927927925,-1.6756756756756763,0
548336,2012-04-23,10,12,47,155.75,156.53333333333333,0.4,0.3,1,1,0,4,4,0.42105263157894735,0.4583333333333333,0.5,0.0,0.5,0.5,2,2,173.0,182.0,7.369295210659598,7.473946953725018,153.75862068965517,152.33333333333334,170.46666666666667,15.404400685361548,17.807231086569317,2012,24.373690488580813,127.16907651829712,33.163198686239554,7.664826409645771,25.18117154275931,113.9275909987333,1.3479166666666667,33.874540202522255,136.48933511500167,39.34128634559885,8.255373195994766,54.217340425531916,120.75943128318416,1.4933333333333334,34.64819296282663,142.39612625551993,37.310471530784035,139.3538685980196,48,126.3157894736842,0,7.578947368421052,37,102.77777777777777,1,6.166666666666666,23.538011695906434,1.4122807017543861,0
548337,2012-04-24,8,1,53,160.5,160.5,0.1,0.1,0,1,1,1,1,0.36363636363636365,0.5333333333333333,0.4,0.4,0.5,0.5,2,3,161.6,141.6,6.751963894591307,7.541540454940284,154.93333333333334,149.13333333333333,156.0,13.213361123732914,16.381156521665417,2012,25.49991184963074,122.66628125207554,27.057353730542136,8.201276597114948,34.76056442080378,69.36834743028027,1.473611111111111,29.160403185664514,134.34639561481148,30.612244897959187,9.283503273951315,33.3171120398514,85.06540900418753,1.6199212893553225,25.672721972347162,127.95198017563621,30.8169487307118,147.52414757733249,28,77.77777777777779,2,4.666666666666667,61,164.86486486486487,1,9.891891891891891,-87.08708708708708,-5.225225225225224,0
548339,2012-04-25,9,7,41,168.78947368421052,163.26666666666668,0.3,0.1,1,1,1,6,3,0.42424242424242425,0.5384615384615384,0.25,0.5,0.5,0.5,3,2,139.8,143.8,7.471884685926699,7.176359235003536,154.6451612903226,165.33333333333334,151.06666666666666,14.643075056350138,13.545601212397123,2012,26.528558839894885,123.34996996055861,33.28164441230252,9.519589857338193,37.24190307328605,82.46545091803222,1.6466666666666665,26.052427038108117,128.9485679130836,30.78268722351648,8.423775025797363,29.068222228646313,101.8418061448796,1.4799412393162394,30.55000655780707,137.23916029095065,31.04772004241782,128.61832896325035,44,118.91891891891892,1,7.135135135135135,40,108.10810810810811,0,6.486486486486487,10.810810810810807,0.6486486486486482,0
548341,2012-04-26,8,13,53,155.66666666666666,155.66666666666666,0.1,0.3,0,0,1,1,1,0.36363636363636365,0.4838709677419355,0.4,0.4,0.4,0.3,2,0,167.8,162.0,6.751963894591307,7.228981446498258,155.0625,149.46666666666667,159.53333333333333,13.060989938420338,13.649139621532187,2012,21.910675732773015,115.09349245228438,29.39258639910814,8.537803508089276,32.35559069247012,80.27286758699461,1.3703703703703705,27.74678349236819,116.53367214311784,34.80207624716554,8.812003760428926,39.1690789135574,95.51844031116478,1.5755291005291003,25.672721972347162,127.95198017563621,34.13412295736763,143.25787811139153,44,115.78947368421053,2,6.947368421052632,50,138.88888888888889,2,8.333333333333332,-23.09941520467835,-1.3859649122807003,0
548342,2012-04-27,1,7,16,163.8181818181818,159.4,0.1,0.1,1,0,0,4,5,0.5483870967741935,0.55,0.4,0.5,0.5,0.6,4,3,139.4,151.6,7.541540454940284,7.176359235003536,155.72727272727272,150.33333333333334,151.66666666666666,15.453506152797454,13.319825895639797,2012,25.477103707172173,126.69024807016024,30.612244897959187,9.111184740046664,32.828868143001884,87.20909890556524,1.6152796978134312,20.663500072044936,121.3593944404317,30.42373181578058,8.19815560413947,28.63033445792748,100.35696332985688,1.513611111111111,30.8169487307118,147.52414757733249,31.04772004241782,128.61832896325035,54,145.94594594594594,0,8.756756756756756,49,132.43243243243242,3,7.945945945945946,13.513513513513516,0.8108108108108105,1
548343,2012-04-28,0,9,27,166.69230769230768,159.06666666666666,0.3,0.3,0,0,1,6,1,0.48148148148148145,0.42424242424242425,1.0,0.25,0.6,0.4,3,2,156.0,150.4,7.4133771625965945,7.471884685926699,157.23529411764707,158.53333333333333,165.93333333333334,14.82764341967836,14.330529927810641,2012,26.408777955330244,129.9233714528919,34.31708286994911,8.652469388441263,30.955500600083603,97.20183572670678,1.5879411764705882,22.797542435419185,123.99447152052295,34.677336022279846,8.7622400792607,34.319176440684416,90.90468492423491,1.5444444444444443,34.45731633272617,131.71087955418488,30.55000655780707,137.23916029095065,48,133.33333333333331,1,8.0,43,107.5,0,6.449999999999999,25.833333333333314,1.5500000000000007,0
548344,2012-04-28,5,12,14,142.58333333333334,142.93333333333334,0.0,0.4,1,1,1,4,5,0.38235294117647056,0.48,1.0,0.0,0.5,0.5,4,3,136.0,186.8,7.343088063238921,7.473946953725018,157.23529411764707,135.2,169.4,15.392880969738608,14.77320051851334,2012,28.554634708095826,125.04078380275465,29.438277124615922,8.65385829449167,43.254495492686985,98.57464356032635,1.5774603174603175,28.55768652767531,127.8451838433253,39.34128634559885,8.123286605579333,45.421663394967915,113.92774303095507,1.4631944444444445,25.720852795861074,140.66419916948178,37.310471530784035,139.3538685980196,46,117.94871794871796,0,7.076923076923077,35,94.5945945945946,3,5.675675675675675,23.35412335412336,1.4012474012474012,1
548345,2012-04-29,10,1,16,165.69565217391303,160.86666666666667,0.2,0.5,0,0,1,4,4,0.42105263157894735,0.5483870967741935,0.5,0.4,0.5,0.6,2,4,171.4,158.8,7.541540454940284,7.369295210659598,158.11111111111111,157.66666666666666,153.46666666666667,13.605112596349779,16.963146189847755,2012,31.930840573121227,123.95869427447875,33.163198686239554,7.468558406104103,21.506887950215546,113.34123475190171,1.297222222222222,25.477103707172173,126.69024807016024,30.612244897959187,9.111184740046664,32.828868143001884,87.20909890556524,1.6152796978134312,34.64819296282663,142.39612625551993,30.8169487307118,147.52414757733249,42,113.51351351351352,2,6.8108108108108105,40,108.10810810810811,0,6.486486486486487,-5.4054054054054035,-0.3243243243243237,0
548346,2012-04-29,13,7,56,150.1578947368421,151.73333333333332,0.2,0.3,0,0,0,4,5,0.5,0.5365853658536586,0.4,0.3333333333333333,0.4,0.5,1,2,158.8,165.4,7.176359235003536,7.228981446498258,158.11111111111111,160.13333333333333,154.8,13.327470390988708,13.018422099936474,2012,21.331349591391838,115.29899216999071,34.80207624716554,9.434972702899694,33.63780858284734,90.16802527907228,1.7098845598845598,25.740487551365593,122.82845714772675,30.78268722351648,8.651228536808414,29.245406957109083,100.34892971548572,1.5088217338217338,34.13412295736763,143.25787811139153,31.04772004241782,128.61832896325035,31,79.48717948717949,2,4.769230769230769,38,105.55555555555556,1,6.333333333333334,26.068376068376068,1.5641025641025648,0
548347,2012-04-30,5,0,27,166.2962962962963,160.2,0.3,0.1,1,0,1,2,5,0.38235294117647056,0.48148148148148145,1.0,1.0,0.5,0.6,4,3,141.0,165.2,7.4133771625965945,7.343088063238921,156.42105263157896,139.93333333333334,159.13333333333333,13.49853728399019,15.463607790165804,2012,28.017751145635405,123.61316913320229,29.438277124615922,8.633140876576078,41.27810105084041,100.32200688850725,1.5673280423280422,30.667926643808837,133.4995045126207,36.00603280889905,9.157523258450565,31.880756324503988,105.34697755952627,1.665079365079365,25.720852795861074,140.66419916948178,34.45731633272617,131.71087955418488,43,116.21621621621621,2,6.972972972972972,37,88.09523809523809,1,5.285714285714286,-28.120978120978123,-1.6872586872586863,1
548349,2012-05-01,10,1,47,157.33333333333334,156.0,0.5,0.2,1,1,1,4,5,0.41025641025641024,0.5483870967741935,0.5,0.4,0.5,0.7,2,4,175.6,170.8,7.369295210659598,7.541540454940284,155.97435897435898,161.53333333333333,153.73333333333332,12.952324659611856,16.541760261150344,2012,26.390194817585147,121.06156531993216,33.38383677514113,7.715614832022727,29.70037855856959,104.48090079952762,1.353033625730994,26.106935457109675,127.62985081869573,30.612244897959187,9.34670559157834,32.65242950016886,87.72278470199542,1.6483818696712251,34.64819296282663,142.39612625551993,30.8169487307118,147.52414757733249,56,151.35135135135135,0,9.08108108108108,61,169.44444444444443,1,10.166666666666666,-18.093093093093074,-1.0855855855855854,0
548348,2012-05-01,8,13,2,155.66666666666666,155.66666666666666,0.3,0.1,1,0,1,1,2,0.36363636363636365,0.48484848484848486,0.4,0.4,0.4,0.4,1,1,172.2,151.2,7.228981446498258,6.751963894591307,155.97435897435898,149.2,155.33333333333334,12.876700022665187,14.142586782320798,2012,23.475129620781793,113.46952902164087,29.39258639910814,8.620193246586345,32.89302600472813,83.71455729700632,1.2733044733044736,29.380116825701524,121.91183107022304,34.80207624716554,8.812003760428926,39.1690789135574,103.34582126354572,1.5755291005291003,25.672721972347162,127.95198017563621,34.13412295736763,143.25787811139153,33,91.66666666666666,2,5.5,48,133.33333333333331,1,8.0,41.66666666666666,2.5,0
548350,2012-05-02,9,12,23,160.16666666666666,163.73333333333332,0.5,0.2,0,1,0,4,5,0.4411764705882353,0.46153846153846156,0.25,0.0,0.4,0.5,2,3,154.8,183.8,7.473946953725018,7.471884685926699,156.34146341463415,162.66666666666666,173.73333333333332,13.636719400993718,15.702757137532272,2012,19.656535513542924,115.6987159793475,28.56431738687378,8.921179864631041,34.181459116685005,81.28543669713633,1.5555555555555556,29.075821399014153,140.08712079454426,39.34128634559885,8.484351153468513,40.598292959995085,127.26490770617258,1.481746031746032,30.55000655780707,137.23916029095065,37.310471530784035,139.3538685980196,33,91.66666666666666,1,5.5,53,143.24324324324326,1,8.594594594594595,51.5765765765766,3.0945945945945947,1
548351,2012-05-03,8,7,53,161.0,161.0,0.1,0.2,0,0,1,1,2,0.3333333333333333,0.5365853658536586,0.4,0.3333333333333333,0.4,0.5,1,2,173.0,146.0,6.751963894591307,7.176359235003536,156.38095238095238,152.06666666666666,149.6,13.440443300519462,13.663975512527404,2012,19.702351108460554,110.41672296805973,27.96419133737974,8.384644344941192,32.760047233351756,79.82009521982432,1.3120580808080806,20.837600545215174,114.56757501052782,30.78268722351648,8.215259013353542,28.138072290700148,105.87333669079547,1.5200641025641026,25.672721972347162,127.95198017563621,31.04772004241782,128.61832896325035,37,100.0,1,6.0,42,113.51351351351352,0,6.8108108108108105,-13.513513513513516,-0.8108108108108105,0
548352,2012-05-04,13,0,27,165.32142857142858,162.0,0.3,0.3,1,0,1,4,5,0.48484848484848486,0.48148148148148145,0.4,1.0,0.4,0.5,2,2,149.2,152.0,7.4133771625965945,7.228981446498258,155.53488372093022,159.13333333333333,160.8,13.65456651504568,14.672902218248192,2012,22.92396796916302,122.97406507037677,29.14911361283644,8.967371135712117,50.15244449776924,90.29618479919232,1.5798185941043081,29.209636133845553,131.57735982904512,34.31708286994911,9.006076094387488,31.820177889141938,98.25143787627668,1.6270833333333332,34.13412295736763,143.25787811139153,34.45731633272617,131.71087955418488,56,151.35135135135135,1,9.08108108108108,47,130.55555555555557,1,7.833333333333334,-20.795795795795783,-1.2477477477477468,0
548353,2012-05-05,5,8,14,144.48,143.53333333333333,0.1,0.1,1,1,1,1,0,0.4,0.3333333333333333,1.0,0.4,0.6,0.3,4,1,142.6,164.2,7.343088063238921,6.751963894591307,155.63636363636363,137.93333333333334,149.4,14.51804163235416,12.901083795019394,2012,26.010289159313107,122.48475721621419,29.438277124615922,8.604041873173887,39.743134234053684,92.28219019633336,1.5418367346938775,21.04585867079244,111.00146518167195,29.39258639910814,8.436727233461776,32.75356247377524,84.56206945075786,1.3440516273849608,25.720852795861074,140.66419916948178,25.672721972347162,127.95198017563621,68,165.85365853658536,0,9.951219512195122,45,112.5,2,6.75,53.35365853658536,3.201219512195122,1
548354,2012-05-05,10,9,41,168.75,164.93333333333334,0.1,0.5,0,1,1,5,3,0.41025641025641024,0.45714285714285713,0.5,0.25,0.4,0.5,1,3,164.8,161.6,7.471884685926699,7.369295210659598,155.63636363636363,161.4,165.26666666666668,14.42719046547504,15.990339533074627,2012,25.201731140177227,122.72857928738397,30.453389976430845,7.300628781506475,28.54822699530854,124.50401645922827,1.2701336675020884,18.5344876700936,116.73953302122543,28.56431738687378,8.506755322949354,32.26999885363169,82.71949154885125,1.4749145299145296,34.64819296282663,142.39612625551993,30.55000655780707,137.23916029095065,33,84.61538461538461,2,5.076923076923077,64,168.42105263157893,1,10.105263157894736,83.80566801619432,5.02834008097166,1
548355,2012-05-06,0,7,56,147.65,145.6,0.2,0.2,0,0,0,4,5,0.48148148148148145,0.5476190476190477,1.0,0.3333333333333333,0.5,0.6,3,3,153.0,151.6,7.176359235003536,7.4133771625965945,155.97826086956522,158.4,146.73333333333332,15.72498312782756,13.386550251340383,2012,27.456952549081354,130.08610077790613,34.31708286994911,8.788884949781483,31.683889555648445,96.8584209693888,1.6141975308641974,22.202044989659623,117.65285003349902,30.999268042746305,8.272574903288803,27.975392699742194,103.06301368047245,1.5328418803418804,34.45731633272617,131.71087955418488,31.04772004241782,128.61832896325035,46,127.77777777777777,1,7.666666666666666,52,136.8421052631579,1,8.210526315789474,9.064327485380119,0.5438596491228083,0
548356,2012-05-06,12,13,23,160.08,162.86666666666667,0.5,0.3,1,1,0,4,5,0.46153846153846156,0.47058823529411764,0.0,0.4,0.4,0.3,3,2,176.4,149.8,7.473946953725018,7.228981446498258,155.97826086956522,174.53333333333333,158.8,14.961478628940945,14.732517703172302,2012,28.12856767712628,139.25373151551275,39.34128634559885,8.464497173701728,48.31897585275244,115.61217880771656,1.5063492063492063,26.79365339144551,124.70335446001263,29.14911361283644,9.307484572156214,41.69806442080378,91.43374060150374,1.62718253968254,37.310471530784035,139.3538685980196,34.13412295736763,143.25787811139153,46,127.77777777777777,0,7.666666666666666,46,121.05263157894737,0,7.2631578947368425,6.7251461988304015,0.4035087719298236,1
548357,2012-05-07,5,1,16,165.125,159.2,0.2,0.1,0,0,1,3,4,0.4,0.5625,1.0,0.4,0.7,0.8,5,4,145.8,167.6,7.541540454940284,7.343088063238921,156.85416666666666,137.53333333333333,152.66666666666666,14.155320058938615,12.94808334510093,2012,28.017751145635405,123.61316913320229,29.438277124615922,8.633140876576078,41.27810105084041,100.32200688850725,1.5673280423280422,21.952212097448278,111.78262759990476,32.043139206902275,8.732629754644416,33.58443268381212,75.22557782226119,1.5103303567071684,25.720852795861074,140.66419916948178,30.8169487307118,147.52414757733249,50,138.88888888888889,2,8.333333333333332,60,162.16216216216216,0,9.72972972972973,23.273273273273276,1.3963963963963977,1
548358,2012-05-08,10,8,53,152.8,152.8,0.1,0.4,1,0,1,1,0,0.425,0.3076923076923077,0.5,0.4,0.4,0.2,1,0,161.0,155.8,6.751963894591307,7.369295210659598,156.77551020408163,163.4,151.46666666666667,14.541008004387505,15.013785355824194,2012,29.261900640942553,124.23652948463385,33.28282141455794,7.480753646105645,29.119321101860418,111.01516850052319,1.3126315789473684,21.642487531688094,112.31442954242938,27.96419133737974,8.54387326154745,33.62872641964587,84.11799199211848,1.2637806637806637,34.64819296282663,142.39612625551993,25.672721972347162,127.95198017563621,35,94.5945945945946,1,5.675675675675675,49,136.11111111111111,2,8.166666666666668,41.51651651651652,2.4909909909909924,1
548359,2012-05-08,13,9,43,167.35714285714286,167.35714285714286,0.2,0.0,1,1,0,3,5,0.45714285714285713,0.45714285714285713,0.4,0.25,0.2,0.5,2,3,160.8,164.4,7.228981446498258,7.471884685926699,156.77551020408163,159.6,166.2,12.738770091781312,14.010265626540361,2012,21.259374981011515,118.41998089194529,29.14911361283644,8.728687469584175,43.4177166010805,93.60438393884216,1.529206349206349,23.88667199627293,122.29123001992873,33.28164441230252,9.296029368513876,34.512689387322546,87.39940628168485,1.6357142857142857,34.13412295736763,143.25787811139153,30.55000655780707,137.23916029095065,40,105.26315789473684,2,6.315789473684211,51,134.21052631578948,0,8.052631578947368,-28.947368421052644,-1.7368421052631575,0
548360,2012-05-09,7,12,56,148.85714285714286,149.66666666666666,0.2,0.4,1,0,0,5,4,0.5476190476190477,0.46153846153846156,0.3333333333333333,0.0,0.6,0.5,4,3,153.6,176.2,7.176359235003536,7.473946953725018,156.41176470588235,149.26666666666668,180.66666666666666,16.166262889508666,15.668600256214415,2012,27.26707350275458,130.50354966188067,30.999268042746305,8.440886785222858,30.117901715825802,107.07362640794986,1.505982905982906,34.89927008543625,132.25688084561975,34.89927008543625,8.072586135325862,69.43148148148147,99.0977303398356,1.4777777777777779,31.04772004241782,128.61832896325035,37.310471530784035,139.3538685980196,25,67.56756756756756,2,4.054054054054054,35,97.22222222222221,0,5.833333333333333,-29.65465465465465,-1.7792792792792786,0
548361,2012-05-10,0,10,47,156.5909090909091,155.73333333333332,0.4,0.2,0,1,0,6,4,0.4642857142857143,0.43902439024390244,1.0,0.5,0.5,0.4,2,2,154.8,156.8,7.369295210659598,7.4133771625965945,156.1153846153846,158.2,158.66666666666666,17.455351958717554,15.224769605540125,2012,27.914991368888288,130.1164597138545,35.204974607840846,8.072270317762253,31.820177889141938,103.93160508225911,1.4833333333333334,24.412625858766187,122.89845578157048,30.453389976430845,7.454244407192931,28.904214726095915,120.86561757642791,1.3009502923976606,34.45731633272617,131.71087955418488,34.64819296282663,142.39612625551993,28,75.67567567567568,2,4.54054054054054,36,90.0,2,5.4,14.324324324324323,0.85945945945946,1
548329,2012-05-10,13,1,43,167.53333333333333,167.53333333333333,0.1,0.2,1,1,1,4,6,0.45714285714285713,0.5625,0.4,0.4,0.2,0.7,1,4,159.4,159.8,7.228981446498258,7.541540454940284,156.1153846153846,159.26666666666668,153.53333333333333,15.074420001972983,15.492519835211095,2012,29.716555366217637,124.56708454600523,34.80207624716554,8.895916331048795,40.72366892794737,92.71954150081083,1.572857142857143,29.62647254023561,137.82016021115177,29.62647254023561,8.263474450738505,34.04186367218282,75.51933904875084,1.1867149758454107,34.13412295736763,143.25787811139153,30.8169487307118,147.52414757733249,33,91.66666666666666,2,5.5,64,172.97297297297297,1,10.378378378378379,-81.30630630630631,-4.878378378378379,0
548362,2012-05-11,12,8,53,148.16666666666666,148.16666666666666,0.1,0.4,1,0,0,2,0,0.48148148148148145,0.3076923076923077,0.0,0.4,0.5,0.2,3,0,171.8,151.6,6.751963894591307,7.473946953725018,156.12962962962962,174.6,150.73333333333332,15.509288539607056,13.91897174994272,2012,35.20516205126175,133.75160932647327,39.34128634559885,8.255373195994766,54.217340425531916,123.33768612433569,1.4933333333333334,19.776912534352924,114.9063063002855,29.39258639910814,8.623968081121406,31.873533396272755,78.79836396134142,1.3974242424242425,37.310471530784035,139.3538685980196,25.672721972347162,127.95198017563621,50,138.88888888888889,3,8.333333333333332,66,169.23076923076923,0,10.153846153846153,30.34188034188034,1.8205128205128212,1
548364,2012-05-12,1,0,27,165.13793103448276,162.46666666666667,0.1,0.2,1,0,0,4,4,0.5757575757575758,0.4827586206896552,0.4,1.0,0.8,0.5,4,2,168.0,150.8,7.4133771625965945,7.541540454940284,156.43636363636364,154.33333333333334,156.46666666666667,15.936081826185772,14.69036268387649,2012,25.897130254376425,126.55313664539322,32.043139206902275,8.652834081696005,36.427507598784196,97.12419049849767,1.4220120459250896,32.65720390720391,127.1132709035217,32.6572039072039,7.941295609906086,36.117419227738374,86.93939635243986,1.4351851851851851,30.8169487307118,147.52414757733249,34.45731633272617,131.71087955418488,45,121.62162162162163,0,7.297297297297297,27,72.97297297297297,4,4.378378378378378,-48.64864864864866,-2.9189189189189193,0
548363,2012-05-12,5,7,14,144.69230769230768,140.2,0.1,0.2,1,0,1,1,7,0.4166666666666667,0.5476190476190477,1.0,0.3333333333333333,0.8,0.6,5,3,151.6,148.2,7.343088063238921,7.176359235003536,156.43636363636364,140.13333333333333,149.8,13.897104520698853,13.96416255229341,2012,27.0808991993495,120.62600915974095,29.438277124615922,8.633140876576078,41.27810105084041,96.03338879154069,1.5673280423280422,30.05466448686226,120.55458253735718,30.05466448686226,8.67993825476927,31.197419227738376,100.12649819426179,1.5425925925925927,25.720852795861074,140.66419916948178,31.04772004241782,128.61832896325035,32,88.88888888888889,2,5.333333333333333,49,136.11111111111111,1,8.166666666666668,-47.22222222222223,-2.833333333333335,0
548365,2012-05-13,10,8,47,155.2608695652174,153.93333333333334,0.3,0.1,1,1,1,2,0,0.43902439024390244,0.3076923076923077,0.5,0.4,0.4,0.1,2,0,144.2,150.8,7.369295210659598,6.751963894591307,156.140350877193,157.33333333333334,153.2,14.549459128206296,14.591879308995342,2012,26.36414087566131,124.40993426224763,30.453389976430845,7.243063961905047,25.306264827859962,129.62748953602096,1.2712962962962964,18.032483805355234,105.68991515945208,27.96419133737974,8.550828808547283,33.61546883132486,65.55423970823351,1.4172222222222222,34.64819296282663,142.39612625551993,25.672721972347162,127.95198017563621,45,121.62162162162163,1,7.297297297297297,33,89.1891891891892,4,5.351351351351351,32.432432432432435,1.9459459459459465,1
548366,2012-05-13,9,13,41,169.14285714285714,165.06666666666666,0.0,0.1,1,0,1,6,3,0.4722222222222222,0.45714285714285713,0.25,0.4,0.6,0.2,3,1,165.8,176.8,7.471884685926699,7.228981446498258,156.140350877193,165.66666666666666,162.66666666666666,13.180833928900006,13.681616646923521,2012,20.31337057662799,118.67778417165819,28.56431738687378,8.952266647373978,32.07083190037295,86.53311263231225,1.5686431623931625,25.26022182349489,122.48148039041004,29.14911361283644,9.003814539491913,39.7689778524325,89.35910316331368,1.6228571428571428,30.55000655780707,137.23916029095065,34.13412295736763,143.25787811139153,44,118.91891891891892,2,7.135135135135135,47,127.02702702702702,1,7.621621621621621,-8.108108108108098,-0.48648648648648596,1
548367,2012-05-14,12,7,23,160.8846153846154,162.73333333333332,0.4,0.2,1,0,0,5,5,0.5,0.5581395348837209,0.0,0.3333333333333333,0.6,0.6,3,4,168.6,143.2,7.473946953725018,7.176359235003536,156.94915254237287,177.6,150.26666666666668,14.489266600009547,15.783719460023246,2012,27.37197224196102,124.83256851664483,39.34128634559885,8.21158936044036,44.9354939271808,109.98057908379113,1.4805555555555556,28.667269909834,129.60942278610236,30.688411129240382,8.61552016142505,31.428477509744855,115.16808773284355,1.5325396825396826,37.310471530784035,139.3538685980196,31.04772004241782,128.61832896325035,40,97.5609756097561,2,5.853658536585366,32,80.0,3,4.800000000000001,17.5609756097561,1.053658536585365,0
548368,2012-05-14,5,0,14,146.07407407407408,140.26666666666668,0.1,0.1,1,0,0,3,5,0.4166666666666667,0.4827586206896552,1.0,1.0,0.8,0.6,4,3,162.8,142.4,7.343088063238921,7.4133771625965945,156.94915254237287,146.33333333333334,155.53333333333333,13.358199154397008,15.444701497326156,2012,24.233140945433448,122.22697946559587,29.438277124615922,8.458247656486513,38.400242454796974,99.74758487098956,1.5143849206349207,31.042926643808837,130.6351102448927,36.00603280889905,9.149959365994587,32.317178091792464,97.33454433764994,1.630952380952381,25.720852795861074,140.66419916948178,34.45731633272617,131.71087955418488,50,138.88888888888889,0,8.333333333333332,51,137.83783783783784,0,8.27027027027027,1.0510510510510471,0.06306306306306197,0
548369,2012-05-15,1,9,16,164.64,156.86666666666667,0.2,0.1,1,0,1,3,5,0.5588235294117647,0.4722222222222222,0.4,0.25,0.7,0.6,3,4,149.4,170.2,7.541540454940284,7.471884685926699,157.19672131147541,150.06666666666666,167.0,14.93049240876535,13.807595743945265,2012,26.72639854705935,128.50799631662412,32.043139206902275,8.74715642601835,36.448383147585275,94.9253472950952,1.4371635610766045,21.266441390530467,120.77719983951445,33.28164441230252,8.60708359767023,32.09166301984373,85.81931966191465,1.5376923076923077,30.8169487307118,147.52414757733249,30.55000655780707,137.23916029095065,37,100.0,4,6.0,47,130.55555555555557,2,7.833333333333334,-30.55555555555557,-1.833333333333334,1
548370,2012-05-16,5,7,56,148.5,146.93333333333334,0.1,0.1,0,0,0,1,8,0.4166666666666667,0.5681818181818182,1.0,0.3333333333333333,0.7,0.6,3,4,156.4,157.4,7.176359235003536,7.343088063238921,156.8548387096774,149.0,151.86666666666667,15.601115105042503,14.735619344532797,2012,24.279050269705714,128.1139392519867,29.438277124615922,8.160429366371355,36.93873513618637,107.46495392745057,1.4590828924162258,22.689681529476395,120.24898083079526,30.688411129240382,8.211845011679866,29.47007804767107,103.67185552805415,1.5344444444444445,25.720852795861074,140.66419916948178,31.04772004241782,128.61832896325035,26,70.27027027027027,1,4.216216216216217,32,86.48648648648648,2,5.1891891891891895,16.21621621621621,0.9729729729729728,1
548371,2012-05-17,9,0,18,193.2,193.2,0.1,0.0,0,1,0,2,6,0.4594594594594595,0.5,0.25,1.0,0.5,0.6,3,4,166.2,146.2,7.471884685926699,7.4133771625965945,156.5873015873016,160.6,154.4,15.137507827510642,13.411707247334174,2012,20.26084113071066,120.47693271970621,24.874776226279987,9.602619601120178,35.75931360560854,88.19052054662238,1.6833333333333331,26.30615720245267,128.7875228977367,35.204974607840846,7.9588353705590515,31.683889555648445,101.90745848581763,1.4864197530864196,30.55000655780707,137.23916029095065,34.45731633272617,131.71087955418488,43,113.1578947368421,0,6.789473684210526,25,67.56756756756756,2,4.054054054054054,45.59032716927453,2.7354196301564713,1
548372,2012-05-17,12,1,16,163.53846153846155,153.66666666666666,0.2,0.3,0,0,0,3,5,0.5,0.5588235294117647,0.0,0.4,0.6,0.7,3,3,164.8,146.2,7.541540454940284,7.473946953725018,156.5873015873016,177.33333333333334,147.4,15.5739136458621,15.459641847469515,2012,34.89927008543625,132.25688084561975,34.89927008543625,8.072586135325862,69.43148148148147,99.0977303398356,1.4777777777777779,22.704997423093523,124.79929043498589,32.38379285966773,8.492205867647124,32.975792979707016,95.21746554099495,1.4638888888888888,37.310471530784035,139.3538685980196,30.8169487307118,147.52414757733249,51,137.83783783783784,2,8.27027027027027,42,110.5263157894737,1,6.631578947368421,-27.31152204836414,-1.638691322901849,1
548373,2012-05-18,10,13,43,168.75,170.53333333333333,0.1,0.3,0,1,1,7,1,0.43902439024390244,0.4444444444444444,0.5,0.4,0.5,0.2,3,0,147.8,177.6,7.228981446498258,7.369295210659598,156.92307692307693,162.2,166.33333333333334,13.676897261805905,17.13254986750862,2012,24.36418722476607,120.67109153102054,33.28282141455794,7.403381586241409,29.62969775616168,112.44890313521131,1.2965237166991552,27.99643076221144,126.83880421447599,36.91343155852085,8.82298735020892,36.74809938622381,107.45438287466075,1.5647392290249431,34.64819296282663,142.39612625551993,34.13412295736763,143.25787811139153,58,145.0,0,8.7,41,113.88888888888889,1,6.833333333333333,-31.111111111111114,-1.8666666666666663,0
548374,2012-05-19,1,9,18,181.0,181.0,0.1,0.3,1,1,0,4,5,0.5588235294117647,0.4594594594594595,0.4,0.25,0.6,0.6,2,3,161.0,158.6,7.471884685926699,7.541540454940284,156.45454545454547,150.4,155.4,13.888090851535296,14.733680735878336,2012,24.907196181126235,120.06529183959118,30.58168795973674,8.070309354497684,35.967558116627266,104.62749614220202,1.3111111111111111,18.141561385851524,118.90536146894127,25.71927383393549,8.645197754183632,31.62114117062683,85.25123586195578,1.491168091168091,30.8169487307118,147.52414757733249,30.55000655780707,137.23916029095065,20,54.054054054054056,4,3.2432432432432434,44,118.91891891891892,0,7.135135135135135,64.86486486486487,3.8918918918918917,1
548375,2012-05-19,5,8,53,151.71428571428572,151.71428571428572,0.1,0.1,1,1,1,2,0,0.43243243243243246,0.2857142857142857,1.0,0.4,0.7,0.1,3,0,156.6,147.6,6.751963894591307,7.343088063238921,156.45454545454547,146.66666666666666,156.66666666666666,15.990484731287463,12.577202707565622,2012,27.108028923413187,124.93617742561321,29.438277124615922,8.441911615046688,40.97662984178942,93.94553630027197,1.5126984126984127,17.86395208604937,106.17563362179489,24.244326910618767,7.813157607483864,33.09535062717686,74.66463820995983,1.4347923681257013,25.720852795861074,140.66419916948178,25.672721972347162,127.95198017563621,40,105.26315789473684,1,6.315789473684211,27,75.0,1,4.5,-30.263157894736835,-1.8157894736842106,1
548377,2012-05-20,10,7,47,155.875,153.66666666666666,0.2,0.1,1,1,1,4,4,0.42857142857142855,0.5681818181818182,0.5,0.3333333333333333,0.4,0.6,3,3,144.8,161.4,7.369295210659598,7.176359235003536,155.9264705882353,161.73333333333332,148.86666666666667,13.533135839046254,16.706625728068342,2012,26.456913156228808,124.87336812540113,33.28282141455794,7.632279577439467,30.239221790389696,112.9926940536617,1.3463241436925648,31.635265700483092,127.5096383522608,31.635265700483092,9.227230821485758,31.563449036188395,123.04772813393504,1.652777777777778,34.64819296282663,142.39612625551993,31.04772004241782,128.61832896325035,31,79.48717948717949,2,4.769230769230769,44,110.00000000000001,0,6.6000000000000005,-30.512820512820525,-1.8307692307692314,0
548376,2012-05-20,13,12,43,166.23529411764707,164.66666666666666,0.1,0.3,1,0,0,5,5,0.4444444444444444,0.5172413793103449,0.4,0.25,0.3,0.7,1,4,170.8,176.2,7.228981446498258,7.473946953725018,155.9264705882353,165.66666666666666,179.33333333333334,15.258265974999327,13.456536583302388,2012,26.621052517267973,124.06131965743477,34.80207624716554,8.82298735020892,36.74809938622381,99.17403897116414,1.5647392290249431,22.87993101265013,118.72685205210054,39.34128634559885,8.1307613762081,39.66715913113316,99.46321401555005,1.4783389450056115,34.13412295736763,143.25787811139153,37.310471530784035,139.3538685980196,23,62.16216216216216,3,3.72972972972973,40,108.10810810810811,2,6.486486486486487,-45.94594594594595,-2.756756756756757,1
548378,2012-05-22,1,5,53,149.75,149.75,0.2,0.1,0,0,1,4,4,0.5714285714285714,0.4473684210526316,0.4,1.0,0.7,0.8,3,3,158.6,153.8,7.541540454940284,7.343088063238921,155.67142857142858,153.33333333333334,145.93333333333334,15.861992420591573,14.684456268650328,2012,22.248255872718435,126.93361391357166,32.043139206902275,8.493721875067987,34.17849875249907,88.25380371262723,1.4465700483091788,24.804467589326126,124.72568743251452,29.26586968309815,8.002375146062368,32.23218539734497,77.68931044727192,1.4148148148148147,30.8169487307118,147.52414757733249,25.720852795861074,140.66419916948178,49,128.94736842105263,2,7.7368421052631575,48,129.72972972972974,1,7.783783783783784,-0.7823613086771104,-0.046941678520626695,0
548379,2012-05-23,7,0,23,161.25925925925927,161.86666666666667,0.0,0.1,1,1,0,6,4,0.5777777777777777,0.4838709677419355,0.3333333333333333,1.0,0.7,0.6,3,3,159.2,138.2,7.4133771625965945,7.176359235003536,155.7605633802817,152.2,148.73333333333332,14.594877321199037,15.613250044831474,2012,21.862922143417475,117.9667850101645,30.999268042746305,8.212353380181018,28.865961987969204,102.53013050054756,1.5356643356643358,30.28082346920566,128.2215267812832,35.204974607840846,8.082752764137176,32.317178091792464,92.49325777741929,1.4666666666666666,31.04772004241782,128.61832896325035,34.45731633272617,131.71087955418488,30,81.08108108108108,2,4.864864864864865,54,138.46153846153845,1,8.307692307692307,57.38045738045737,3.4428274428274417,0
548380,2012-05-25,0,1,27,163.43333333333334,157.86666666666667,0.2,0.0,1,0,0,5,4,0.4838709677419355,0.5714285714285714,1.0,0.4,0.6,0.6,4,2,141.0,153.6,7.541540454940284,7.4133771625965945,156.19444444444446,153.73333333333332,153.66666666666666,14.148895074028697,15.482431955001267,2012,29.93310324594941,131.71365533677707,35.204974607840846,8.071262754716797,32.05500002564681,99.6320036574371,1.4953703703703702,22.76507894950349,124.96277639083888,32.38379285966773,9.309112453490933,33.628028053177175,86.62446362312672,1.6241545893719809,34.45731633272617,131.71087955418488,30.8169487307118,147.52414757733249,46,121.05263157894737,2,7.2631578947368425,52,140.54054054054055,0,8.432432432432433,19.487908961593178,1.1692745376955909,1
548381,2012-05-27,0,5,27,165.32258064516128,163.2,0.1,0.1,1,1,1,6,3,0.5,0.46153846153846156,1.0,1.0,0.6,0.8,4,3,160.2,155.6,7.343088063238921,7.4133771625965945,157.0958904109589,155.66666666666666,150.26666666666668,15.366835643901405,14.966982080669482,2012,33.15373095588063,129.69810708211435,35.204974607840846,8.088360154179096,34.93709663120568,95.62267591930066,1.4555555555555553,24.42751130059185,121.05834148959957,29.438277124615922,8.440131077577268,39.4847303405814,83.1406856090175,1.4950113378684808,34.45731633272617,131.71087955418488,25.720852795861074,140.66419916948178,56,143.5897435897436,1,8.615384615384615,54,145.94594594594594,0,8.756756756756756,2.3562023562023455,0.14137214137214116,0
597998,2013-04-03,1,5,14,146.5,142.0,0.2,0.2,0,0,0,4,5,0.5714285714285714,0.46153846153846156,0.4,1.0,0.5,0.8,2,4,175.2,157.2,7.343088063238921,7.541540454940284,156.2972972972973,161.13333333333333,152.0,12.732418084768797,15.359006633572276,2013,19.88600437346023,109.92075902527401,32.38379285966773,7.918858775385678,30.867251297625376,90.45397625250567,1.362222222222222,26.700207031772084,121.62580446147065,29.438277124615922,8.633140876576078,41.27810105084041,88.84898169536889,1.5673280423280422,30.8169487307118,147.52414757733249,25.720852795861074,140.66419916948178,46,124.32432432432432,1,7.45945945945946,45,118.42105263157893,2,7.105263157894736,-5.903271692745392,-0.35419630156472337,0
597999,2013-04-04,12,7,23,162.17857142857142,163.66666666666666,0.3,0.1,1,0,0,5,6,0.5,0.5652173913043478,0.25,0.3333333333333333,0.6,0.6,3,3,166.4,168.4,7.473946953725018,7.176359235003536,128.0,174.46666666666667,156.06666666666666,15.016400224620135,15.091632456041358,2013,25.440150031280066,125.40855814249387,34.89927008543625,8.247523865067887,47.79078036403064,93.72416602684665,1.5023809523809522,24.334267264331352,124.46859884403419,30.42373181578058,8.351439510574599,30.801224762492105,102.23288830550935,1.4936507936507937,37.310471530784035,139.3538685980196,31.04772004241782,128.61832896325035,31,81.57894736842105,2,4.894736842105263,38,105.55555555555556,0,6.333333333333334,-23.976608187134502,-1.438596491228071,1
598000,2013-04-05,13,8,43,164.33333333333334,162.53333333333333,0.1,0.1,1,0,0,3,1,0.4444444444444444,0.2857142857142857,0.4,0.4,0.4,0.1,2,0,161.0,150.8,7.228981446498258,6.751963894591307,142.0,161.26666666666668,157.13333333333333,14.632169838094828,12.583752394678909,2013,20.037582836112875,120.16257598016281,24.872443118523226,8.797212194739664,38.958584157896745,106.71423607967726,1.553670634920635,18.773857823687177,110.70194002205375,28.300563607085348,8.212218509610226,30.93371502260052,73.85101232066837,1.521212121212121,34.13412295736763,143.25787811139153,25.672721972347162,127.95198017563621,38,100.0,1,6.0,27,72.97297297297297,0,4.378378378378378,27.02702702702703,1.621621621621622,1
598001,2013-04-06,1,10,16,165.44444444444446,160.6,0.2,0.1,1,0,1,6,4,0.5555555555555556,0.42857142857142855,0.4,0.5,0.4,0.3,1,2,173.6,141.8,7.541540454940284,7.369295210659598,136.66666666666666,163.53333333333333,159.8,15.89887839252883,16.082507184295757,2013,23.912192966825287,123.53137147347239,32.38379285966773,7.999764647064695,30.904818839012854,103.0674703156321,1.34375,22.806245673263188,128.65627240909316,29.600095123135997,7.76981673949541,29.23176172145196,120.45857898599334,1.3594193817878029,30.8169487307118,147.52414757733249,34.64819296282663,142.39612625551993,39,105.40540540540539,1,6.324324324324324,45,118.42105263157893,1,7.105263157894736,-13.015647226173542,-0.7809388335704126,0
598002,2013-04-06,7,0,27,166.09375,164.86666666666667,0.2,0.0,1,1,1,6,5,0.5531914893617021,0.48484848484848486,0.3333333333333333,1.0,0.6,0.6,2,3,163.2,175.4,7.4133771625965945,7.176359235003536,136.66666666666666,157.26666666666668,161.0,15.327533598720363,14.276937074218772,2013,24.97303941184549,125.81053419261156,30.688411129240382,8.418371331178268,30.917417821026746,106.41327610181952,1.515277777777778,25.16285208826801,120.18855776263945,35.204974607840846,8.20813951457363,32.03804961969145,89.4766296505427,1.5329365079365078,31.04772004241782,128.61832896325035,34.45731633272617,131.71087955418488,36,97.2972972972973,2,5.837837837837839,41,110.8108108108108,2,6.648648648648649,13.513513513513502,0.8108108108108105,1
598003,2013-04-07,8,9,53,151.11111111111111,151.11111111111111,0.0,0.1,0,1,1,3,1,0.26666666666666666,0.4594594594594595,0.4,0.25,0.0,0.6,0,3,146.0,151.4,6.751963894591307,7.471884685926699,144.6,154.46666666666667,152.06666666666666,11.310219409347672,15.549475345379662,2013,20.089082545913183,115.13366675930536,28.300563607085348,8.27875810742422,31.2487048823485,73.17384249046415,1.5242222222222221,24.20909107063878,128.7303450817549,25.588592015753665,10.179613904231571,41.13908589440504,98.11055266644452,1.7333333333333332,25.672721972347162,127.95198017563621,30.55000655780707,137.23916029095065,24,66.66666666666666,2,4.0,56,151.35135135135135,1,9.08108108108108,-84.6846846846847,-5.081081081081081,0
598005,2013-04-08,10,5,47,156.12,155.8,0.1,0.1,1,0,0,4,5,0.4418604651162791,0.46153846153846156,0.5,1.0,0.4,0.8,2,5,149.8,151.2,7.369295210659598,7.343088063238921,137.0,159.86666666666667,149.53333333333333,15.049668853196028,16.232544552246388,2013,22.838130909271236,123.62825466562373,30.453389976430845,7.586440006764118,25.61847608973228,110.94832490178229,1.3291666666666666,20.281518635050073,123.14722540274292,29.438277124615922,8.214682719704452,37.023792330989274,106.20079744096024,1.5235930735930736,34.64819296282663,142.39612625551993,25.720852795861074,140.66419916948178,35,94.5945945945946,1,5.675675675675675,40,100.0,2,6.0,-5.4054054054054035,-0.32432432432432456,1
598048,2013-04-09,12,13,23,161.9655172413793,161.33333333333334,0.3,0.1,1,0,1,5,6,0.5,0.4444444444444444,0.25,0.4,0.6,0.4,3,3,169.4,152.2,7.473946953725018,7.228981446498258,138.0,174.4,156.8,15.979590934219152,14.45678108700682,2013,33.51330785335666,138.97034368949798,39.34128634559885,8.245469212337973,45.69734042553191,131.29756806899894,1.4533333333333336,20.818832836112875,119.20294336242463,25.730710835058662,8.696739751447762,39.38310026309769,108.38834322253442,1.5488095238095239,37.310471530784035,139.3538685980196,34.13412295736763,143.25787811139153,47,127.02702702702702,1,7.621621621621621,40,111.11111111111111,1,6.666666666666667,15.915915915915903,0.9549549549549541,1
598006,2013-04-09,7,1,56,148.1304347826087,148.4,0.0,0.2,1,1,1,5,5,0.5625,0.5555555555555556,0.3333333333333333,0.4,0.6,0.3,2,1,158.6,163.6,7.176359235003536,7.541540454940284,138.0,154.0,164.06666666666666,15.901013105078512,12.868910554618967,2013,24.334267264331352,124.46859884403419,30.42373181578058,8.351439510574599,30.801224762492105,102.23288830550935,1.4936507936507937,17.62430813167907,107.47392806389531,30.22101776573321,7.82771500290639,31.53541713042461,84.42488824307007,1.3676767676767676,31.04772004241782,128.61832896325035,30.8169487307118,147.52414757733249,38,102.7027027027027,2,6.162162162162161,46,124.32432432432432,2,7.45945945945946,-21.621621621621628,-1.2972972972972983,1
598007,2013-04-10,0,9,41,170.0909090909091,163.0,0.1,0.2,0,1,0,6,3,0.48484848484848486,0.47368421052631576,1.0,0.25,0.6,0.6,2,3,173.4,137.2,7.471884685926699,7.4133771625965945,148.44444444444446,157.2,147.6,14.175330427235995,14.647545010704043,2013,32.50961538461539,122.25665870328055,32.50961538461539,8.237749866472033,31.396128841607563,81.57359669316193,1.4388888888888887,18.498453089853214,120.66281195607031,25.588592015753665,8.624607329673303,35.990215029299996,93.4854453387736,1.5128311965811965,34.45731633272617,131.71087955418488,30.55000655780707,137.23916029095065,43,119.44444444444444,2,7.166666666666666,38,102.7027027027027,0,6.162162162162161,-16.74174174174175,-1.0045045045045047,1
598008,2013-04-11,5,12,23,161.93333333333334,162.73333333333332,0.2,0.1,0,0,0,5,5,0.45,0.5,1.0,0.25,0.7,0.6,4,3,152.0,167.0,7.473946953725018,7.343088063238921,147.4,150.4,174.13333333333333,14.061229449935729,17.012242138472658,2013,21.38561877441715,116.87614849288445,29.438277124615922,8.346168607952041,38.27034199015337,91.90399406817315,1.5259523809523807,35.312687448274765,141.98704128699939,39.34128634559885,8.311943767720729,49.37167553191489,135.00431302742516,1.4875,25.720852795861074,140.66419916948178,37.310471530784035,139.3538685980196,43,113.1578947368421,1,6.789473684210526,44,115.78947368421053,1,6.947368421052632,2.631578947368439,0.1578947368421062,0
598009,2013-04-11,10,8,53,145.9,145.9,0.0,0.0,1,1,1,3,0,0.4418604651162791,0.26666666666666666,0.5,0.4,0.5,0.0,3,0,153.4,140.8,6.751963894591307,7.369295210659598,147.4,156.33333333333334,153.4,14.178270608638636,16.6404922042267,2013,24.418433804954237,125.63613180968946,29.600095123135997,7.664485878168826,25.170140898752738,114.42606403740852,1.3675925925925927,25.110900824983236,127.54081750507396,25.798262455486082,8.861174629657654,40.13067375886526,77.09707866952449,1.543611111111111,34.64819296282663,142.39612625551993,25.672721972347162,127.95198017563621,64,168.42105263157893,1,10.105263157894736,44,118.91891891891892,1,7.135135135135135,-49.50213371266001,-2.970128022759601,0
598010,2013-04-12,1,13,16,165.42857142857142,161.93333333333334,0.3,0.1,1,1,1,7,4,0.5405405405405406,0.43243243243243246,0.0,0.4,0.3,0.4,0,3,177.2,147.0,7.541540454940284,7.228981446498258,147.75,165.2,158.33333333333334,13.926152656089187,14.44853806283402,2013,20.044276050598366,116.26891208457744,32.043139206902275,7.984736056162679,32.76128306622455,91.99475801975801,1.3710144927536232,17.982396864423567,115.36776282914967,24.872443118523226,8.348961479589917,37.15502671022008,101.40159128198344,1.5427689594356258,30.8169487307118,147.52414757733249,34.13412295736763,143.25787811139153,29,80.55555555555556,3,4.833333333333334,38,102.7027027027027,1,6.162162162162161,-22.147147147147138,-1.3288288288288275,0
598011,2013-04-13,8,7,56,150.66666666666666,151.4,0.1,0.0,0,0,1,1,3,0.26666666666666666,0.5625,0.4,0.3333333333333333,0.1,0.6,1,3,135.2,172.4,7.176359235003536,6.751963894591307,145.15384615384616,152.73333333333332,161.8,13.916544370014936,14.596713200954017,2013,20.867836644877848,119.3822221470879,26.967026400153646,8.300794045300853,34.67298088707663,77.67702439983267,1.5082499999999999,25.223848587527716,121.16431001944345,29.706634771099985,8.578438653514656,31.37448889916743,100.7834562633866,1.508888888888889,25.672721972347162,127.95198017563621,31.04772004241782,128.61832896325035,48,129.72972972972974,0,7.783783783783784,40,105.26315789473684,4,6.315789473684211,-24.466571834992905,-1.4679943100995736,0
598012,2013-04-13,12,0,27,165.54545454545453,164.93333333333334,0.2,0.1,1,0,0,5,7,0.5,0.5,0.25,1.0,0.7,0.6,4,3,163.6,177.0,7.4133771625965945,7.473946953725018,145.15384615384616,170.73333333333332,156.06666666666666,15.690821221363954,16.279353629396013,2013,25.43990303166721,126.50372208503336,39.34128634559885,8.08406689038789,40.12470893545922,104.34373442836993,1.4531746031746031,29.15951363900323,131.60338367231623,35.204974607840846,8.06227540931964,31.37258291365174,88.84826722190854,1.4874999999999998,37.310471530784035,139.3538685980196,34.45731633272617,131.71087955418488,31,81.57894736842105,2,4.894736842105263,33,89.1891891891892,1,5.351351351351351,7.610241820768138,0.45661450924608804,0
598013,2013-04-14,13,5,14,145.86206896551724,141.66666666666666,0.1,0.1,0,0,1,2,7,0.4473684210526316,0.43902439024390244,0.4,1.0,0.4,0.6,4,3,131.8,155.6,7.343088063238921,7.228981446498258,149.0,152.86666666666667,151.73333333333332,14.581065692239594,14.217334524889782,2013,18.964518076544778,118.78371436990071,24.872443118523226,8.620147468896903,36.8483673124395,112.88634545301213,1.5483245149911815,26.482871388946172,122.5555202191892,29.26586968309815,8.146435718557962,32.93372126100849,78.30264900218461,1.4855555555555555,34.13412295736763,143.25787811139153,25.720852795861074,140.66419916948178,48,133.33333333333331,0,8.0,39,105.40540540540539,0,6.324324324324324,-27.927927927927925,-1.6756756756756763,0
598014,2013-04-14,9,10,47,155.65384615384616,155.33333333333334,0.0,0.1,0,0,0,3,6,0.47368421052631576,0.4318181818181818,0.25,0.5,0.6,0.5,2,2,126.8,148.4,7.369295210659598,7.471884685926699,149.0,149.13333333333333,157.26666666666668,16.064987302482432,14.910441360115941,2013,18.498453089853214,120.66281195607031,25.588592015753665,8.624607329673303,35.990215029299996,93.4854453387736,1.5128311965811965,28.492322693843136,128.59670184311992,30.862811134115486,7.510918601063878,25.085619634794558,125.98721950610746,1.3277777777777777,30.55000655780707,137.23916029095065,34.64819296282663,142.39612625551993,48,123.07692307692308,1,7.384615384615385,34,91.8918918918919,3,5.513513513513514,-31.18503118503118,-1.871101871101871,0
598015,2013-04-15,0,8,27,165.52941176470588,164.2,0.2,0.0,0,0,1,3,1,0.5,0.25,1.0,0.4,0.7,0.1,3,1,172.6,137.8,7.4133771625965945,6.751963894591307,149.35294117647058,156.13333333333333,152.8,13.391986959022953,16.00667525551745,2013,25.00673622137628,131.0615797527377,32.53884212920837,7.954845226062835,30.99154226675027,95.15355007516025,1.5011111111111108,26.304190980727668,127.33062424149111,29.988319088319088,9.786567157940217,35.73944385114597,92.74165810105127,1.4525793650793652,34.45731633272617,131.71087955418488,25.672721972347162,127.95198017563621,38,102.7027027027027,2,6.162162162162161,48,129.72972972972974,0,7.783783783783784,-27.027027027027046,-1.6216216216216228,0
598016,2013-04-16,9,5,41,168.69565217391303,162.73333333333332,0.1,0.1,1,0,0,4,5,0.46153846153846156,0.43902439024390244,0.25,1.0,0.5,0.6,2,3,124.4,159.2,7.471884685926699,7.343088063238921,149.88888888888889,148.46666666666667,155.46666666666667,15.55379798520958,14.496031588333528,2013,20.27037449689778,126.11571186541167,29.592103251708725,8.663939751180438,33.14384257010128,91.52153728395999,1.5406457739791073,23.579179380477758,125.59274431253016,29.438277124615922,8.108354755882624,35.770188792442774,103.04266862890651,1.458174603174603,30.55000655780707,137.23916029095065,25.720852795861074,140.66419916948178,35,94.5945945945946,1,5.675675675675675,45,125.0,2,7.5,-30.405405405405403,-1.8243243243243246,1
598019,2013-04-17,7,10,47,154.4814814814815,153.0,0.0,0.1,0,0,1,5,4,0.5625,0.4318181818181818,0.3333333333333333,0.5,0.6,0.6,3,3,176.6,148.0,7.369295210659598,7.176359235003536,150.26315789473685,163.13333333333333,152.53333333333333,15.051838866980615,15.86519910861829,2013,19.291070510202207,109.98666998963714,30.42373181578058,8.08189303751273,29.81945709083577,105.37667015015626,1.5141414141414138,26.049811763636285,128.22084221469532,30.453389976430845,7.307191563877029,23.823517793431954,125.00751339775111,1.2899999999999998,31.04772004241782,128.61832896325035,34.64819296282663,142.39612625551993,58,156.75675675675674,0,9.405405405405405,26,68.42105263157895,2,4.105263157894737,-88.3357041251778,-5.300142247510668,0
598018,2013-04-17,13,8,31,167.0,167.0,0.0,0.1,1,0,0,4,1,0.4358974358974359,0.29411764705882354,0.4,0.4,0.4,0.2,3,2,142.6,142.4,6.751963894591307,7.228981446498258,150.26315789473685,154.4,152.46666666666667,13.50696133767746,13.537048594544618,2013,19.07389630841599,117.85394221758403,27.803174603174607,8.356895871668168,36.16603006329445,111.27734793734794,1.5596031746031744,20.250015308805587,113.1277055143213,29.988319088319088,8.725422341206551,34.39078572967123,80.01388723541494,1.4059848484848485,34.13412295736763,143.25787811139153,25.672721972347162,127.95198017563621,41,113.88888888888889,2,6.833333333333333,25,65.78947368421053,4,3.947368421052632,-48.09941520467835,-2.885964912280701,1
598020,2013-04-18,0,1,16,163.6551724137931,163.2,0.3,0.2,0,1,1,6,4,0.5,0.5405405405405406,1.0,0.0,0.6,0.2,2,0,160.0,167.6,7.541540454940284,7.4133771625965945,150.14285714285714,157.0,163.06666666666666,16.078344203707793,14.47846420689541,2013,31.044723895139292,129.67210692814996,35.204974607840846,8.085736667032597,32.79776473665853,92.83147406877386,1.4744444444444444,20.359465831122485,117.06904892001324,32.043139206902275,8.065016228365515,33.761417207539566,87.68029949848132,1.3908212560386473,34.45731633272617,131.71087955418488,30.8169487307118,147.52414757733249,32,80.0,4,4.800000000000001,39,105.40540540540539,1,6.324324324324324,25.40540540540539,1.524324324324323,1
598021,2013-04-19,9,13,43,162.31578947368422,157.33333333333334,0.1,0.1,0,1,1,7,3,0.46153846153846156,0.45,0.25,0.4,0.5,0.5,2,3,131.8,140.0,7.228981446498258,7.471884685926699,151.0,150.66666666666666,153.93333333333334,13.820969969936362,14.289741828736597,2013,18.79852567156581,120.52747496883326,25.71927383393549,8.453929384308767,31.1206460646586,86.13233254305246,1.4689458689458688,21.477551020408164,120.8044683401424,27.803174603174607,8.720623460654854,40.52409618045341,105.98802224852646,1.5534013605442176,30.55000655780707,137.23916029095065,34.13412295736763,143.25787811139153,33,91.66666666666666,1,5.5,36,97.2972972972973,1,5.837837837837839,5.630630630630648,0.3378378378378386,0
598022,2013-04-20,0,5,14,147.0,142.8,0.1,0.2,0,0,1,6,4,0.5142857142857142,0.42857142857142855,1.0,1.0,0.6,0.6,3,2,155.8,152.6,7.343088063238921,7.4133771625965945,149.7826086956522,157.86666666666667,157.53333333333333,15.656567523130805,15.366311144694723,2013,28.17515601942592,126.96333947972208,35.204974607840846,7.953828142736709,32.101728691280975,91.64588626952758,1.4722222222222223,20.606293770009813,122.22099803272162,29.438277124615922,8.109270393536011,34.81239102299187,100.67846533993543,1.443174603174603,34.45731633272617,131.71087955418488,25.720852795861074,140.66419916948178,47,127.02702702702702,1,7.621621621621621,27,72.97297297297297,1,4.378378378378378,-54.05405405405405,-3.243243243243243,1
598023,2013-04-20,10,12,23,161.67741935483872,160.93333333333334,0.1,0.0,0,0,0,4,5,0.4318181818181818,0.4838709677419355,0.5,0.25,0.6,0.7,4,3,151.4,153.6,7.473946953725018,7.369295210659598,149.7826086956522,151.4,168.73333333333332,13.988475064699728,17.7902979893158,2013,21.21292112829591,115.48008210196328,30.453389976430845,7.518233219409791,26.59764464180841,97.94820322903227,1.3126262626262628,35.20516205126175,133.75160932647327,39.34128634559885,8.255373195994766,54.217340425531916,123.33768612433569,1.4933333333333334,34.64819296282663,142.39612625551993,37.310471530784035,139.3538685980196,48,123.07692307692308,0,7.384615384615385,31,86.11111111111111,2,5.166666666666667,-36.965811965811966,-2.217948717948718,0
598024,2013-04-21,7,1,16,163.83333333333334,163.26666666666668,0.3,0.1,0,1,1,6,5,0.5510204081632653,0.5405405405405406,0.3333333333333333,0.0,0.6,0.2,3,0,175.0,157.0,7.541540454940284,7.176359235003536,147.24,163.86666666666667,160.53333333333333,16.084368647638563,16.16879931490236,2013,28.830564894806333,132.9127693760207,30.688411129240382,8.629847890496203,31.4338689544344,121.64054886892218,1.5351851851851854,32.043139206902275,139.53427865956658,32.043139206902275,8.263474450738505,34.04186367218282,80.76872201872203,1.1867149758454107,31.04772004241782,128.61832896325035,30.8169487307118,147.52414757733249,60,162.16216216216216,0,9.72972972972973,24,66.66666666666666,2,4.0,-95.4954954954955,-5.72972972972973,0
598025,2013-04-21,9,8,41,168.20833333333334,161.0,0.1,0.0,1,1,0,2,3,0.45,0.29411764705882354,0.25,0.4,0.5,0.2,2,2,128.2,141.0,7.471884685926699,6.751963894591307,147.24,148.0,147.6,13.578939232337639,13.345643434565616,2013,24.97017175705291,131.70772781604268,28.119739306130498,9.435972545672975,29.64192421741257,98.61892713484448,1.6736111111111112,24.39000146861328,125.92912505290194,28.059049192176435,9.699412123620569,43.08111702127659,87.1357992225639,1.3692129629629628,30.55000655780707,137.23916029095065,25.672721972347162,127.95198017563621,55,152.77777777777777,2,9.166666666666666,48,129.72972972972974,0,7.783783783783784,23.04804804804803,1.3828828828828819,1
598026,2013-04-22,0,10,27,165.34285714285716,164.66666666666666,0.2,0.0,0,0,1,7,4,0.5277777777777778,0.4222222222222222,1.0,0.5,0.6,0.5,4,3,150.0,141.8,7.4133771625965945,7.369295210659598,149.14814814814815,156.53333333333333,149.46666666666667,17.763333802896717,15.771738255795414,2013,29.036467968384645,133.4189542770837,35.204974607840846,7.995521355365571,31.369219209658052,93.45021748437898,1.4833333333333332,26.41380417532461,126.10327003544838,30.453389976430845,7.510918601063878,25.085619634794554,120.3602937688252,1.3277777777777777,34.45731633272617,131.71087955418488,34.64819296282663,142.39612625551993,58,161.11111111111111,1,9.666666666666668,55,148.64864864864865,0,8.91891891891892,12.462462462462469,0.7477477477477485,1
598027,2013-04-23,8,12,23,160.28125,155.06666666666666,0.1,0.0,0,1,0,0,3,0.2777777777777778,0.4838709677419355,0.4,0.25,0.2,0.7,2,4,158.2,150.6,7.473946953725018,6.751963894591307,150.42857142857142,150.2,164.4,14.522146724917112,14.918184976273437,2013,20.929918213706475,116.56868619480633,29.207401213922953,8.610945275382752,36.70644229532779,91.72544335148353,1.3665404040404039,31.037635042718122,128.45967443872772,39.34128634559885,8.02695967771746,48.50403368794326,112.87399769620566,1.4398148148148149,25.672721972347162,127.95198017563621,37.310471530784035,139.3538685980196,62,163.1578947368421,0,9.789473684210526,43,116.21621621621621,4,6.972972972972972,-46.9416785206259,-2.8165007112375537,0
598059,2013-04-23,9,1,16,163.74193548387098,158.6,0.3,0.1,0,1,0,5,5,0.45,0.5405405405405406,0.25,0.0,0.5,0.2,2,1,145.4,163.6,7.541540454940284,7.471884685926699,150.42857142857142,149.46666666666667,161.13333333333333,15.873131178461033,13.235704359475825,2013,24.258758838002624,126.72308844673147,29.75042112431231,9.262644949579004,35.53057894996059,97.2781118472503,1.6009259259259256,23.58566146074181,122.59763013941955,32.043139206902275,7.98349657808459,32.94799076047364,95.98655973655974,1.311003757380569,30.55000655780707,137.23916029095065,30.8169487307118,147.52414757733249,40,108.10810810810811,2,6.486486486486487,56,151.35135135135135,3,9.08108108108108,43.24324324324324,2.594594594594594,1
598029,2013-04-24,5,7,14,146.09677419354838,145.33333333333334,0.1,0.1,1,1,1,2,8,0.42857142857142855,0.54,1.0,0.3333333333333333,0.6,0.5,1,3,150.8,176.0,7.343088063238921,7.176359235003536,153.16666666666666,152.8,160.8,14.502120113254952,15.79077082783188,2013,25.108587343524874,121.85389201290263,29.438277124615922,8.462361914161624,39.52408661500606,102.72612476075474,1.532312925170068,26.91561647068056,133.62721764869892,30.688411129240382,8.402488123204003,30.849030532372346,113.92516335072557,1.5150793650793652,25.720852795861074,140.66419916948178,31.04772004241782,128.61832896325035,61,160.5263157894737,1,9.631578947368421,42,116.66666666666667,1,7.0,43.85964912280703,2.6315789473684212,0
598030,2013-04-25,0,13,27,165.88888888888889,164.66666666666666,0.2,0.1,0,0,1,6,4,0.5277777777777778,0.45,1.0,0.4,0.7,0.6,4,3,159.4,139.4,7.4133771625965945,7.228981446498258,153.3548387096774,158.2,150.33333333333334,15.524242157810491,14.932036393379594,2013,29.036467968384645,133.4189542770837,35.204974607840846,7.995521355365571,31.369219209658052,93.45021748437898,1.4833333333333332,22.699723639455783,119.38941586236244,31.221577380952382,8.594233001574157,37.41398148501047,97.34016422174318,1.5129251700680275,34.45731633272617,131.71087955418488,34.13412295736763,143.25787811139153,58,148.71794871794873,0,8.923076923076923,40,105.26315789473684,3,6.315789473684211,43.454790823211894,2.6072874493927127,1
598031,2013-04-26,5,9,14,146.5,147.13333333333333,0.1,0.0,1,0,1,5,5,0.42857142857142855,0.4634146341463415,1.0,0.25,0.5,0.5,1,3,153.8,141.8,7.343088063238921,7.471884685926699,153.53125,154.13333333333333,146.26666666666668,13.879196808404968,16.095043967877086,2013,25.35693827866726,122.59030478970374,29.26586968309815,7.870747714182916,31.352175124914485,80.88911226372527,1.4249999999999998,22.712968121122223,126.6800305198421,29.592103251708725,8.832665642111614,32.22380788614051,96.79227248214295,1.5467032967032968,25.720852795861074,140.66419916948178,30.55000655780707,137.23916029095065,45,125.0,2,7.5,45,125.0,0,7.5,0.0,0.0,1
598032,2013-04-27,10,13,47,155.35714285714286,157.66666666666666,0.0,0.1,1,0,1,7,2,0.41304347826086957,0.43902439024390244,0.5,0.4,0.5,0.6,2,3,150.0,139.0,7.369295210659598,7.228981446498258,153.3939393939394,149.2,154.26666666666668,15.591593780244105,16.135863627492466,2013,27.289788388590782,126.82710384402692,29.719717851454377,7.180207942241245,25.220573712378176,127.87041714015399,1.2819444444444446,18.067539278656128,115.85885617304302,26.457050120772948,8.134325818873489,29.444598997315513,104.08204765650586,1.5103968253968254,34.64819296282663,142.39612625551993,34.13412295736763,143.25787811139153,30,81.08108108108108,1,4.864864864864865,29,78.37837837837837,5,4.702702702702703,2.702702702702709,0.16216216216216228,1
598033,2013-04-27,12,7,56,151.96,153.0,0.1,0.2,0,0,1,6,6,0.4838709677419355,0.5490196078431373,0.25,0.3333333333333333,0.7,0.5,4,3,172.0,178.2,7.176359235003536,7.473946953725018,153.3939393939394,171.06666666666666,164.73333333333332,15.05382863903283,15.223421098251908,2013,25.34179554518427,122.96232893400331,39.34128634559885,8.199240661408185,43.0146928590191,103.54262184076049,1.4771604938271605,22.359564758739214,124.82049327452629,30.640312635010407,8.168176474068282,29.139685420871537,109.44290537777232,1.542361111111111,37.310471530784035,139.3538685980196,31.04772004241782,128.61832896325035,52,140.54054054054055,1,8.432432432432433,35,94.5945945945946,1,5.675675675675675,-45.94594594594595,-2.756756756756758,0
598034,2013-04-28,5,0,27,165.7027027027027,161.6,0.2,0.1,1,1,0,4,7,0.42857142857142855,0.5277777777777778,1.0,1.0,0.5,0.7,2,4,152.8,158.2,7.4133771625965945,7.343088063238921,154.28571428571428,154.06666666666666,157.26666666666668,15.294440344312658,15.950298293737413,2013,26.60050603166898,124.06262910198798,29.26586968309815,8.210288729964654,32.677455857775,82.05335692710786,1.4907407407407407,31.316833836645976,130.95655432064675,35.204974607840846,8.111616136913536,34.11673612849395,103.12453247235858,1.471111111111111,25.720852795861074,140.66419916948178,34.45731633272617,131.71087955418488,67,181.08108108108107,0,10.864864864864865,63,161.53846153846155,2,9.692307692307693,-19.54261954261952,-1.1725571725571715,0
598035,2013-04-28,1,8,49,167.0,167.0,0.2,0.1,0,0,0,2,1,0.5405405405405406,0.2631578947368421,0.0,0.0,0.2,0.2,1,1,154.6,181.8,7.541540454940284,6.751963894591307,154.28571428571428,159.73333333333332,155.93333333333334,13.74900037005568,14.594168139454403,2013,26.109904252864705,128.52493622809192,32.043139206902275,8.547614977540377,32.88592536305302,99.6348357311051,1.4300207039337476,25.08765104126286,124.74533017354304,28.059049192176435,9.347947688474127,42.332323680063034,95.05366839043309,1.3118055555555557,30.8169487307118,147.52414757733249,25.672721972347162,127.95198017563621,37,92.5,1,5.550000000000001,43,116.21621621621621,0,6.972972972972972,-23.71621621621621,-1.4229729729729712,1
598036,2013-04-29,12,10,47,154.9655172413793,161.0,0.0,0.3,0,0,0,6,4,0.46875,0.41304347826086957,0.25,0.5,0.6,0.5,3,3,178.6,149.8,7.369295210659598,7.473946953725018,155.78378378378378,171.4,148.66666666666666,16.464567101001514,16.068075988679336,2013,28.048960776222525,128.04311080517638,39.34128634559885,8.065570029510749,39.626586698509186,114.53612170349854,1.4285714285714286,28.587305207195534,129.59819212619334,33.69224257224257,7.776889001678502,26.527665257526365,116.73201490248874,1.3944444444444444,37.310471530784035,139.3538685980196,34.64819296282663,142.39612625551993,45,121.62162162162163,1,7.297297297297297,55,141.02564102564102,1,8.461538461538462,19.404019404019394,1.1642411642411643,0
598037,2013-04-29,7,9,56,153.57692307692307,154.06666666666666,0.2,0.0,1,1,1,4,6,0.5490196078431373,0.4523809523809524,0.3333333333333333,0.25,0.6,0.5,3,3,175.2,146.8,7.176359235003536,7.471884685926699,155.78378378378378,169.66666666666666,145.8,15.57758181733176,14.48840809382938,2013,28.837737476416606,133.98637634597407,30.640312635010407,8.64990671119582,31.44141697699977,117.1526413266893,1.538888888888889,21.22724010709381,125.3233784053586,33.28164441230252,8.60123078903682,32.41011134482108,90.0155817911466,1.5458818958818958,31.04772004241782,128.61832896325035,30.55000655780707,137.23916029095065,36,97.2972972972973,1,5.837837837837839,55,144.73684210526315,2,8.68421052631579,-47.439544807965845,-2.8463726884779508,1
598038,2013-04-30,8,0,53,145.8181818181818,145.8181818181818,0.1,0.2,0,0,1,2,3,0.25,0.5277777777777778,0.0,1.0,0.2,0.7,1,5,178.0,166.4,6.751963894591307,7.4133771625965945,156.64102564102564,154.46666666666667,162.2,13.47457829852245,14.60175308150285,2013,18.73983203725666,111.74899574415909,28.059049192176435,8.8123856644023,36.60548525435116,76.98840796755235,1.4274494949494951,31.976738208230678,128.6762795305778,35.204974607840846,8.293320448953336,34.22890307328605,89.11929180659158,1.498888888888889,25.672721972347162,127.95198017563621,34.45731633272617,131.71087955418488,46,121.05263157894737,4,7.2631578947368425,29,80.55555555555556,2,4.833333333333334,40.49707602339181,2.4298245614035086,0
598040,2013-05-01,1,5,49,164.0,164.0,0.2,0.2,0,0,1,4,6,0.5405405405405406,0.4186046511627907,0.0,0.6666666666666666,0.2,0.4,2,1,145.6,156.8,7.541540454940284,7.343088063238921,156.825,160.46666666666667,157.2,15.812811108106455,13.994601580382547,2013,27.74016923842708,131.09645372056266,32.043139206902275,8.721138284985583,32.98356973995272,96.7443255791027,1.41536231884058,21.303878677071967,122.04885562579398,27.297968448530245,8.2905217057425,34.91357578813031,106.90848654054923,1.5155092592592592,30.8169487307118,147.52414757733249,25.720852795861074,140.66419916948178,34,91.8918918918919,2,5.513513513513514,37,97.36842105263158,3,5.842105263157895,-5.476529160739673,-0.32859174964438065,1
598039,2013-05-01,7,13,43,160.35,153.66666666666666,0.0,0.2,0,1,1,6,4,0.5490196078431373,0.42857142857142855,0.3333333333333333,0.4,0.6,0.6,3,2,173.4,145.0,7.228981446498258,7.176359235003536,156.825,169.73333333333332,151.46666666666667,16.099700066293625,13.016827148829687,2013,28.830564894806333,132.9127693760207,30.688411129240382,8.629847890496203,31.4338689544344,121.64054886892218,1.5351851851851854,21.99423007246377,112.33323831128158,26.457050120772948,8.255605311200004,32.19481517300666,88.36784711676351,1.4496825396825397,31.04772004241782,128.61832896325035,34.13412295736763,143.25787811139153,36,100.0,1,6.0,41,105.12820512820514,2,6.307692307692308,5.128205128205138,0.3076923076923084,0
598041,2013-05-02,0,9,27,166.60526315789474,167.46666666666667,0.1,0.0,0,1,1,7,3,0.5405405405405406,0.4418604651162791,1.0,0.25,0.8,0.4,5,2,165.4,150.2,7.4133771625965945,7.471884685926699,155.66666666666666,165.53333333333333,146.86666666666667,14.562337481563299,15.718129653131886,2013,30.15986153053831,132.78402816385773,35.204974607840846,8.09282897961758,33.154142852176335,108.20955232709105,1.4925925925925927,24.271374106584133,127.20413516225216,33.43996228490611,9.118318287292094,39.85884707846144,92.59440968768698,1.590344551282051,34.45731633272617,131.71087955418488,30.55000655780707,137.23916029095065,36,100.0,1,6.0,36,100.0,2,6.0,0.0,0.0,1
598042,2013-05-02,12,8,53,147.33333333333334,147.33333333333334,0.1,0.3,1,1,1,4,0,0.45454545454545453,0.25,0.25,0.0,0.6,0.2,2,0,182.0,179.0,6.751963894591307,7.473946953725018,155.66666666666666,170.13333333333333,157.4,15.916665590218793,13.587492578543193,2013,34.843929702096155,136.2326179009696,39.34128634559885,8.245469212337973,45.69734042553191,133.87582291015048,1.4533333333333334,19.069610762929816,112.0352517292486,28.059049192176435,8.559117933889878,35.795942457966255,75.58119675770955,1.3615404040404042,37.310471530784035,139.3538685980196,25.672721972347162,127.95198017563621,39,102.63157894736842,1,6.157894736842106,30,81.08108108108108,0,4.864864864864865,-21.550497866287344,-1.2930298719772413,1
598043,2013-05-03,5,10,14,146.57575757575756,145.66666666666666,0.1,0.0,1,0,1,5,5,0.4090909090909091,0.41304347826086957,0.6666666666666666,0.5,0.3,0.6,1,3,152.6,159.2,7.343088063238921,7.369295210659598,157.0681818181818,154.13333333333333,150.66666666666666,15.582625757248787,16.080203413549892,2013,27.341294154215504,122.57593337503181,29.26586968309815,8.050656201447921,33.31811936585873,81.39021601463553,1.4777777777777779,27.144068492219688,129.45618933183948,33.69224257224257,7.8661924687507465,28.172769598021432,114.2462094951532,1.41875,25.720852795861074,140.66419916948178,34.64819296282663,142.39612625551993,48,126.3157894736842,1,7.578947368421052,34,85.0,2,5.1,41.315789473684205,2.4789473684210526,1
598044,2013-05-04,13,1,43,158.85714285714286,151.26666666666668,0.0,0.2,1,0,1,5,7,0.42857142857142855,0.5405405405405406,0.4,0.0,0.6,0.3,3,3,134.8,150.0,7.228981446498258,7.541540454940284,156.51111111111112,149.4,157.06666666666666,15.240564378223024,13.198768949406825,2013,22.4438356465632,120.83737234511693,27.376560182015293,8.361152574148152,30.53271634787592,104.39723798408009,1.458068783068783,19.180304083778918,110.35692097691957,32.043139206902275,7.928667820056543,32.70968483510334,86.0851269942179,1.3660737812911725,34.13412295736763,143.25787811139153,30.8169487307118,147.52414757733249,41,110.8108108108108,2,6.648648648648649,26,70.27027027027027,1,4.216216216216217,40.54054054054053,2.4324324324324325,1
598046,2013-05-05,0,7,56,154.33333333333334,156.66666666666666,0.2,0.1,0,0,1,5,7,0.5405405405405406,0.5384615384615384,1.0,0.3333333333333333,0.9,0.6,5,3,178.8,163.4,7.176359235003536,7.4133771625965945,154.84782608695653,167.4,168.93333333333334,14.991869829917052,16.394599148201248,2013,24.890164262430627,125.96900819049846,35.204974607840846,8.150685261698513,30.579069871361284,82.0898653388772,1.5284271284271285,26.91561647068056,133.62721764869892,30.688411129240382,8.402488123204003,30.849030532372346,113.92516335072557,1.5150793650793652,34.45731633272617,131.71087955418488,31.04772004241782,128.61832896325035,32,82.05128205128204,0,4.923076923076923,32,86.48648648648648,4,5.1891891891891895,4.43520443520444,0.2661122661122661,0
598047,2013-05-05,10,8,47,155.5,162.86666666666667,0.0,0.1,1,0,1,3,1,0.40425531914893614,0.25,0.5,0.0,0.6,0.2,2,0,149.8,192.6,7.369295210659598,6.751963894591307,154.84782608695653,147.66666666666666,159.86666666666667,15.66119243386527,17.13053882013774,2013,27.110766390641054,129.52977374098924,30.862811134115486,7.669365460918556,25.832170459800484,120.50699040002736,1.376984126984127,25.89214743744936,131.3803627540889,26.967026400153646,8.270747855757019,38.19198853108428,87.48176552738207,1.4558333333333333,34.64819296282663,142.39612625551993,25.672721972347162,127.95198017563621,53,139.4736842105263,0,8.368421052631579,61,156.4102564102564,0,9.384615384615385,-16.936572199730108,-1.0161943319838063,1
598064,2013-05-06,9,12,41,168.88,161.13333333333333,0.0,0.2,1,1,0,5,5,0.4318181818181818,0.47058823529411764,0.25,0.25,0.4,0.6,2,3,162.8,186.4,7.471884685926699,7.473946953725018,155.0,147.46666666666667,172.06666666666666,15.269643131346452,14.192091731703796,2013,25.952741233021268,125.90537232290517,33.28164441230252,9.312381634772654,41.98000886524823,95.75971688686798,1.5963853276353277,33.201263035429484,132.16217440132726,39.34128634559885,8.245469212337973,45.69734042553191,123.78796508616942,1.4533333333333336,30.55000655780707,137.23916029095065,37.310471530784035,139.3538685980196,41,110.8108108108108,2,6.648648648648649,58,161.11111111111111,0,9.666666666666668,-50.30030030030031,-3.0180180180180187,1
598050,2013-05-07,5,7,56,153.78571428571428,157.06666666666666,0.2,0.1,0,0,1,2,9,0.4090909090909091,0.5384615384615384,0.6666666666666666,0.3333333333333333,0.3,0.7,2,4,155.2,159.0,7.176359235003536,7.343088063238921,155.71428571428572,152.4,166.06666666666666,13.695367213191826,16.1475607639218,2013,27.390499361314582,117.03633986068226,49.50931537598205,7.9657144640991735,32.11730347425686,96.34371492253564,1.4722222222222223,26.019543135109075,128.6268583370922,30.640312635010407,8.545688336706228,30.878600169005182,119.5002169785903,1.5425925925925925,25.720852795861074,140.66419916948178,31.04772004241782,128.61832896325035,41,105.12820512820514,0,6.307692307692308,38,105.55555555555556,1,6.333333333333334,0.4273504273504187,0.02564102564102555,0
598049,2013-05-07,1,10,47,156.2258064516129,161.66666666666666,0.0,0.1,0,1,1,6,5,0.5263157894736842,0.40425531914893614,0.0,0.5,0.3,0.6,3,3,132.2,162.0,7.369295210659598,7.541540454940284,155.71428571428572,154.8,151.2,18.637677948140915,14.518588169055748,2013,27.474832390047258,131.8814314473938,32.043139206902275,8.689207535321007,32.71899625689519,100.21115713261118,1.4322463768115943,29.719717851454377,126.15502572078162,29.719717851454377,7.0760655814716875,22.066825555898173,123.66849269480849,1.261111111111111,30.8169487307118,147.52414757733249,34.64819296282663,142.39612625551993,49,128.94736842105263,0,7.7368421052631575,42,107.6923076923077,2,6.461538461538462,-21.255060728744937,-1.2753036437246958,0
598051,2013-05-08,0,13,43,155.27272727272728,146.8,0.0,0.1,0,0,0,7,4,0.5263157894736842,0.42857142857142855,1.0,0.4,0.8,0.6,4,3,169.6,127.0,7.228981446498258,7.4133771625965945,155.9607843137255,168.66666666666666,142.66666666666666,16.12544221117699,14.339584051125112,2013,31.86724705978647,129.8176383435492,35.204974607840846,7.994894568703101,34.11673612849395,101.8303044781306,1.44,18.67043588558759,114.64346264780177,27.376560182015293,8.050485477760667,30.247085305659212,109.38619777742585,1.511552028218695,34.45731633272617,131.71087955418488,34.13412295736763,143.25787811139153,49,125.64102564102564,2,7.538461538461538,50,135.13513513513513,1,8.108108108108109,9.494109494109495,0.5696465696465705,1
598052,2013-05-09,10,9,41,169.69230769230768,161.73333333333332,0.1,0.0,0,1,0,7,3,0.40425531914893614,0.4318181818181818,0.5,0.25,0.6,0.4,4,2,155.8,163.8,7.471884685926699,7.369295210659598,157.25,153.06666666666666,148.8,13.86960078301561,17.188938181180745,2013,30.129788388590782,129.3783148123125,30.7617957735323,7.439437632853296,24.39915137732552,125.04096447623613,1.325,23.245196762972576,127.87603357386492,33.36300853689973,9.328193135215988,42.14980087420247,96.84382743640185,1.6192460317460318,34.64819296282663,142.39612625551993,30.55000655780707,137.23916029095065,37,102.77777777777777,1,6.166666666666666,38,105.55555555555556,1,6.333333333333334,2.7777777777777857,0.16666666666666785,1
598053,2013-05-09,5,8,53,150.3846153846154,150.3846153846154,0.1,0.1,1,1,1,3,0,0.4,0.23809523809523808,0.6666666666666666,0.0,0.3,0.2,2,0,157.4,191.2,6.751963894591307,7.343088063238921,157.25,154.4,163.4,15.073234017450762,13.987927110504081,2013,23.896352028392958,123.61259577942633,29.438277124615922,8.253964265252867,40.45857578813031,99.92311900643881,1.4914148351648353,19.50639312904409,115.45585051506248,26.967026400153646,8.200801210696795,37.76441916806279,82.86883814164642,1.4912499999999997,25.720852795861074,140.66419916948178,25.672721972347162,127.95198017563621,34,89.47368421052632,2,5.368421052631579,50,131.57894736842107,1,7.894736842105264,42.105263157894754,2.526315789473685,1
598054,2013-05-10,1,12,16,162.375,155.93333333333334,0.1,0.3,1,1,0,5,4,0.5128205128205128,0.45714285714285713,0.0,0.25,0.3,0.6,2,2,130.8,201.0,7.541540454940284,7.473946953725018,156.92592592592592,156.0,172.66666666666666,15.404515716755027,15.706288072269974,2013,22.680959681040033,127.01746007348,32.043139206902275,8.414602724284958,32.08766216709479,96.90790253833427,1.462855609232421,33.201263035429484,132.16217440132726,39.34128634559885,8.245469212337973,45.69734042553191,123.78796508616942,1.4533333333333336,30.8169487307118,147.52414757733249,37.310471530784035,139.3538685980196,49,132.43243243243242,2,7.945945945945946,40,105.26315789473684,2,6.315789473684211,27.169274537695586,1.630156472261735,0
598055,2013-05-11,7,8,53,150.5,150.5,0.1,0.2,1,0,1,4,1,0.5384615384615384,0.23809523809523808,0.3333333333333333,0.0,0.7,0.1,4,0,161.2,169.0,6.751963894591307,7.176359235003536,157.4,166.0,162.0,16.38706167144122,14.440350708534023,2013,26.552638363516404,134.70456699560685,30.688411129240382,8.37765561154731,31.248868940694315,112.50200317756538,1.507936507936508,21.705584008529517,120.97628514606123,27.15221158533883,8.220178192797377,39.77640360931701,84.08351688813238,1.4822530864197532,31.04772004241782,128.61832896325035,25.672721972347162,127.95198017563621,36,97.2972972972973,2,5.837837837837839,37,97.36842105263158,2,5.842105263157895,0.07112375533426984,0.004267425320056084,1
598056,2013-05-11,13,9,41,168.77777777777777,161.13333333333333,0.1,0.1,0,0,0,4,7,0.42857142857142855,0.4318181818181818,0.4,0.25,0.5,0.4,2,1,147.0,168.8,7.471884685926699,7.228981446498258,157.4,146.2,145.8,13.416327071215985,14.11191270451118,2013,20.40305608342518,117.56116382515228,29.332688492063493,8.485209172823705,37.12511851127863,114.43273457396263,1.5933862433862436,21.535552106921532,119.74253112640564,33.43996228490611,8.762544562391707,35.01607216800938,92.35573049882174,1.5756944444444443,34.13412295736763,143.25787811139153,30.55000655780707,137.23916029095065,41,113.88888888888889,1,6.833333333333333,37,100.0,2,6.0,-13.888888888888886,-0.833333333333333,1
598058,2013-05-12,10,0,47,156.15625,162.2,0.0,0.2,1,1,0,4,8,0.4166666666666667,0.5384615384615384,0.5,1.0,0.7,0.8,4,4,156.0,182.4,7.369295210659598,7.4133771625965945,156.47368421052633,151.4,171.06666666666666,16.17446915879723,16.921354228453975,2013,27.110766390641054,129.52977374098924,30.862811134115486,7.669365460918556,25.832170459800484,120.50699040002736,1.376984126984127,30.324155158517716,129.77604967167306,35.204974607840846,8.008285926993684,32.470686300156615,98.46969817621994,1.458333333333333,34.64819296282663,142.39612625551993,34.45731633272617,131.71087955418488,24,66.66666666666666,3,4.0,37,100.0,0,6.0,-33.33333333333334,-2.0,1
598057,2013-05-12,12,5,21,167.0,167.0,0.1,0.3,1,0,0,6,5,0.4722222222222222,0.41304347826086957,0.25,0.6666666666666666,0.6,0.4,2,2,185.0,158.0,7.343088063238921,7.473946953725018,156.47368421052633,175.46666666666667,155.46666666666667,14.941473514636982,15.116787603011282,2013,23.18397071041001,122.7381436685975,39.34128634559885,8.187934797044527,41.23088687551157,118.76934278733857,1.4358585858585862,24.017376557039256,123.7752712342274,29.438277124615922,8.214594333574974,41.75321106620498,104.77608158558995,1.4878074306645732,37.310471530784035,139.3538685980196,25.720852795861074,140.66419916948178,31,83.78378378378379,2,5.027027027027027,22,59.45945945945946,1,3.5675675675675675,-24.32432432432433,-1.4594594594594597,0
598060,2013-05-13,7,13,56,154.3448275862069,156.73333333333332,0.1,0.1,1,0,1,6,5,0.5471698113207547,0.4418604651162791,0.3333333333333333,0.4,0.7,0.6,4,3,144.8,145.2,7.176359235003536,7.228981446498258,155.5084745762712,164.13333333333333,143.73333333333332,15.13375249663206,13.93598914204714,2013,28.830564894806333,132.9127693760207,30.688411129240382,8.629847890496203,31.4338689544344,121.64054886892218,1.5351851851851854,23.457985798650167,120.26546649947349,28.47442077552806,8.78253885846222,43.33083867154731,117.24205354626409,1.5680952380952382,31.04772004241782,128.61832896325035,34.13412295736763,143.25787811139153,39,105.40540540540539,1,6.324324324324324,52,130.0,1,7.800000000000001,-24.59459459459461,-1.475675675675677,1
598045,2013-05-14,9,12,23,163.3939393939394,164.26666666666668,0.3,0.1,0,1,0,6,5,0.4318181818181818,0.4594594594594595,0.25,0.25,0.4,0.5,1,2,169.0,169.2,7.473946953725018,7.471884685926699,155.88333333333333,146.73333333333332,171.6,15.794446252930054,15.419528634693835,2013,27.477015648455627,130.98044672875432,33.36300853689973,8.613055879006307,41.20955867367735,112.33594867539543,1.5364583333333333,35.25467571793037,132.80926175855583,42.002933876811596,8.292816641447997,43.31380516154453,127.52748894265922,1.4638888888888888,30.55000655780707,137.23916029095065,37.310471530784035,139.3538685980196,31,86.11111111111111,1,5.166666666666667,46,117.94871794871796,1,7.076923076923077,31.83760683760684,1.9102564102564097,1
598062,2013-05-14,1,0,27,167.10256410256412,166.2,0.2,0.1,1,0,1,4,7,0.5128205128205128,0.525,0.0,1.0,0.3,0.8,2,3,143.4,170.6,7.4133771625965945,7.541540454940284,155.88333333333333,153.86666666666667,165.66666666666666,13.940538427767505,15.919617387984552,2013,18.914242493853692,111.63981770580517,31.8169487307118,8.1519578334604,31.034733349807027,88.10913223857638,1.4019323671497583,30.324155158517716,129.77604967167306,35.204974607840846,8.008285926993684,32.470686300156615,98.46969817621994,1.458333333333333,30.8169487307118,147.52414757733249,34.45731633272617,131.71087955418488,47,127.02702702702702,0,7.621621621621621,49,132.43243243243242,2,7.945945945945946,5.4054054054054035,0.32432432432432456,0
598061,2013-05-15,5,8,21,115.0,115.0,0.1,0.1,0,1,0,4,0,0.41304347826086957,0.23809523809523808,0.6666666666666666,0.0,0.4,0.1,3,0,141.0,158.6,7.343088063238921,6.751963894591307,156.3709677419355,152.33333333333334,158.13333333333333,14.617714333735972,15.81342440082396,2013,23.686915773320095,122.8518024519232,29.438277124615922,8.058224646036736,38.56811674994299,104.03475813332999,1.450393433726767,26.66536350828123,127.42812624495835,27.15221158533883,8.404309979460718,40.024453309692674,84.44609852622023,1.4545138888888887,25.720852795861074,140.66419916948178,25.672721972347162,127.95198017563621,33,84.61538461538461,3,5.076923076923077,42,116.66666666666667,1,7.0,-32.05128205128206,-1.9230769230769234,0
598063,2013-05-15,7,10,56,155.13333333333333,158.8,0.1,0.0,1,0,0,5,5,0.5471698113207547,0.4166666666666667,0.3333333333333333,0.5,0.7,0.7,4,4,145.6,150.0,7.176359235003536,7.369295210659598,156.3709677419355,165.2,152.4,16.40937025426301,16.662967983200833,2013,20.292028084251847,127.82008219388022,28.029506447844394,8.011006095360166,29.718418867453213,97.52041305447102,1.4907407407407407,24.617015834696126,133.48713808021316,30.862811134115486,7.78945689038089,26.236712552144652,121.22636238499899,1.398148148148148,31.04772004241782,128.61832896325035,34.64819296282663,142.39612625551993,49,132.43243243243242,1,7.945945945945946,29,78.37837837837837,4,4.702702702702703,54.05405405405405,3.243243243243243,1
598028,2013-05-16,9,1,18,175.28571428571428,175.28571428571428,0.1,0.0,0,0,0,6,5,0.4444444444444444,0.5,0.25,0.0,0.4,0.3,2,1,169.0,144.2,7.471884685926699,7.541540454940284,156.734375,150.33333333333334,155.66666666666666,15.552047878093664,14.93664939172505,2013,27.477015648455627,130.98044672875432,33.36300853689973,8.613055879006307,41.20955867367735,112.33594867539543,1.5364583333333333,23.828910329000728,128.65019585605341,32.043139206902275,8.42207069804942,32.24271716020386,93.69777982637038,1.42487922705314,30.55000655780707,137.23916029095065,30.8169487307118,147.52414757733249,53,143.24324324324326,0,8.594594594594595,21,58.333333333333336,3,3.5,84.90990990990991,5.094594594594595,1
598065,2013-05-17,13,10,43,158.2173913043478,152.53333333333333,0.1,0.0,1,1,1,2,8,0.4318181818181818,0.40816326530612246,0.4,0.5,0.5,0.6,3,4,152.0,156.8,7.228981446498258,7.369295210659598,156.95384615384614,142.93333333333334,152.66666666666666,15.852351556132046,14.106587869019636,2013,20.40305608342518,117.56116382515228,29.332688492063493,8.485209172823705,37.12511851127863,114.43273457396263,1.5933862433862436,21.846750329397846,119.69734878344902,30.862811134115486,7.416007865386822,24.506413442178005,110.28626483120053,1.3116161616161615,34.13412295736763,143.25787811139153,34.64819296282663,142.39612625551993,21,55.26315789473685,3,3.3157894736842106,33,91.66666666666666,0,5.5,-36.40350877192981,-2.1842105263157894,1
598068,2013-05-18,12,0,23,163.7058823529412,169.93333333333334,0.3,0.2,1,0,0,5,8,0.4594594594594595,0.525,0.25,1.0,0.4,0.8,2,3,169.8,171.4,7.473946953725018,7.4133771625965945,156.63636363636363,171.8,164.2,17.5151908784607,15.875817985683442,2013,36.084912127620186,140.26665662058497,39.34128634559885,8.174448068672936,49.272643321513,131.91876815994465,1.4375,30.324155158517716,129.77604967167306,35.204974607840846,8.008285926993684,32.470686300156615,98.46969817621994,1.458333333333333,37.310471530784035,139.3538685980196,34.45731633272617,131.71087955418488,76,205.4054054054054,1,12.324324324324323,56,151.35135135135135,3,9.08108108108108,54.054054054054035,3.243243243243242,1
598066,2013-05-18,7,9,18,174.75,174.75,0.1,0.1,1,1,0,5,6,0.5471698113207547,0.4444444444444444,0.3333333333333333,0.25,0.8,0.5,5,3,153.0,166.0,7.471884685926699,7.176359235003536,156.63636363636363,163.8,152.33333333333334,14.789661814238476,15.79323424792884,2013,19.98996813296952,127.47398255817697,28.029506447844394,7.962440695065824,29.971875367804664,99.0478256284778,1.4605555555555552,22.557384536061203,125.7526910824159,33.36300853689973,8.619127614902846,29.18388967224056,95.65022794011665,1.5297542735042735,31.04772004241782,128.61832896325035,30.55000655780707,137.23916029095065,35,94.5945945945946,2,5.675675675675675,51,137.83783783783784,2,8.27027027027027,43.24324324324324,2.5945945945945947,0
598069,2013-05-19,5,13,43,157.29166666666666,149.93333333333334,0.1,0.1,0,1,1,8,2,0.41304347826086957,0.4318181818181818,0.6666666666666666,0.4,0.4,0.6,3,3,147.8,153.4,7.228981446498258,7.343088063238921,156.27941176470588,151.0,143.6,14.180031316323037,15.316091274001229,2013,29.87900033017363,123.86696148198992,49.50931537598205,7.782230238415654,33.04249371999815,90.50411548280485,1.4301994301994303,23.13665652284536,119.1933486468665,29.332688492063493,8.735309444585157,40.033162911594616,115.76416523145846,1.5613378684807258,25.720852795861074,140.66419916948178,34.13412295736763,143.25787811139153,45,121.62162162162163,0,7.297297297297297,33,84.61538461538461,1,5.076923076923077,-37.006237006237015,-2.2203742203742207,0
598067,2013-05-19,8,1,53,147.93333333333334,147.93333333333334,0.1,0.0,0,1,1,1,3,0.2727272727272727,0.4878048780487805,0.0,0.0,0.1,0.3,1,0,159.8,151.2,6.751963894591307,7.541540454940284,156.27941176470588,160.4,156.26666666666668,12.9220092656006,13.918887506208181,2013,22.41234608756174,122.3469988266636,27.15221158533883,8.542820138823627,41.30762411347517,90.29018018182867,1.4749999999999999,20.547354453676768,118.90655249805582,32.043139206902275,9.46810951082978,32.62889595038531,86.40020537459483,1.634903381642512,25.672721972347162,127.95198017563621,30.8169487307118,147.52414757733249,40,108.10810810810811,1,6.486486486486487,47,117.5,2,7.050000000000001,-9.391891891891888,-0.5635135135135139,1
598070,2013-05-21,0,7,16,163.0,158.26666666666668,0.2,0.1,0,1,1,5,8,0.5121951219512195,0.5370370370370371,1.0,0.3333333333333333,0.7,0.8,2,4,155.4,161.8,7.4133771625965945,7.176359235003536,156.12857142857143,161.4,165.6,15.842134272045898,14.683055796682085,2013,32.65720390720391,127.1132709035217,32.6572039072039,7.941295609906086,36.117419227738374,86.93939635243986,1.4351851851851851,18.957013310014695,116.60248653819755,28.963184311754816,8.023746593779244,29.146866838835514,100.46324354389571,1.517222222222222,34.45731633272617,131.71087955418488,31.04772004241782,128.61832896325035,47,130.55555555555557,0,7.833333333333334,56,151.35135135135135,1,9.08108108108108,-20.795795795795783,-1.2477477477477468,1
598071,2013-05-22,10,13,16,163.85294117647058,161.73333333333332,0.0,0.1,0,0,1,8,3,0.4,0.4318181818181818,0.5,0.4,0.6,0.6,3,3,148.4,163.4,7.369295210659598,7.228981446498258,156.6338028169014,150.73333333333332,143.46666666666667,15.185188520885523,15.116734185067937,2013,26.08303170292203,128.84950092847507,30.862811134115486,7.776889001678502,26.527665257526365,117.36821977462711,1.3944444444444444,20.40305608342518,117.56116382515228,29.332688492063493,8.485209172823705,37.12511851127863,114.43273457396263,1.5933862433862436,34.64819296282663,142.39612625551993,34.13412295736763,143.25787811139153,44,122.22222222222223,1,7.333333333333334,27,75.0,2,4.5,47.22222222222223,2.833333333333334,1
598072,2013-05-24,10,7,14,146.14705882352942,146.53333333333333,0.2,0.0,1,1,1,5,6,0.4,0.5272727272727272,0.5,0.3333333333333333,0.7,0.7,3,3,144.0,166.2,7.176359235003536,7.369295210659598,156.29166666666666,149.93333333333334,168.53333333333333,16.213841214425422,17.110669252028455,2013,25.34146424260457,133.28200469921413,30.862811134115486,7.685633174172675,25.727367194933223,125.42645571268051,1.363888888888889,23.713528542280272,131.50632723568623,28.963184311754816,8.22026088306782,31.6029017158258,109.4814020822173,1.4993055555555557,34.64819296282663,142.39612625551993,31.04772004241782,128.61832896325035,45,121.62162162162163,0,7.297297297297297,42,113.51351351351352,0,6.8108108108108105,-8.108108108108112,-0.48648648648648685,0
598073,2013-05-26,7,0,14,146.68571428571428,149.93333333333334,0.3,0.1,1,1,1,8,6,0.5272727272727272,0.5121951219512195,0.3333333333333333,1.0,0.7,0.7,3,3,176.8,166.0,7.4133771625965945,7.176359235003536,156.41095890410958,165.6,165.0,14.503853093528933,15.923984045588808,2013,19.142739372740632,116.2113027838743,28.963184311754816,8.020013629134219,29.849878944395922,105.63621843681135,1.5166666666666666,25.312684923587653,127.7105690757381,35.204974607840846,8.01244345447234,30.5737222777784,85.70924925063399,1.52020202020202,31.04772004241782,128.61832896325035,34.45731633272617,131.71087955418488,35,92.10526315789474,4,5.526315789473684,34,94.44444444444444,3,5.666666666666666,2.339181286549703,0.140350877192982,1
729279,2014-04-16,7,5,51,167.0,167.0,0.1,0.1,0,0,1,10,2,0.5357142857142857,0.40425531914893614,0.3333333333333333,0.6666666666666666,0.7,0.4,3,2,170.8,147.4,7.176359235003536,7.343088063238921,163.25423728813558,163.26666666666668,151.13333333333333,16.088456134264383,15.283234664180284,2014,24.36137490887664,128.97048114999777,31.821446420016922,8.427757849181592,32.916980758089686,81.29028496534633,1.511111111111111,28.41599560674918,128.8034009019296,31.858908871917,8.016336687230227,32.236005247707375,88.95385339683286,1.4214285714285713,31.04772004241782,128.61832896325035,25.720852795861074,140.66419916948178,32,88.88888888888889,1,5.333333333333333,31,79.48717948717949,1,4.769230769230769,9.401709401709397,0.5641025641025639,0
729281,2014-04-17,12,1,50,167.0,167.0,0.0,0.3,1,1,0,5,5,0.4594594594594595,0.47619047619047616,0.25,0.0,0.5,0.3,2,0,153.6,169.6,7.541540454940284,7.473946953725018,163.0,164.53333333333333,152.93333333333334,14.099458017592355,15.49547959001222,2014,28.40934947768726,127.83105976179502,28.409349477687268,8.127713558766432,51.483894799054376,125.5118132118132,1.4759259259259256,28.308525990104897,125.94281956333083,32.065016170402586,9.066381105025174,40.90176705382533,111.12877358017154,1.621031746031746,37.310471530784035,139.3538685980196,30.8169487307118,147.52414757733249,30,81.08108108108108,3,4.864864864864865,50,135.13513513513513,1,8.108108108108109,54.05405405405405,3.243243243243244,1
729285,2014-04-18,13,10,51,163.0,163.0,0.1,0.0,0,0,0,3,9,0.4222222222222222,0.39215686274509803,0.4,0.5,0.5,0.6,3,2,145.2,148.0,7.228981446498258,7.369295210659598,154.0,143.86666666666667,151.26666666666668,16.761939714883066,15.311672958825826,2014,29.031928183821922,127.18641209080974,40.273210130199125,8.392943217466923,37.65320991990435,121.27527486273617,1.3708333333333333,23.82068389747078,128.51000170784891,30.862811134115486,7.587809898748166,26.78974415823559,123.42975265968941,1.3486111111111112,34.13412295736763,143.25787811139153,34.64819296282663,142.39612625551993,41,105.12820512820514,1,6.307692307692308,30,81.08108108108108,2,4.864864864864865,24.047124047124058,1.4428274428274435,0
729283,2014-04-18,0,9,51,163.0,163.0,0.3,0.1,0,1,1,8,3,0.5121951219512195,0.4444444444444444,1.0,0.25,0.6,0.5,2,3,151.0,164.6,7.4133771625965945,7.471884685926699,154.0,163.86666666666667,157.93333333333334,15.668250959177154,16.209627200610313,2014,29.367502479238635,134.1298944765647,32.34671249957874,8.273926292924198,32.86469281449086,107.49861283705204,1.5355555555555553,25.468965901536336,134.11726069362894,28.837444168102277,8.56061693331524,33.42212861457072,86.9427801043126,1.5183574879227055,34.45731633272617,131.71087955418488,30.55000655780707,137.23916029095065,70,175.0,0,10.5,64,164.1025641025641,3,9.846153846153847,10.897435897435912,0.6538461538461533,0
729287,2014-04-19,7,12,13,167.0,167.0,0.3,0.1,1,0,0,7,6,0.5357142857142857,0.47368421052631576,0.3333333333333333,0.25,0.7,0.5,2,3,170.2,144.6,7.473946953725018,7.176359235003536,161.5,162.2,165.4,13.397387123421112,16.72053636028835,2014,18.30423225696079,110.23602724991852,31.821446420016922,8.004888551750252,29.983292320738396,80.45571777804979,1.4575757575757573,31.66901210826545,133.84603008959604,34.75028386088937,8.228173615824353,46.461953309692674,138.55665933165935,1.4861111111111112,31.04772004241782,128.61832896325035,37.310471530784035,139.3538685980196,30,83.33333333333334,3,5.0,49,125.64102564102564,1,7.538461538461538,42.30769230769229,2.5384615384615383,0
729289,2014-04-19,5,1,13,167.0,167.0,0.1,0.0,0,1,1,6,5,0.4166666666666667,0.47619047619047616,0.6666666666666666,0.0,0.5,0.2,3,0,146.0,167.8,7.343088063238921,7.541540454940284,161.5,152.4,154.06666666666666,14.167223951202281,15.229287069029963,2014,28.41599560674918,128.8034009019296,31.858908871917,8.016336687230227,32.236005247707375,88.95385339683286,1.4214285714285713,25.907307991518483,122.0830926518258,32.065016170402586,9.091647124770613,41.165800331850285,105.39609164014703,1.608503401360544,25.720852795861074,140.66419916948178,30.8169487307118,147.52414757733249,31,75.60975609756098,2,4.536585365853659,49,132.43243243243242,2,7.945945945945946,-56.822676334871446,-3.4093605800922866,0
729291,2014-04-20,10,9,50,145.0,145.0,0.0,0.2,0,0,0,8,3,0.40384615384615385,0.45652173913043476,0.5,0.4,0.6,0.5,2,4,146.4,176.6,7.369295210659598,7.471884685926699,154.5,151.86666666666667,162.4,14.784772191811813,15.665444541266003,2014,25.76068065856774,130.1016428310367,31.38027676027676,8.635666428555751,28.35411256997789,118.65839475959896,1.2825396825396826,26.485386611054203,135.28155351341277,28.885900762013417,8.79970561217645,33.64092933748486,80.23911472084846,1.5220289855072464,34.64819296282663,142.39612625551993,30.55000655780707,137.23916029095065,54,142.10526315789474,1,8.526315789473685,39,105.40540540540539,2,6.324324324324324,36.69985775248935,2.2019914651493613,0
729293,2014-04-21,1,0,51,167.0,167.0,0.3,0.0,1,0,1,4,8,0.4883720930232558,0.5121951219512195,0.0,1.0,0.3,0.5,1,2,164.4,163.8,7.4133771625965945,7.541540454940284,159.71428571428572,154.13333333333333,166.93333333333334,12.719933745226859,14.643426574616079,2014,20.386008451205797,111.24659560367681,32.065016170402586,8.832327669075735,38.53603972648522,110.3543204251592,1.5853968253968254,27.644729289077382,129.3355417050605,34.31708286994911,8.74584709573837,33.038020200318385,111.90503434596388,1.5854166666666667,30.8169487307118,147.52414757733249,34.45731633272617,131.71087955418488,34,91.8918918918919,1,5.513513513513514,24,66.66666666666666,3,4.0,-25.225225225225245,-1.513513513513514,0
729295,2014-04-22,9,13,50,168.0,168.0,0.3,0.1,0,0,0,7,5,0.46808510638297873,0.4222222222222222,0.4,0.4,0.6,0.5,5,2,184.8,141.8,7.471884685926699,7.228981446498258,161.875,166.86666666666667,142.0,16.06937417057671,13.607564714401224,2014,23.82827326084369,128.75780307807375,28.837444168102277,8.670520754190084,32.71152713607609,85.77400721053972,1.5285426731078904,23.078288021259855,117.98467227020048,40.273210130199125,8.012620884379642,34.19739864118052,105.34416753618838,1.432449494949495,30.55000655780707,137.23916029095065,34.13412295736763,143.25787811139153,43,119.44444444444444,0,7.166666666666666,45,112.5,3,6.75,6.944444444444443,0.4166666666666661,1
729297,2014-04-23,10,0,13,140.5,140.5,0.1,0.3,0,1,0,5,8,0.40384615384615385,0.5121951219512195,0.5,1.0,0.6,0.5,2,2,151.4,165.6,7.369295210659598,7.4133771625965945,165.33333333333334,152.66666666666666,167.46666666666667,13.364615395735054,15.452594424744758,2014,21.143864956626956,116.88488274444973,31.38027676027676,8.369826978565564,29.579360954730785,107.35339035165174,1.365151515151515,27.644729289077382,129.3355417050605,34.31708286994911,8.74584709573837,33.038020200318385,111.90503434596388,1.5854166666666667,34.64819296282663,142.39612625551993,34.45731633272617,131.71087955418488,38,102.7027027027027,2,6.162162162162161,51,137.83783783783784,1,8.27027027027027,-35.135135135135144,-2.108108108108109,0
729299,2014-04-24,12,5,50,176.33333333333334,176.33333333333334,0.2,0.1,0,1,0,6,6,0.47368421052631576,0.4166666666666667,0.25,0.6666666666666666,0.5,0.4,3,2,131.0,148.8,7.473946953725018,7.343088063238921,162.8,162.66666666666666,153.2,15.956690012463485,15.63957016525619,2014,29.175174738843634,130.86178104627047,34.75028386088937,8.240190240572224,40.93085309182775,127.1334061667355,1.510185185185185,28.129621155905532,128.87303344248858,33.454246867255,8.201060554792797,32.05284609377029,94.78160012696577,1.479861111111111,37.310471530784035,139.3538685980196,25.720852795861074,140.66419916948178,49,132.43243243243242,0,7.945945945945946,42,113.51351351351352,2,6.8108108108108105,18.918918918918905,1.135135135135135,0
729301,2014-04-25,1,13,13,140.33333333333334,140.33333333333334,0.2,0.0,1,0,1,7,6,0.4772727272727273,0.41304347826086957,0.0,0.4,0.2,0.5,1,2,166.2,144.8,7.228981446498258,7.541540454940284,161.63636363636363,152.0,147.26666666666668,16.00767735016296,15.604819755409729,2014,31.372675633702173,127.80897862045697,35.94160997732426,8.43133836998244,40.859555104033596,107.99326750510973,1.496510673234811,33.50090351242368,131.56951556044604,33.50090351242368,7.984230055658628,38.798709613869185,94.1506052713483,1.0763888888888888,30.8169487307118,147.52414757733249,34.13412295736763,143.25787811139153,55,144.73684210526315,0,8.68421052631579,44,115.78947368421053,0,6.947368421052632,-28.947368421052616,-1.7368421052631575,0
729303,2014-04-25,0,7,13,140.33333333333334,140.33333333333334,0.3,0.1,0,0,1,6,9,0.5238095238095238,0.5263157894736842,1.0,0.3333333333333333,0.5,0.6,3,2,172.4,156.6,7.4133771625965945,7.176359235003536,161.63636363636363,168.86666666666667,159.13333333333333,16.253220534962438,12.56332505538247,2014,31.916874459914958,135.37416795094833,34.31708286994911,9.858877749234878,34.295831151118385,109.27000376496471,1.758888888888889,22.52122214122368,123.86028584491527,31.821446420016922,8.329067316827691,32.37500686122134,79.20528136089146,1.4876543209876543,34.45731633272617,131.71087955418488,31.04772004241782,128.61832896325035,51,137.83783783783784,0,8.27027027027027,31,86.11111111111111,2,5.166666666666667,51.726726726726724,3.103603603603603,1
729307,2014-04-26,9,5,51,169.5,169.5,0.0,0.4,1,0,0,5,6,0.46808510638297873,0.42857142857142855,0.4,0.6666666666666666,0.7,0.5,5,2,188.6,155.8,7.343088063238921,7.471884685926699,161.76923076923077,169.26666666666668,151.2,14.777440616862533,15.69399014740399,2014,20.6484688968131,118.16971844013678,28.885900762013417,8.333669166449452,32.054216353459715,95.75701102693785,1.525669740887132,24.014310019071864,130.78852178998213,33.454246867255,7.996629558794731,30.8377284197642,99.41900803156778,1.4565656565656566,30.55000655780707,137.23916029095065,25.720852795861074,140.66419916948178,24,64.86486486486487,3,3.891891891891892,51,134.21052631578948,2,8.052631578947368,69.34566145092461,4.160739687055476,1
729305,2014-04-26,12,10,51,169.5,169.5,0.1,0.1,1,0,0,6,5,0.47368421052631576,0.40384615384615385,0.25,0.5,0.5,0.5,3,2,138.0,152.2,7.369295210659598,7.473946953725018,161.76923076923077,161.93333333333334,154.2,15.14477464061539,16.35823304828886,2014,21.74399373219507,114.69603428810046,34.75028386088937,7.94937451548379,35.18277774929085,105.29036116035877,1.4466666666666665,26.60878686582878,130.03772091241217,30.7617957735323,7.573307428458369,26.69709887963819,118.43549378371111,1.328888888888889,37.310471530784035,139.3538685980196,34.64819296282663,142.39612625551993,36,94.73684210526315,2,5.684210526315789,22,59.45945945945946,5,3.5675675675675675,-35.27738264580369,-2.116642958748222,0
729311,2014-04-27,13,0,50,169.75,169.75,0.2,0.3,0,1,1,4,8,0.41304347826086957,0.5238095238095238,0.4,1.0,0.5,0.6,2,3,154.4,162.2,7.228981446498258,7.4133771625965945,153.66666666666666,147.53333333333333,165.93333333333334,14.150821386351609,15.600321799666558,2014,29.031928183821922,127.18641209080974,40.273210130199125,8.392943217466923,37.65320991990435,121.27527486273617,1.3708333333333333,29.674621491664475,130.93261503881283,34.31708286994911,8.98791728185336,33.38722553069236,115.64656986477506,1.5960317460317461,34.13412295736763,143.25787811139153,34.45731633272617,131.71087955418488,37,102.77777777777777,2,6.166666666666666,47,130.55555555555557,0,7.833333333333334,-27.7777777777778,-1.6666666666666679,0
729309,2014-04-27,7,1,50,169.75,169.75,0.0,0.1,1,1,1,6,6,0.5172413793103449,0.4666666666666667,0.3333333333333333,0.0,0.5,0.1,2,1,146.4,168.8,7.541540454940284,7.176359235003536,153.66666666666666,157.93333333333334,156.66666666666666,16.1042271351639,15.287108649342864,2014,24.36137490887664,128.97048114999777,31.821446420016922,8.427757849181592,32.916980758089686,81.29028496534633,1.511111111111111,30.46992315444696,128.83604991079113,35.94160997732426,8.008486223371015,32.258909910968185,105.9956996607677,1.4199233716475093,31.04772004241782,128.61832896325035,30.8169487307118,147.52414757733249,31,83.78378378378379,0,5.027027027027027,37,97.36842105263158,2,5.842105263157895,13.584637268847786,0.8150782361308675,0
729313,2014-04-28,12,9,13,149.2,149.2,0.4,0.1,1,0,0,5,7,0.46153846153846156,0.4791666666666667,0.25,0.4,0.5,0.8,3,5,117.2,180.8,7.471884685926699,7.473946953725018,151.47058823529412,156.33333333333334,169.86666666666667,13.319631865674413,15.821639363814764,2014,24.057899982195067,115.14016068187819,39.34128634559885,8.221851928498392,37.71431385502908,99.64496433496194,1.5527777777777778,25.18414314582689,130.0831761153865,28.885900762013417,8.64439511865205,33.78296793271884,89.25581062998137,1.5197032436162874,37.310471530784035,139.3538685980196,30.55000655780707,137.23916029095065,33,86.8421052631579,2,5.210526315789474,44,122.22222222222223,4,7.333333333333334,35.380116959064324,2.1228070175438596,0
729317,2014-04-30,7,13,13,145.0,145.0,0.1,0.2,0,1,0,7,5,0.5084745762711864,0.41304347826086957,0.3333333333333333,0.4,0.4,0.4,1,1,138.4,157.4,7.176359235003536,7.228981446498258,149.94444444444446,153.33333333333334,149.26666666666668,15.11958202392916,15.355194204104107,2014,20.583971062722796,124.01248658793662,28.029506447844394,8.30400650805639,32.49736661367305,78.40599473866479,1.4840277777777777,29.769889934559952,127.50963260335025,40.273210130199125,8.202110772087945,35.03681495809155,101.96553581560217,1.3216269841269843,31.04772004241782,128.61832896325035,34.13412295736763,143.25787811139153,32,84.21052631578947,3,5.052631578947368,44,122.22222222222223,2,7.333333333333334,-38.01169590643276,-2.280701754385966,0
733971,2014-05-02,0,5,21,142.5,142.5,0.2,0.0,0,1,1,8,4,0.5348837209302325,0.42857142857142855,1.0,0.6666666666666666,0.6,0.5,4,2,161.6,148.2,7.4133771625965945,7.343088063238921,151.10526315789474,165.0,149.53333333333333,16.747406765058734,16.53493604623563,2014,30.190025643885814,134.27542589196395,32.34671249957874,8.183084194594702,34.183664206326284,116.49744324640878,1.5011111111111108,25.745487542573397,135.306773818585,31.858908871917,8.017684634740705,30.24691099046833,98.5068147791295,1.4294444444444445,34.45731633272617,131.71087955418488,25.720852795861074,140.66419916948178,43,119.44444444444444,1,7.166666666666666,39,105.40540540540539,4,6.324324324324324,14.039039039039054,0.8423423423423424,1
733973,2014-05-03,7,9,56,155.48387096774192,161.26666666666668,0.1,0.3,1,0,1,5,7,0.5084745762711864,0.4791666666666667,0.3333333333333333,0.4,0.3,0.8,0,5,143.2,169.0,7.176359235003536,7.471884685926699,150.95,153.2,165.8,14.858827565735968,14.878735133758388,2014,23.57430709597607,128.53454366907826,28.029506447844394,8.642363247833972,34.099952870518315,82.84830919041998,1.5296296296296295,23.88822477847995,128.58743369424957,28.885900762013417,8.650382616019803,32.52361309400916,85.52325746885677,1.526846100759144,31.04772004241782,128.61832896325035,30.55000655780707,137.23916029095065,49,128.94736842105263,2,7.7368421052631575,36,92.3076923076923,2,5.538461538461538,36.63967611336032,2.198380566801619,1
733975,2014-05-03,1,10,16,162.94285714285715,163.2,0.0,0.1,1,0,0,6,6,0.4666666666666667,0.40384615384615385,0.0,0.5,0.2,0.5,2,2,159.4,139.8,7.541540454940284,7.369295210659598,150.95,153.73333333333332,146.53333333333333,17.318796943096014,16.33633748311963,2014,30.46992315444696,128.83604991079113,35.94160997732426,8.008486223371015,32.258909910968185,105.9956996607677,1.4199233716475093,25.521253709330107,130.8293336739031,30.7617957735323,7.439087734217617,25.319321101860417,131.03497600084037,1.3244444444444445,30.8169487307118,147.52414757733249,34.64819296282663,142.39612625551993,46,127.77777777777777,1,7.666666666666666,38,100.0,1,6.0,27.77777777777777,1.666666666666666,0
733977,2014-05-04,13,12,23,162.05714285714285,168.46666666666667,0.1,0.1,0,0,0,6,6,0.425531914893617,0.45,0.4,0.25,0.5,0.4,2,2,165.4,120.8,7.473946953725018,7.228981446498258,151.77272727272728,152.53333333333333,153.6,15.286486476820897,15.93909755831717,2014,27.808653692739956,126.48618276521961,40.273210130199125,8.230385100623506,34.065345618450586,107.34484383865188,1.3703124999999998,26.12272219996606,131.18491106135815,39.34128634559885,8.274379005078263,38.4730898336874,114.06550267800269,1.5395833333333333,34.13412295736763,143.25787811139153,37.310471530784035,139.3538685980196,36,94.73684210526315,2,5.684210526315789,47,120.51282051282051,2,7.23076923076923,25.77597840755736,1.5465587044534406,0
733979,2014-05-05,5,10,45,158.5,158.5,0.1,0.0,1,1,0,6,5,0.42,0.41509433962264153,0.6666666666666666,0.5,0.4,0.5,2,3,151.8,137.2,7.369295210659598,7.343088063238921,151.91304347826087,151.46666666666667,147.06666666666666,16.179915997169214,16.264056629331236,2014,27.459684070788143,138.15245607903813,31.858908871917,8.04224209341638,32.522420789367466,96.07278062215235,1.4298076923076923,24.801859575657325,130.7994808341154,31.38027676027676,8.538515039460577,27.873253492820485,124.21700556658865,1.3090277777777777,25.720852795861074,140.66419916948178,34.64819296282663,142.39612625551993,50,135.13513513513513,0,8.108108108108109,50,138.88888888888889,0,8.333333333333332,3.753753753753756,0.22522522522522337,0
733981,2014-05-05,0,1,16,162.63888888888889,162.86666666666667,0.0,0.2,0,1,0,9,4,0.5348837209302325,0.4666666666666667,1.0,0.0,0.7,0.2,5,2,150.2,160.8,7.541540454940284,7.4133771625965945,151.91304347826087,161.53333333333333,153.13333333333333,16.764983501576314,15.253202350263471,2014,31.05720418600481,135.27034151763277,32.34671249957874,8.323597186543598,35.02075672849609,113.9565993796484,1.5319444444444446,28.112150881151585,126.96151216843323,35.94160997732426,8.06862359899812,32.01239897130607,97.14535542969945,1.4154898741105637,34.45731633272617,131.71087955418488,30.8169487307118,147.52414757733249,46,124.32432432432432,2,7.45945945945946,49,136.11111111111111,0,8.166666666666668,11.786786786786791,0.7072072072072082,1
733983,2014-05-06,7,12,56,155.875,159.33333333333334,0.1,0.0,1,0,0,7,7,0.5084745762711864,0.45,0.3333333333333333,0.25,0.3,0.5,1,2,144.2,122.8,7.176359235003536,7.473946953725018,153.68,155.8,156.13333333333333,15.640359312523358,13.538378931705596,2014,25.464168515171288,129.40628756772904,28.029506447844394,8.664925140001142,34.64071767630047,93.13225674278969,1.5322222222222222,22.437066648861737,117.30903996019762,39.34128634559885,8.273869223970603,37.296752499360984,100.19287833287834,1.5577777777777775,31.04772004241782,128.61832896325035,37.310471530784035,139.3538685980196,50,131.57894736842107,1,7.894736842105264,64,164.1025641025641,1,9.846153846153847,-32.52361673414302,-1.951417004048583,1
733985,2014-05-07,1,5,16,163.05405405405406,161.93333333333334,0.0,0.0,1,1,1,6,6,0.4666666666666667,0.4117647058823529,0.0,0.6666666666666666,0.2,0.4,1,1,163.2,153.2,7.541540454940284,7.343088063238921,154.96153846153845,157.0,152.2,15.196018335834598,15.030066596387327,2014,28.112150881151585,126.96151216843323,35.94160997732426,8.06862359899812,32.01239897130607,97.14535542969945,1.4154898741105637,28.67431991713257,121.27195003412413,29.25778887501734,8.354919648197452,32.5778658619749,80.35104284660574,1.5055555555555555,30.8169487307118,147.52414757733249,25.720852795861074,140.66419916948178,29,80.55555555555556,2,4.833333333333334,52,140.54054054054055,0,8.432432432432433,-59.98498498498499,-3.5990990990990994,0
733987,2014-05-07,9,0,2,163.25,163.25,0.3,0.2,0,0,0,4,8,0.46938775510204084,0.5454545454545454,0.4,1.0,0.8,0.7,4,5,161.6,150.4,7.471884685926699,7.4133771625965945,154.96153846153845,169.0,162.46666666666667,15.163639516711962,13.73631087734427,2014,23.562260188948272,132.61887262805888,28.837444168102277,9.41559512302373,32.7115271360761,79.39565714643115,1.6368760064412238,27.644729289077382,129.3355417050605,34.31708286994911,8.74584709573837,33.038020200318385,111.90503434596388,1.5854166666666667,30.55000655780707,137.23916029095065,34.45731633272617,131.71087955418488,38,100.0,2,6.0,46,124.32432432432432,1,7.45945945945946,-24.324324324324323,-1.4594594594594597,1
733989,2014-05-08,10,13,45,160.8,160.8,0.1,0.1,0,1,0,10,3,0.41509433962264153,0.4166666666666667,0.5,0.4,0.5,0.4,3,2,144.6,169.8,7.369295210659598,7.228981446498258,157.85714285714286,147.0,152.26666666666668,15.109341391142397,14.102498300085816,2014,22.51797317164426,119.2372924332129,31.38027676027676,8.398642485835046,28.0314596290439,114.71187782377557,1.3838383838383839,23.459810008044993,118.44184137951724,40.273210130199125,7.891627394369009,31.8229420344947,99.37021679886865,1.4046717171717171,34.64819296282663,142.39612625551993,34.13412295736763,143.25787811139153,37,97.36842105263158,3,5.842105263157895,50,138.88888888888889,1,8.333333333333332,-41.52046783625731,-2.4912280701754375,0
733991,2014-05-09,9,12,23,161.86111111111111,168.33333333333334,0.0,0.4,0,0,0,8,5,0.46938775510204084,0.43902439024390244,0.4,0.25,0.9,0.4,4,1,169.6,137.2,7.473946953725018,7.471884685926699,157.0344827586207,174.46666666666667,151.06666666666666,15.515033090928165,12.895416112805528,2014,21.22643521608443,125.349808254305,28.885900762013417,8.90127881330322,32.86513113949062,89.81791487837927,1.573529112636664,22.518148612962325,114.7856942336448,39.34128634559885,8.07924852751997,35.814696574008174,97.52482923083848,1.518181818181818,30.55000655780707,137.23916029095065,37.310471530784035,139.3538685980196,34,94.44444444444444,3,5.666666666666666,64,145.45454545454547,1,8.727272727272727,51.010101010101025,3.0606060606060606,1
733993,2014-05-10,13,1,16,162.97368421052633,158.8,0.0,0.1,0,1,0,7,7,0.42857142857142855,0.4666666666666667,0.4,0.0,0.5,0.2,3,1,158.0,159.8,7.541540454940284,7.228981446498258,158.4,151.6,156.73333333333332,15.297208472897918,15.75336464948005,2014,30.37567763431776,128.2658647739141,33.50090351242368,8.120560988493501,36.94806442080378,93.87944236705846,1.1864583333333334,26.592402456454543,127.92615841008029,35.94160997732426,8.384919706177953,33.435849099892806,103.13800815461524,1.4840397509578542,34.13412295736763,143.25787811139153,30.8169487307118,147.52414757733249,52,140.54054054054055,1,8.432432432432433,44,146.66666666666666,2,8.799999999999999,6.12612612612611,0.3675675675675656,1
733995,2014-05-10,0,7,56,156.8181818181818,165.66666666666666,0.1,0.3,0,1,0,7,9,0.5333333333333333,0.5084745762711864,0.75,0.3333333333333333,0.7,0.4,4,2,168.6,158.6,7.176359235003536,7.4133771625965945,158.4,165.46666666666667,159.0,14.504896052447588,14.270753348188208,2014,29.674621491664475,130.93261503881283,34.31708286994911,8.98791728185336,33.38722553069236,115.64656986477506,1.5960317460317461,25.91554364840277,128.2643506432475,32.46935715126099,9.026787545762451,34.0856738890157,79.57344250953747,1.5809523809523809,34.45731633272617,131.71087955418488,31.04772004241782,128.61832896325035,42,110.5263157894737,1,6.631578947368421,38,105.55555555555556,1,6.333333333333334,-4.970760233918142,-0.2982456140350873,1
733999,2014-05-11,12,10,23,162.83783783783784,170.53333333333333,0.1,0.1,1,1,1,6,6,0.43902439024390244,0.41509433962264153,0.25,0.5,0.4,0.5,1,3,146.8,133.2,7.473946953725018,7.369295210659598,157.875,151.33333333333334,147.13333333333333,15.843861315610466,16.30813437236535,2014,31.681685155510298,137.77466937399586,39.34128634559885,8.111406161917285,42.68890569230056,129.01762222863917,1.4898148148148147,26.66025330814039,132.28190163737938,31.38027676027676,8.695776025144246,27.712289706080558,120.24724241987519,1.307142857142857,37.310471530784035,139.3538685980196,34.64819296282663,142.39612625551993,31,86.11111111111111,1,5.166666666666667,45,121.62162162162163,0,7.297297297297297,-35.510510510510514,-2.1306306306306304,0
733997,2014-05-11,5,9,2,176.8,176.8,0.5,0.0,1,1,0,6,6,0.4230769230769231,0.48,0.6666666666666666,0.4,0.4,0.9,2,4,152.0,170.6,7.471884685926699,7.343088063238921,157.875,152.93333333333334,176.06666666666666,14.02976054187874,15.235445052355857,2014,29.142538915727325,125.28729251474577,29.142538915727325,8.529553786998122,31.396128841607563,74.35991690302033,1.5166666666666666,23.154913587857155,129.9515480429237,28.885900762013417,8.930109116314854,32.98593518422935,95.11215576267176,1.5943370907139023,25.720852795861074,140.66419916948178,30.55000655780707,137.23916029095065,49,128.94736842105263,2,7.7368421052631575,55,148.64864864864865,0,8.91891891891892,19.701280227596015,1.1820768136557618,1
734001,2014-05-12,13,7,43,156.2,147.6,0.1,0.0,1,1,1,6,7,0.44,0.5084745762711864,0.4,0.3333333333333333,0.5,0.4,3,2,149.8,161.8,7.228981446498258,7.176359235003536,158.55882352941177,152.53333333333333,158.13333333333333,14.535105761456062,15.76346087486263,2014,33.40488993354116,129.821631528071,40.273210130199125,8.202359548194426,35.837677304964544,104.34857553866841,1.2525,28.565852016854784,129.29757381951876,32.46935715126099,8.931591806667807,31.895263130845922,96.16838727892025,1.558888888888889,34.13412295736763,143.25787811139153,31.04772004241782,128.61832896325035,43,113.1578947368421,1,6.789473684210526,38,105.55555555555556,1,6.333333333333334,7.602339181286538,0.45614035087719174,0
734005,2014-05-13,1,12,23,163.55263157894737,170.2,0.2,0.0,0,1,0,5,6,0.4666666666666667,0.43902439024390244,0.0,0.25,0.2,0.4,1,1,151.6,170.8,7.473946953725018,7.541540454940284,158.5142857142857,157.2,152.6,15.801468508389698,15.922193716490444,2014,25.752633601139667,124.88307128267593,35.94160997732426,8.343409541727587,33.019628441843295,107.50675279929243,1.530874840357599,30.652518488843636,132.8453829794014,39.34128634559885,7.903257296394318,43.19806442080378,125.75311680311681,1.3898148148148148,30.8169487307118,147.52414757733249,37.310471530784035,139.3538685980196,34,94.44444444444444,1,5.666666666666666,46,121.05263157894737,2,7.2631578947368425,26.608187134502927,1.5964912280701764,0
734003,2014-05-13,10,0,21,144.33333333333334,144.33333333333334,0.2,0.2,1,1,1,5,9,0.42592592592592593,0.5434782608695652,0.5,0.75,0.6,0.7,4,4,143.2,171.8,7.4133771625965945,7.369295210659598,158.5142857142857,147.93333333333334,166.66666666666666,14.120180689731376,15.745918679519677,2014,22.041370769190987,129.03177801061673,30.970855602592128,8.395124479520511,28.97066977139599,117.69161001211286,1.3141975308641975,28.53445252085034,132.18894735897493,34.31708286994911,9.138110966558138,33.27257610870564,108.38930332179423,1.6690476190476191,34.64819296282663,142.39612625551993,34.45731633272617,131.71087955418488,48,126.3157894736842,2,7.578947368421052,42,113.51351351351352,0,6.8108108108108105,-12.80227596017069,-0.7681365576102417,0
734007,2014-05-14,9,13,43,156.23076923076923,146.6,0.1,0.5,0,1,0,8,5,0.48,0.44,0.4,0.4,0.8,0.4,3,3,174.0,152.2,7.228981446498258,7.471884685926699,158.97297297297297,173.6,157.66666666666666,17.094986173706715,14.365241495372363,2014,26.030805892353598,138.19630775501687,28.885900762013417,8.754680307980061,33.26679592150532,80.56369607917595,1.521135265700483,26.228087602643203,125.76309683891448,33.87122691128227,8.08402571085857,34.277831132025575,103.01647740435888,1.3128968253968252,30.55000655780707,137.23916029095065,34.13412295736763,143.25787811139153,55,134.14634146341464,0,8.048780487804878,86,238.88888888888889,1,14.333333333333332,104.74254742547424,6.284552845528454,1
734009,2014-05-14,5,7,2,172.16666666666666,172.16666666666666,0.0,0.0,0,1,0,3,10,0.4339622641509434,0.5166666666666667,0.6666666666666666,0.3333333333333333,0.4,0.4,2,3,151.8,168.2,7.343088063238921,7.176359235003536,158.97297297297297,149.53333333333333,161.13333333333333,14.264076799814587,15.920272746043384,2014,27.318705167618212,128.75879080836543,29.93153759820426,8.05666791576323,31.626566193853428,73.44867741453947,1.4288888888888889,25.91554364840277,128.2643506432475,32.46935715126099,9.026787545762451,34.0856738890157,79.57344250953747,1.5809523809523809,25.720852795861074,140.66419916948178,31.04772004241782,128.61832896325035,45,118.42105263157893,0,7.105263157894736,37,92.5,2,5.550000000000001,25.92105263157893,1.5552631578947356,1
734011,2014-05-15,10,1,45,156.33333333333334,156.33333333333334,0.2,0.0,0,0,0,7,6,0.41818181818181815,0.45652173913043476,0.5,0.0,0.5,0.2,3,0,158.8,163.8,7.369295210659598,7.541540454940284,159.69230769230768,147.53333333333333,164.26666666666668,16.342659831434478,13.925328494584935,2014,22.623742200200713,142.73531479324424,28.339838101574628,7.860017507418016,28.527806026280043,123.20704401196338,1.4277777777777776,21.641178700449014,109.45332576398455,34.98168283706925,8.73390967354643,37.19004995067261,100.38201501506065,1.5432987510573717,34.64819296282663,142.39612625551993,30.8169487307118,147.52414757733249,52,144.44444444444443,1,8.666666666666666,34,91.8918918918919,2,5.513513513513514,52.55255255255253,3.153153153153152,1
734013,2014-05-18,12,0,21,145.25,145.25,0.2,0.2,1,0,1,6,8,0.43902439024390244,0.5434782608695652,0.25,0.75,0.4,0.8,2,4,183.2,172.4,7.4133771625965945,7.473946953725018,160.725,152.53333333333333,161.66666666666666,16.061909285441747,16.56221327513106,2014,31.416444419008826,133.64769090542094,39.34128634559885,7.993636482939408,43.15786474164133,138.88728693014406,1.4015873015873017,29.65495334269396,132.39231227431102,32.34671249957874,8.320784816445018,38.590553505271906,113.62393015463094,1.5037037037037038,37.310471530784035,139.3538685980196,34.45731633272617,131.71087955418488,39,108.33333333333333,2,6.5,17,47.22222222222222,1,2.833333333333333,-61.11111111111111,-3.666666666666667,1
734015,2014-05-18,5,13,43,158.03703703703704,149.0,0.2,0.0,0,0,1,8,3,0.4339622641509434,0.44,0.6666666666666666,0.4,0.5,0.4,3,2,153.6,158.8,7.228981446498258,7.343088063238921,160.725,149.86666666666667,156.46666666666667,16.308885115395015,15.622268724168274,2014,27.17899928526527,131.62084255144805,29.93153759820426,7.939268416777186,35.109105876393116,82.14582027168233,1.432136752136752,25.56223762586986,124.02938468019521,40.273210130199125,8.07049909421476,33.23907010299846,103.70046725051886,1.4069444444444443,25.720852795861074,140.66419916948178,34.13412295736763,143.25787811139153,41,105.12820512820514,2,6.307692307692308,30,83.33333333333334,1,5.0,-21.794871794871796,-1.3076923076923084,1
734017,2014-05-19,10,7,45,162.71428571428572,162.71428571428572,0.3,0.0,0,0,1,5,7,0.41818181818181815,0.5081967213114754,0.5,0.3333333333333333,0.6,0.3,3,3,168.6,162.0,7.369295210659598,7.176359235003536,159.73809523809524,151.26666666666668,158.66666666666666,14.600834599120933,16.57205927220072,2014,20.7048203517289,131.8762173329592,30.862811134115486,7.9790800153102905,29.788041296930185,119.18225984306682,1.4427777777777773,33.31900277224299,132.22978695135436,35.54420007875293,9.03210131158523,32.020046703155515,85.45997969421883,1.5694444444444444,34.64819296282663,142.39612625551993,31.04772004241782,128.61832896325035,47,120.51282051282051,3,7.23076923076923,42,110.5263157894737,0,6.631578947368421,9.986504723346812,0.5991902834008087,0
734019,2014-05-19,9,1,16,162.46153846153845,158.2,0.1,0.6,0,1,0,7,5,0.49019607843137253,0.44680851063829785,0.5,0.0,0.8,0.2,3,0,190.2,173.6,7.541540454940284,7.471884685926699,159.73809523809524,174.6,167.4,16.073083126112493,13.952645788721071,2014,24.86969532835611,134.43291571959463,28.885900762013417,8.484492421196693,33.60111256612898,97.37485955521946,1.5172403381642512,23.962960918024365,118.38111745004588,34.98168283706925,8.363853696568865,37.00418555468055,111.42434178139754,1.54335279450222,30.55000655780707,137.23916029095065,30.8169487307118,147.52414757733249,55,137.5,1,8.25,66,157.14285714285714,0,9.428571428571429,19.64285714285714,1.1785714285714288,1
734023,2014-05-20,5,0,14,146.72222222222223,148.13333333333333,0.0,0.1,1,1,0,4,9,0.4444444444444444,0.5434782608695652,0.6666666666666666,0.75,0.6,0.8,4,3,152.4,170.4,7.343088063238921,7.4133771625965945,160.25,150.53333333333333,161.46666666666667,13.184696200043062,16.320817899597092,2014,26.825654186795493,125.06875577103585,29.142538915727325,8.242709894704037,30.943922028031068,73.46993767726525,1.4347222222222222,31.05094729583077,134.5277671906717,34.31708286994911,9.485903495495586,33.71907497887316,112.16847292304566,1.6953703703703702,25.720852795861074,140.66419916948178,34.45731633272617,131.71087955418488,52,140.54054054054055,0,8.432432432432433,35,94.5945945945946,1,5.675675675675675,45.94594594594595,2.756756756756758,1
734021,2014-05-20,13,12,43,157.46428571428572,146.8,0.2,0.2,1,0,1,6,7,0.44,0.4523809523809524,0.4,0.25,0.4,0.4,2,2,156.2,179.8,7.228981446498258,7.473946953725018,160.25,155.93333333333334,149.06666666666666,15.916193970666727,15.440830967928624,2014,28.23387544078754,127.09401961996116,33.50090351242368,8.237432397352176,35.99481517300666,96.68133167142454,1.263611111111111,27.859301561865973,127.192801257254,39.34128634559885,7.985201729395436,40.517022250798846,116.07410011695727,1.45,34.13412295736763,143.25787811139153,37.310471530784035,139.3538685980196,51,137.83783783783784,0,8.27027027027027,25,69.44444444444444,2,4.166666666666666,68.3933933933934,4.103603603603604,1
734025,2014-05-21,7,9,41,168.10714285714286,158.6,0.5,0.0,0,1,0,6,7,0.5161290322580645,0.5,0.3333333333333333,0.5,0.4,0.8,3,4,164.0,189.4,7.471884685926699,7.176359235003536,160.1086956521739,159.46666666666667,175.86666666666667,15.321133059353032,14.72840538225805,2014,32.41414261514539,131.29277646633432,35.592298572982905,8.931591806667807,31.895263130845922,97.18400107139237,1.5588888888888888,24.213138206583682,131.54810483745803,30.12565875682759,8.569390785767279,33.66144560845874,97.92271808171189,1.5178624459699974,31.04772004241782,128.61832896325035,30.55000655780707,137.23916029095065,48,126.3157894736842,1,7.578947368421052,62,158.97435897435898,0,9.538461538461538,32.65856950067477,1.9595141700404861,1
734027,2014-05-22,12,5,14,146.9189189189189,151.93333333333334,0.0,0.2,0,1,0,6,7,0.4418604651162791,0.4444444444444444,0.25,0.6666666666666666,0.3,0.6,2,5,174.4,149.2,7.343088063238921,7.473946953725018,160.0212765957447,147.53333333333333,149.46666666666667,15.97515535583529,16.332656848991743,2014,28.084273440381157,125.34777929043773,39.34128634559885,7.985201729395436,40.517022250798846,107.62988574901065,1.45,25.961666071054392,130.41955971619106,29.93153759820426,7.846420050284618,34.18880516154453,80.25485022640194,1.3915954415954417,37.310471530784035,139.3538685980196,25.720852795861074,140.66419916948178,45,118.42105263157893,2,7.105263157894736,36,100.0,1,6.0,-18.42105263157893,-1.1052631578947363,0
734029,2014-05-22,0,13,21,143.8,143.8,0.1,0.1,0,0,0,9,4,0.5319148936170213,0.44,0.75,0.4,0.7,0.5,2,2,165.6,161.4,7.4133771625965945,7.228981446498258,160.0212765957447,160.53333333333333,154.73333333333332,15.935268029742797,12.611859016738203,2014,31.875056978205293,133.64988208496126,34.31708286994911,9.954824576974572,40.14160538279687,108.95989739376823,1.758888888888889,27.43695969271978,125.54884410116381,33.50090351242368,8.387049520316003,39.384568199727774,108.4612949113723,1.3141203703703705,34.45731633272617,131.71087955418488,34.13412295736763,143.25787811139153,60,166.66666666666669,1,10.0,64,172.97297297297297,0,10.378378378378379,-6.306306306306283,-0.37837837837837895,0
734031,2014-05-23,1,7,56,156.8235294117647,165.26666666666668,0.0,0.1,0,1,0,7,6,0.44680851063829785,0.5238095238095238,0.0,0.3333333333333333,0.1,0.5,0,3,170.8,157.8,7.176359235003536,7.541540454940284,161.24489795918367,166.13333333333333,157.66666666666666,15.097074191227502,13.687659995803719,2014,29.989959584319454,126.00215710222545,34.98168283706925,8.43133836998244,40.859555104033596,115.35025773709997,1.496510673234811,21.390460506825402,115.40529291789358,35.592298572982905,8.346130879812584,29.805384488819872,86.40559870520345,1.4782828282828282,30.8169487307118,147.52414757733249,31.04772004241782,128.61832896325035,65,175.67567567567568,0,10.54054054054054,47,130.55555555555557,1,7.833333333333334,-45.120120120120106,-2.7072072072072064,0
734033,2014-05-23,10,9,41,167.68965517241378,156.0,0.4,0.3,0,1,0,8,4,0.41818181818181815,0.5,0.5,0.5,0.5,0.7,2,3,170.2,174.4,7.471884685926699,7.369295210659598,161.24489795918367,153.73333333333332,176.26666666666668,15.3478123569924,17.492373463396838,2014,24.037941544568092,135.3386426275227,30.862811134115486,7.6899493909901935,28.430720079436092,122.79675391452683,1.3849999999999998,28.395763157310864,134.51546666182153,33.56735869801681,8.818106416701333,32.718996256895196,87.45974556346074,1.548913043478261,34.64819296282663,142.39612625551993,30.55000655780707,137.23916029095065,53,139.4736842105263,1,8.368421052631579,44,118.91891891891892,1,7.135135135135135,-20.55476529160738,-1.2332859174964437,0
734037,2014-05-24,5,13,14,148.18421052631578,156.2,0.1,0.1,1,1,0,9,3,0.4444444444444444,0.45098039215686275,0.6666666666666666,0.4,0.7,0.5,5,2,156.2,169.8,7.343088063238921,7.228981446498258,161.8235294117647,152.33333333333334,158.0,15.963561783728471,15.692069570801515,2014,27.25982527344732,133.0173268537953,31.858908871917,7.868360043101101,33.78985140155353,91.23403819802604,1.3832722832722832,22.853784026567943,123.47085320445728,32.91675740418119,8.332559403464632,32.00786723794745,107.89376530117629,1.4277777777777778,25.720852795861074,140.66419916948178,34.13412295736763,143.25787811139153,49,125.64102564102564,1,7.538461538461538,49,128.94736842105263,1,7.7368421052631575,-3.306342780026995,-0.1983805668016192,1
734035,2014-05-24,12,0,23,164.12820512820514,170.46666666666667,0.3,0.1,1,0,0,7,8,0.4318181818181818,0.5319148936170213,0.25,0.75,0.3,0.6,2,2,173.8,156.4,7.473946953725018,7.4133771625965945,161.8235294117647,152.86666666666667,165.8,12.358878654419412,16.838574933659174,2014,25.724951586639662,125.95191215697345,34.75028386088937,8.09558808252824,39.010120021822146,116.89834321746811,1.4674603174603174,33.09892326357294,136.31816655968996,34.31708286994911,10.191208739794067,35.02075672849609,111.38578056827487,1.8194444444444442,37.310471530784035,139.3538685980196,34.45731633272617,131.71087955418488,34,94.44444444444444,3,5.666666666666666,64,172.97297297297297,1,10.378378378378379,-78.52852852852853,-4.711711711711713,0
734041,2014-05-25,7,10,56,157.28571428571428,170.13333333333333,0.0,0.2,1,1,0,8,5,0.5238095238095238,0.4107142857142857,0.3333333333333333,0.5,0.6,0.5,4,2,161.0,179.2,7.176359235003536,7.369295210659598,161.64150943396226,156.4,154.6,15.741720338149504,14.82381888240785,2014,28.66432264718177,129.6894953909729,35.592298572982905,9.026787545762451,34.0856738890157,80.29888093273186,1.5809523809523809,26.98752795031056,133.81146366835742,30.862811134115486,8.238584640375993,28.228675007357037,111.0856257042985,1.4922222222222223,31.04772004241782,128.61832896325035,34.64819296282663,142.39612625551993,71,191.89189189189187,3,11.513513513513512,35,94.5945945945946,1,5.675675675675675,97.29729729729728,5.837837837837837,1
734039,2014-05-25,9,1,41,168.06666666666666,160.0,0.3,0.1,1,1,0,8,5,0.5,0.4375,0.5,0.0,0.7,0.1,3,0,170.6,173.4,7.471884685926699,7.541540454940284,161.64150943396226,176.6,166.46666666666667,16.626174788046896,12.540973511648025,2014,26.387380293964817,140.32252582775936,28.837444168102277,8.79970561217645,33.64092933748487,79.87268349125934,1.5220289855072462,19.856870621240713,110.35687499260531,34.98168283706925,8.439856287848112,36.92659012906912,114.1293611033158,1.4996118823705031,30.55000655780707,137.23916029095065,30.8169487307118,147.52414757733249,48,126.3157894736842,2,7.578947368421052,44,122.22222222222223,3,7.333333333333334,4.093567251461977,0.24561403508771829,1
734043,2014-05-27,5,9,14,148.48717948717947,157.93333333333334,0.3,0.1,1,0,0,7,6,0.4444444444444444,0.5,0.6666666666666666,0.5,0.7,0.7,5,4,158.4,163.8,7.471884685926699,7.343088063238921,161.29090909090908,155.33333333333334,172.86666666666667,15.323041152809948,16.49388144338048,2014,25.220768166897983,130.2445126844599,31.858908871917,7.882055089061346,32.937864768026,91.07978342327279,1.3818910256410257,23.0613406782693,130.00568216917162,28.885900762013417,8.499912738312759,32.37900833247308,100.40584002512794,1.5404589371980677,25.720852795861074,140.66419916948178,30.55000655780707,137.23916029095065,46,121.05263157894737,2,7.2631578947368425,55,148.64864864864865,1,8.91891891891892,27.596017069701276,1.6557610241820768,1
734045,2014-05-28,7,0,5,173.66666666666666,173.66666666666666,0.1,0.1,1,0,0,9,8,0.5238095238095238,0.5416666666666666,0.3333333333333333,0.75,0.7,0.6,4,2,167.4,155.8,7.4133771625965945,7.176359235003536,161.32142857142858,158.0,163.26666666666668,11.949745333591151,15.543622084708847,2014,22.76761844561983,118.9576185354204,35.592298572982905,8.523045204174537,33.00281067362185,76.53916834373356,1.531111111111111,30.384130406879727,132.47899366457915,32.58412698412698,9.954824576974572,40.14160538279687,104.78677378013644,1.758888888888889,31.04772004241782,128.61832896325035,34.45731633272617,131.71087955418488,60,166.66666666666669,0,10.0,53,147.22222222222223,0,8.833333333333334,-19.444444444444457,-1.166666666666666,0
734047,2014-05-30,0,9,56,158.16666666666666,171.2,0.1,0.3,0,1,0,8,5,0.5416666666666666,0.5,0.75,0.5,0.6,0.6,2,3,160.8,155.4,7.4133771625965945,7.471884685926699,161.52631578947367,164.93333333333334,171.53333333333333,14.64560960309657,14.675616083865306,2014,26.00818896212863,126.69012671163925,34.31708286994911,9.06272115890788,35.54761723877769,96.73868384610756,1.65679012345679,24.016200968956145,133.0010164032549,28.885900762013417,8.650382616019803,32.52361309400917,87.80289595902157,1.526846100759144,34.45731633272617,131.71087955418488,30.55000655780707,137.23916029095065,100,256.4102564102564,2,15.384615384615387,70,184.21052631578948,0,11.052631578947368,72.19973009446693,4.331983805668019,0
734049,2014-06-01,5,9,23,163.875,170.2,0.1,0.4,0,1,0,8,6,0.45454545454545453,0.5094339622641509,0.6666666666666666,0.5714285714285714,0.8,0.7,5,3,162.8,167.8,7.343088063238921,7.471884685926699,162.63793103448276,154.86666666666667,172.93333333333334,15.33740704883473,17.798202779988102,2014,24.500331937827447,134.274095465908,31.858908871917,7.764621488097758,32.188402941949036,96.78727375651232,1.3635327635327634,26.030805892353598,138.19630775501687,28.885900762013417,8.754680307980061,33.26679592150532,80.56369607917595,1.521135265700483,25.720852795861074,140.66419916948178,30.55000655780707,137.23916029095065,59,155.26315789473685,1,9.31578947368421,32,88.88888888888889,2,5.333333333333333,66.37426900584796,3.9824561403508776,1
829705,2015-04-08,7,5,14,148.85,156.13333333333333,0.2,0.1,0,0,0,10,4,0.515625,0.45454545454545453,0.3333333333333333,0.6666666666666666,0.7,0.9,4,5,173.8,174.2,7.343088063238921,7.176359235003536,164.83928571428572,159.66666666666666,159.46666666666667,15.621013641209277,15.133949132926094,2015,24.24589464449478,127.78351991227896,27.549975922642812,8.827632924020401,41.66390608209757,86.43265391045442,1.531388888888889,30.353461265179185,133.5969476362684,31.858908871917,8.180232272198873,31.988331644714624,90.71051062009361,1.4577777777777776,31.04772004241782,128.61832896325035,25.720852795861074,140.66419916948178,38,102.7027027027027,1,6.162162162162161,37,100.0,3,6.0,-2.7027027027026946,-0.1621621621621614,0
829707,2015-04-09,0,1,27,167.125,166.46666666666667,0.2,0.1,0,0,0,10,4,0.5416666666666666,0.42857142857142855,0.75,0.0,0.5,0.1,2,0,178.4,167.8,7.4133771625965945,7.541540454940284,168.0,166.33333333333334,162.73333333333332,16.36288102757669,13.313181906453455,2015,25.522533830510767,127.42250028122213,34.31708286994911,8.958938358102326,31.504888034163237,94.78427295398811,1.6604938271604937,21.73374151103652,119.2719760501197,33.14579206863817,7.787290029578192,28.967790135217957,104.04452130997784,1.3844444444444444,34.45731633272617,131.71087955418488,30.8169487307118,147.52414757733249,59,155.26315789473685,2,9.31578947368421,40,108.10810810810811,3,6.486486486486487,47.15504978662874,2.8293029871977238,1
829709,2015-04-10,10,9,31,119.0,119.0,0.4,0.3,1,0,0,8,5,0.40350877192982454,0.5,0.5,0.5714285714285714,0.5,0.6,1,3,179.0,176.4,7.471884685926699,7.369295210659598,159.0,158.13333333333333,173.46666666666667,15.692395575835596,14.446405326900342,2015,24.42432059398672,133.86751778305046,31.159638671375195,8.691327605299923,30.49276209789295,105.2315449739888,1.3618055555555557,22.305090678269302,125.5584414150408,29.803256133914243,8.530725416404259,32.22434166580641,91.03511630440423,1.5382367149758456,34.64819296282663,142.39612625551993,30.55000655780707,137.23916029095065,51,130.76923076923077,3,7.846153846153847,35,97.22222222222221,3,5.833333333333333,-33.54700854700856,-2.0128205128205137,1
829711,2015-04-11,13,0,27,166.70731707317074,166.73333333333332,0.2,0.1,1,0,1,5,9,0.4423076923076923,0.5416666666666666,0.4,0.75,0.5,0.5,2,3,170.4,177.6,7.4133771625965945,7.228981446498258,160.0,160.0,164.53333333333333,15.368523328074032,15.96000754368428,2015,29.963733094907717,125.76192034022257,40.56667175920101,8.413243259718861,33.307901496378804,101.84180446245075,1.4027777777777777,30.190025643885814,134.27542589196395,32.34671249957874,8.183084194594702,34.183664206326284,116.49744324640878,1.5011111111111108,34.13412295736763,143.25787811139153,34.45731633272617,131.71087955418488,49,119.51219512195121,0,7.170731707317072,46,127.77777777777777,2,7.666666666666666,8.265582655826563,0.49593495934959364,0
829713,2015-04-11,12,5,14,149.3170731707317,157.33333333333334,0.2,0.3,0,1,0,6,8,0.4318181818181818,0.45454545454545453,0.25,0.6666666666666666,0.3,1.0,2,5,166.6,177.0,7.343088063238921,7.473946953725018,160.0,151.53333333333333,159.8,16.137229240723702,15.04696915388349,2015,27.63950915924731,132.65437787277355,39.34128634559885,9.17599356002004,48.01631985907325,121.0980781382742,1.6374485596707817,28.643000282581408,138.0708920538551,31.858908871917,8.22039371777707,30.454195187848537,93.47093295592921,1.4619047619047618,37.310471530784035,139.3538685980196,25.720852795861074,140.66419916948178,53,143.24324324324326,0,8.594594594594595,41,113.88888888888889,1,6.833333333333333,-29.35435435435437,-1.7612612612612617,1
829715,2015-04-12,10,1,16,162.5,158.93333333333334,0.1,0.3,0,1,0,8,6,0.41379310344827586,0.42,0.5,0.0,0.5,0.0,2,0,181.8,160.6,7.541540454940284,7.369295210659598,173.2,160.13333333333333,161.26666666666668,17.142248769914268,14.9351042727261,2015,22.922628406776074,131.45440833052044,31.159638671375195,8.662761357907028,31.29853084824527,96.20581775465672,1.3851851851851853,29.20382113437889,129.3792441700838,33.14579206863817,7.668445960324135,34.0958911501696,105.17428422521974,1.3688888888888886,34.64819296282663,142.39612625551993,30.8169487307118,147.52414757733249,51,137.83783783783784,1,8.27027027027027,42,116.66666666666667,1,7.0,-21.171171171171167,-1.2702702702702702,1
829717,2015-04-12,9,7,56,160.0,176.86666666666667,0.1,0.3,0,0,0,7,7,0.5,0.5076923076923077,0.5714285714285714,0.3333333333333333,0.5,0.6,2,3,173.0,171.8,7.176359235003536,7.471884685926699,173.2,171.4,160.0,15.277038859253201,15.301767726718646,2015,24.18613898548507,129.56752509865774,29.803256133914243,8.488885809538901,33.307023259493796,94.04183955510801,1.5038302277432714,22.599851250139125,129.89495891620226,28.029506447844394,8.481193658820835,37.41663275821411,82.85830826427053,1.4821180555555555,30.55000655780707,137.23916029095065,31.04772004241782,128.61832896325035,17,45.94594594594595,3,2.756756756756757,57,154.05405405405406,0,9.243243243243244,108.10810810810811,6.486486486486487,1
829719,2015-04-13,13,12,23,164.73170731707316,171.4,0.3,0.2,0,1,0,7,7,0.4339622641509434,0.4444444444444444,0.0,0.25,0.4,0.4,2,2,171.2,164.8,7.473946953725018,7.228981446498258,175.28571428571428,165.13333333333333,156.26666666666668,14.672646272095744,14.104811079699683,2015,39.23880590273409,132.1089114301308,40.56667175920101,8.419803412735925,28.047096631205672,99.6867698435036,1.2680555555555555,24.31111355453568,118.75973646485089,39.34128634559885,9.003754945103113,44.5438769005147,104.87028903954037,1.63973063973064,34.13412295736763,143.25787811139153,37.310471530784035,139.3538685980196,47,117.5,1,7.050000000000001,65,175.67567567567568,0,10.54054054054054,58.17567567567568,3.4905405405405396,1
829721,2015-04-14,7,10,45,164.625,164.625,0.3,0.1,1,1,1,9,5,0.5076923076923077,0.423728813559322,0.3333333333333333,0.5,0.5,0.5,2,2,176.0,178.4,7.369295210659598,7.176359235003536,174.125,164.13333333333333,161.4,13.391439421177694,15.199571954722552,2015,21.715566598122454,122.10180042368206,26.83287887796222,8.619902468889485,37.26355583513718,94.52824843312375,1.4953124999999998,26.111288429305954,131.0188278185763,31.159638671375195,9.117899621050892,30.620746618610234,107.58259317050329,1.2799999999999998,31.04772004241782,128.61832896325035,34.64819296282663,142.39612625551993,42,113.51351351351352,1,6.8108108108108105,31,86.11111111111111,2,5.166666666666667,-27.4024024024024,-1.6441441441441436,0
829725,2015-04-15,9,1,31,140.5,140.5,0.3,0.1,0,1,1,9,5,0.509090909090909,0.42,0.5714285714285714,0.0,0.6,0.0,2,0,185.4,157.2,7.471884685926699,7.541540454940284,173.0,174.4,163.86666666666667,17.452995027170978,15.147201573716043,2015,26.056437518121268,136.3421676477997,29.803256133914243,8.472806792262483,33.13270007557599,84.56547227159787,1.4958937198067634,28.064912673710804,128.33931237755027,33.14579206863817,7.811963931436466,33.64593076540926,109.24444320355614,1.3935185185185184,30.55000655780707,137.23916029095065,30.8169487307118,147.52414757733249,41,110.8108108108108,1,6.648648648648649,47,120.51282051282051,1,7.23076923076923,-9.702009702009704,-0.5821205821205808,0
829727,2015-04-16,13,10,11,165.5,165.5,0.2,0.3,0,0,0,4,10,0.4444444444444444,0.423728813559322,0.0,0.5,0.5,0.5,3,3,176.0,175.6,7.228981446498258,7.369295210659598,172.2,167.33333333333334,163.46666666666667,14.603778724451042,15.91377693044185,2015,30.21183511516936,129.41817402191342,40.273210130199125,8.253250002847446,27.595767707469836,99.1364804949502,1.3404761904761904,25.97135372722199,131.34037949648283,31.159638671375195,8.861964869765464,27.363613352746153,119.74995046451325,1.286111111111111,34.13412295736763,143.25787811139153,34.64819296282663,142.39612625551993,35,92.10526315789474,3,5.526315789473684,36,94.73684210526315,0,5.684210526315789,-2.6315789473684106,-0.1578947368421053,0
829729,2015-04-17,7,0,56,160.44736842105263,179.33333333333334,0.1,0.2,1,1,1,9,9,0.5,0.5416666666666666,0.3333333333333333,0.75,0.5,0.6,1,4,174.2,182.4,7.176359235003536,7.4133771625965945,168.0909090909091,165.66666666666666,169.13333333333333,13.502451379965386,15.351302837575975,2015,24.78502843255477,129.10510992292956,32.46935715126099,8.755380076418035,32.938186642925885,89.82046268377789,1.5631944444444446,30.365511325291454,134.40649101117233,34.31708286994911,9.561605244103498,32.619932152343644,104.66944758191504,1.724074074074074,31.04772004241782,128.61832896325035,34.45731633272617,131.71087955418488,31,81.57894736842105,3,4.894736842105263,90,225.0,0,13.5,-143.42105263157896,-8.605263157894736,0
829733,2015-04-18,9,5,31,148.66666666666666,148.66666666666666,0.2,0.2,0,0,0,6,9,0.509090909090909,0.45454545454545453,0.5714285714285714,0.6666666666666666,0.5,0.9,2,4,185.8,173.4,7.471884685926699,7.343088063238921,169.33333333333334,177.13333333333333,160.53333333333333,15.432187242907009,16.355957329049023,2015,20.53431929401477,125.25858647217487,26.36155619272503,8.34284180551067,31.658868566591895,97.87780123385386,1.503706800445931,26.343730123419725,136.45516457393882,31.858908871917,8.116709867536542,32.195752882621434,98.47278062215234,1.452724358974359,30.55000655780707,137.23916029095065,25.720852795861074,140.66419916948178,48,133.33333333333331,3,8.0,53,147.22222222222223,2,8.833333333333334,-13.888888888888914,-0.8333333333333339,0
829731,2015-04-18,1,13,11,152.66666666666666,152.66666666666666,0.2,0.1,1,1,1,7,8,0.43137254901960786,0.4444444444444444,0.0,0.0,0.1,0.4,1,2,157.4,169.4,7.228981446498258,7.541540454940284,169.33333333333334,163.8,162.93333333333334,15.650043337179092,16.122414809692422,2015,28.064912673710804,128.33931237755027,33.14579206863817,7.811963931436466,33.64593076540926,109.24444320355614,1.3935185185185184,26.173649534020615,125.94772298097433,40.273210130199125,8.200572331493833,28.61875194739845,101.18022557014645,1.3895061728395062,30.8169487307118,147.52414757733249,34.13412295736763,143.25787811139153,50,135.13513513513513,0,8.108108108108109,40,102.56410256410255,1,6.153846153846153,-32.571032571032575,-1.9542619542619555,1
829737,2015-04-19,7,12,23,164.76190476190476,171.06666666666666,0.3,0.1,0,0,0,8,7,0.5,0.4444444444444444,0.3333333333333333,0.25,0.4,0.3,0,1,173.0,170.4,7.473946953725018,7.176359235003536,168.14285714285714,169.53333333333333,157.66666666666666,15.647836085592381,15.772022970844718,2015,25.630682778209113,129.9412946744837,32.46935715126099,8.640103104608851,31.348670946595032,100.19648127303178,1.5548611111111112,37.378471268797654,136.27190463635756,56.16235416666667,8.30410632906144,39.91756960861571,141.592118651011,1.5055555555555555,31.04772004241782,128.61832896325035,37.310471530784035,139.3538685980196,33,76.74418604651163,1,4.604651162790698,48,123.07692307692308,1,7.384615384615385,46.33273703041145,2.779964221824687,1
829735,2015-04-19,10,0,45,164.55555555555554,164.55555555555554,0.3,0.2,0,0,1,5,10,0.43333333333333335,0.5510204081632653,0.5,0.75,0.6,0.6,4,4,165.2,188.2,7.369295210659598,7.4133771625965945,168.14285714285714,159.2,171.93333333333334,13.673268574732266,14.839986870932785,2015,29.110086146388543,130.7383965081956,30.970855602592128,9.057049186103765,24.399151377325524,121.11762771971752,1.1541666666666668,30.365511325291454,134.40649101117233,34.31708286994911,9.561605244103498,32.619932152343644,104.66944758191504,1.724074074074074,34.64819296282663,142.39612625551993,34.45731633272617,131.71087955418488,47,130.55555555555557,0,7.833333333333334,39,108.33333333333333,2,6.5,22.222222222222243,1.333333333333334,1
829739,2015-04-20,5,1,16,163.02439024390245,162.13333333333333,0.1,0.2,0,1,0,7,6,0.4642857142857143,0.4423076923076923,0.6666666666666666,0.0,0.9,0.2,4,2,172.4,156.2,7.541540454940284,7.343088063238921,169.9375,160.86666666666667,163.13333333333333,16.619315484514747,15.2608876448192,2015,28.49062948568854,134.45135707277686,31.858908871917,7.9493903473143215,34.49027637059552,94.63971123103039,1.4156695156695156,24.119595698685163,121.31475293517413,33.98606880198154,8.090065875339667,36.934531749097864,107.880676917935,1.4319223985890652,25.720852795861074,140.66419916948178,30.8169487307118,147.52414757733249,34,87.17948717948718,2,5.230769230769231,48,126.3157894736842,2,7.578947368421052,39.13630229419702,2.3481781376518214,1
829743,2015-04-22,13,5,11,156.25,156.25,0.2,0.2,0,0,0,3,10,0.4444444444444444,0.47368421052631576,0.0,0.6666666666666666,0.3,0.9,1,4,165.8,169.0,7.228981446498258,7.343088063238921,168.52941176470588,161.8,161.8,15.256586289738669,17.422212490444405,2015,32.680464714222374,127.54653060830225,40.273210130199125,8.055646389142009,28.42533714807651,104.00485438385336,1.2805555555555557,30.104333663011644,140.34718313951328,31.858908871917,8.360096301102951,30.59867745460636,97.24942178191742,1.5074074074074073,34.13412295736763,143.25787811139153,25.720852795861074,140.66419916948178,43,116.21621621621621,0,6.972972972972972,49,128.94736842105263,2,7.7368421052631575,-12.73115220483642,-0.7638691322901856,1
829745,2015-04-22,0,12,23,165.7906976744186,172.53333333333333,0.4,0.2,0,0,0,9,7,0.54,0.4444444444444444,0.75,0.25,0.5,0.3,3,1,184.8,180.2,7.473946953725018,7.4133771625965945,168.52941176470588,172.66666666666666,163.93333333333334,12.651964610021842,14.786560623015042,2015,23.482780447459692,121.29315347890636,34.31708286994911,8.834169142352884,30.74779545716201,87.80584565858929,1.6450000000000002,23.809161095015504,130.62697757736973,34.86971172037838,9.586902684096028,36.251608483634925,120.27067567858762,1.5154320987654322,34.45731633272617,131.71087955418488,37.310471530784035,139.3538685980196,38,105.55555555555556,2,6.333333333333334,45,125.0,1,7.5,19.444444444444443,1.166666666666666,1
829747,2015-04-23,1,7,16,162.61904761904762,157.53333333333333,0.1,0.2,1,0,0,7,7,0.4423076923076923,0.5074626865671642,0.0,0.5,0.2,0.5,2,1,162.4,180.2,7.541540454940284,7.176359235003536,169.57894736842104,160.6,172.0,15.214840876592225,15.999149876816025,2015,28.064912673710804,128.33931237755027,33.14579206863817,7.811963931436466,33.64593076540926,109.24444320355614,1.3935185185185184,22.010606828627896,124.98478177133298,32.46935715126099,8.435139967516724,29.719665837640566,94.99809410933452,1.5455555555555556,30.8169487307118,147.52414757733249,31.04772004241782,128.61832896325035,45,112.5,1,6.75,48,123.07692307692308,2,7.384615384615385,-10.57692307692308,-0.634615384615385,1
829749,2015-04-24,12,10,45,163.7,163.7,0.2,0.3,1,1,0,6,7,0.4444444444444444,0.43333333333333335,0.25,0.5,0.3,0.6,1,5,177.4,158.6,7.369295210659598,7.473946953725018,170.6,166.0,160.26666666666668,17.122000332156258,14.909736980272719,2015,39.34128634559885,144.72102439428247,39.34128634559885,8.239407094628264,55.363524428684,137.0681614681615,1.4777777777777779,23.249433736463644,122.84739265430044,31.38027676027676,8.452343276882592,30.354176933669102,103.5778669910319,1.4065656565656566,37.310471530784035,139.3538685980196,34.64819296282663,142.39612625551993,48,126.3157894736842,2,7.578947368421052,49,136.11111111111111,1,8.166666666666668,9.795321637426909,0.5877192982456156,1
829751,2015-04-25,7,13,56,161.02564102564102,177.6,0.3,0.2,1,1,1,8,6,0.5,0.4444444444444444,0.5,0.0,0.4,0.4,1,2,184.6,169.0,7.176359235003536,7.228981446498258,168.66666666666666,173.46666666666667,163.86666666666667,16.029973431368862,13.51020307798459,2015,21.405295473316542,124.1836787943349,32.46935715126099,8.512044739852728,30.48652313926567,90.42724926790144,1.5,22.428655655120775,114.99945304430086,40.273210130199125,7.746967225243265,30.65641309269862,94.78091208184088,1.4065079365079367,31.04772004241782,128.61832896325035,34.13412295736763,143.25787811139153,46,114.99999999999999,1,6.8999999999999995,52,140.54054054054055,2,8.432432432432433,-25.54054054054056,-1.5324324324324339,1
829753,2015-04-25,0,9,27,167.71428571428572,170.26666666666668,0.2,0.2,0,1,1,8,6,0.5490196078431373,0.509090909090909,0.75,0.5714285714285714,0.6,0.4,4,1,175.8,171.6,7.4133771625965945,7.471884685926699,168.66666666666666,174.86666666666667,176.26666666666668,15.794177078025102,14.592179498319247,2015,30.190025643885814,134.27542589196395,32.34671249957874,8.183084194594702,34.183664206326284,116.49744324640878,1.5011111111111108,22.658240942948783,119.40903341738507,33.56735869801681,8.501577842810516,31.570153378504916,91.36916302573493,1.5620333772507686,34.45731633272617,131.71087955418488,30.55000655780707,137.23916029095065,54,145.94594594594594,1,8.756756756756756,39,105.40540540540539,2,6.324324324324324,40.54054054054055,2.4324324324324325,1
829757,2015-04-26,1,12,16,163.25581395348837,159.2,0.2,0.2,1,0,0,5,7,0.4423076923076923,0.45652173913043476,0.0,0.25,0.3,0.4,3,2,170.4,172.6,7.541540454940284,7.473946953725018,169.17391304347825,164.93333333333334,170.0,13.832757940857688,18.333855601196664,2015,19.973113524503415,111.96695943473196,33.14579206863817,7.698111577016679,30.454195599594485,95.7684172688425,1.345165945165945,38.28792951839827,141.13606605492413,38.28792951839827,8.094333748443338,67.34722222222223,116.75664335664337,1.4583333333333335,30.8169487307118,147.52414757733249,37.310471530784035,139.3538685980196,38,95.0,2,5.699999999999999,50,135.13513513513513,0,8.108108108108109,-40.13513513513513,-2.4081081081081095,0
829759,2015-04-27,13,9,41,166.3548387096774,156.8,0.3,0.1,0,0,0,5,9,0.43636363636363634,0.5,0.0,0.5714285714285714,0.4,0.4,2,1,158.6,170.2,7.471884685926699,7.228981446498258,166.08333333333334,162.86666666666667,173.66666666666666,14.893528063515875,14.566519386770855,2015,24.688464477695764,122.7634699324869,34.41508656040508,7.97739915696499,29.580397063754695,103.53907063581985,1.3150793650793653,22.294467541026027,116.20293947594,33.28844713339095,8.242739356916783,31.75434690956015,102.19644433028897,1.5267676767676763,34.13412295736763,143.25787811139153,30.55000655780707,137.23916029095065,36,87.8048780487805,2,5.2682926829268295,56,155.55555555555557,2,9.333333333333334,67.75067750677508,4.065040650406504,1
829765,2015-04-28,0,5,27,168.27906976744185,173.8,0.3,0.2,0,0,0,9,5,0.5490196078431373,0.46551724137931033,0.75,0.6666666666666666,0.7,0.8,4,3,184.2,164.4,7.4133771625965945,7.343088063238921,165.44,175.8,163.66666666666666,16.204542243191355,14.84110571520911,2015,27.79373291226579,131.86134222813962,34.31708286994911,9.005252435544195,32.14355873992618,105.04897373990327,1.6541666666666666,23.53884819680427,133.6479033880557,31.858908871917,8.137307444370647,31.334860993623998,103.21282248054736,1.4565268065268064,34.45731633272617,131.71087955418488,25.720852795861074,140.66419916948178,53,143.24324324324326,1,8.594594594594595,54,145.94594594594594,2,8.756756756756756,-2.7027027027026804,-0.1621621621621614,1
829723,2015-04-30,5,0,14,149.97619047619048,157.0,0.2,0.3,1,1,0,5,10,0.4576271186440678,0.5490196078431373,0.6666666666666666,0.75,0.7,0.8,2,4,157.6,169.2,7.343088063238921,7.4133771625965945,164.23076923076923,161.26666666666668,169.33333333333334,15.474324790263607,14.255835338457405,2015,30.267018577432157,139.7128335758792,31.850828063836193,8.569615561323541,29.84698437409906,102.02657886557363,1.5277777777777777,23.196186806305764,122.16702835611063,34.31708286994911,9.028686903598278,33.44938138303012,84.49990297966991,1.630808080808081,25.720852795861074,140.66419916948178,34.45731633272617,131.71087955418488,38,97.43589743589743,1,5.846153846153846,69,181.57894736842107,4,10.894736842105264,-84.14304993252364,-5.048582995951418,1
829769,2015-05-01,7,10,56,160.925,175.86666666666667,0.3,0.2,1,0,0,9,6,0.5,0.43333333333333335,0.5,0.5,0.4,0.6,2,4,180.6,152.2,7.176359235003536,7.369295210659598,164.25925925925927,171.46666666666667,164.26666666666668,14.687642456941758,14.456781161623224,2015,26.912779859481642,125.76692078966114,32.46935715126099,8.864585470056193,31.812074082639526,104.49008470638904,1.5518518518518516,24.07697842032149,128.15337222910733,31.38027676027676,8.562771129427954,31.632440072946547,103.54953704650062,1.3432098765432101,31.04772004241782,128.61832896325035,34.64819296282663,142.39612625551993,47,123.6842105263158,1,7.421052631578948,55,141.02564102564102,1,8.461538461538462,-17.341430499325227,-1.0404858299595139,1
829767,2015-05-01,1,9,16,161.70454545454547,157.93333333333334,0.1,0.3,1,1,0,6,9,0.4423076923076923,0.5,0.0,0.5714285714285714,0.3,0.3,3,1,152.6,167.8,7.541540454940284,7.471884685926699,164.25925925925927,161.13333333333333,170.46666666666667,14.88325736984063,16.139954838431283,2015,28.62334955034645,129.09147071017173,28.623349550346457,8.019702524665414,31.396128841607563,132.0508879859756,1.4000000000000001,23.13139728832591,129.4376365657531,33.56735869801681,8.673603331738532,32.79250891758802,105.8121760094051,1.5954589371980679,30.8169487307118,147.52414757733249,30.55000655780707,137.23916029095065,41,107.89473684210526,0,6.473684210526316,27,72.97297297297297,4,4.378378378378378,34.92176386913229,2.095305832147938,1
829773,2015-05-02,13,0,43,157.55172413793105,148.4,0.1,0.3,1,0,0,5,10,0.44642857142857145,0.5384615384615384,0.0,0.75,0.5,0.7,2,3,155.4,165.6,7.228981446498258,7.4133771625965945,163.44827586206895,162.53333333333333,169.86666666666667,13.562741617672456,16.643719863689146,2015,24.076190966047793,123.42038550116955,33.87122691128227,7.983734225410177,30.084458623501096,101.27062149237071,1.3171626984126985,27.869105120702514,132.87903591387425,34.31708286994911,9.099958473023694,31.82671382014009,99.75135469228424,1.6215277777777777,34.13412295736763,143.25787811139153,34.45731633272617,131.71087955418488,76,205.4054054054054,0,12.324324324324323,54,145.94594594594594,2,8.756756756756756,59.45945945945945,3.5675675675675667,1
829771,2015-05-02,5,12,23,166.13636363636363,174.2,0.2,0.1,0,0,0,8,7,0.4576271186440678,0.46808510638297873,0.6666666666666666,0.25,0.7,0.4,3,2,155.2,156.2,7.473946953725018,7.343088063238921,163.44827586206895,161.6,168.06666666666666,15.412297293065427,17.435396225169864,2015,28.422634316606416,143.1937357370747,31.858908871917,8.071034123751858,33.199322647671764,98.25398713993106,1.4554843304843306,32.55222278775147,140.7216778944803,39.34128634559885,9.290875527135267,45.08484042553191,127.17316069551364,1.6377777777777776,25.720852795861074,140.66419916948178,37.310471530784035,139.3538685980196,62,158.97435897435898,2,9.538461538461538,61,156.4102564102564,1,9.384615384615385,-2.564102564102569,-0.1538461538461533,0
829777,2015-05-03,10,1,5,173.57142857142858,173.57142857142858,0.1,0.1,0,0,0,9,6,0.4262295081967213,0.4423076923076923,0.5,0.0,0.5,0.4,3,3,152.8,143.2,7.369295210659598,7.541540454940284,162.67741935483872,166.6,157.13333333333333,16.963146715892254,16.30398591667406,2015,25.818648417450813,132.451039049887,28.15105503279156,7.462060841115421,24.12798801938265,115.40919208841169,1.363888888888889,24.352164004696093,121.6613348629108,34.68377372001432,7.808164444265382,31.200768287054263,107.89438766789984,1.3808641975308642,34.64819296282663,142.39612625551993,30.8169487307118,147.52414757733249,43,110.25641025641026,0,6.615384615384616,55,137.5,2,8.25,-27.243589743589737,-1.6346153846153841,1
829775,2015-05-03,9,7,41,165.84375,159.13333333333333,0.3,0.3,1,0,1,8,7,0.49122807017543857,0.5,0.5714285714285714,0.5,0.2,0.4,0,3,156.0,185.2,7.471884685926699,7.176359235003536,162.67741935483872,168.4,173.46666666666667,14.782141648014592,15.554677341052678,2015,24.29045425692754,132.0280552284101,29.803256133914243,8.416780501261957,32.499177082258015,90.39955014241005,1.5040458937198067,29.29533583137797,130.92030494759337,32.46935715126099,8.931591806667807,31.895263130845922,106.87381593338114,1.5588888888888888,30.55000655780707,137.23916029095065,31.04772004241782,128.61832896325035,45,121.62162162162163,2,7.297297297297297,51,141.66666666666669,0,8.5,-20.045045045045057,-1.2027027027027026,0
829779,2015-05-04,0,12,27,167.5,172.06666666666666,0.4,0.2,0,1,1,10,7,0.5283018867924528,0.46808510638297873,0.75,0.25,0.6,0.4,3,3,172.8,145.2,7.4133771625965945,7.473946953725018,163.75757575757575,172.8,165.13333333333333,13.140684845811624,14.157121834634287,2015,25.341982329513346,125.46236884100648,34.31708286994911,8.945657109421937,30.949741425030183,91.44564861536377,1.608641975308642,32.2738840954703,126.64475758894875,55.66159884559885,9.547627868192542,36.4496523336874,120.05654655801715,1.5138888888888888,34.45731633272617,131.71087955418488,37.310471530784035,139.3538685980196,37,102.77777777777777,2,6.166666666666666,42,116.66666666666667,3,7.0,-13.8888888888889,-0.8333333333333339,1
829781,2015-05-04,13,5,14,150.32558139534885,157.46666666666667,0.1,0.2,0,1,0,4,10,0.44642857142857145,0.45,0.0,0.6666666666666666,0.5,0.6,3,2,168.4,146.4,7.343088063238921,7.228981446498258,163.75757575757575,166.4,159.06666666666666,14.781145644741647,17.341958636682183,2015,21.031735042540006,118.012839097497,35.48818597560976,7.724162077076333,31.30699683196228,95.0604166762343,1.3882395382395385,25.482305564251877,133.9520992436869,31.858908871917,7.9840116547041635,32.254002562330164,104.30913833080209,1.4221747388414054,34.13412295736763,143.25787811139153,25.720852795861074,140.66419916948178,55,152.77777777777777,0,9.166666666666666,33,86.8421052631579,3,5.210526315789474,-65.93567251461987,-3.9561403508771917,0
829783,2015-05-05,1,7,56,161.5609756097561,175.4,0.2,0.2,0,1,1,8,7,0.4339622641509434,0.5072463768115942,0.0,0.5,0.4,0.4,2,4,147.6,183.0,7.176359235003536,7.541540454940284,163.4,159.06666666666666,174.46666666666667,14.499094633309518,17.052133073246335,2015,25.808684505283104,125.50265327208734,34.68377372001432,7.871075243700995,32.088651679257886,110.47967097487216,1.3895833333333334,27.1493517465247,134.2186224851242,32.46935715126099,8.655895864267526,31.341891247307526,101.28577451611795,1.56031746031746,30.8169487307118,147.52414757733249,31.04772004241782,128.61832896325035,41,105.12820512820514,4,6.307692307692308,44,118.91891891891892,2,7.135135135135135,13.790713790713781,0.8274428274428267,0
829785,2015-05-06,12,9,23,164.9111111111111,170.86666666666667,0.2,0.3,1,0,0,5,9,0.4583333333333333,0.49122807017543857,0.25,0.5714285714285714,0.4,0.2,3,0,133.0,157.4,7.473946953725018,7.471884685926699,163.08333333333334,162.53333333333333,166.2,16.8485522657018,11.626066971006413,2015,32.76412229084772,140.00455198692862,39.34128634559885,10.249555014176583,45.77656619385343,129.97714625244038,1.3900000000000001,20.888788371710493,119.16201301783153,28.606989197387563,8.309589440033525,31.14738915086264,92.65818653935737,1.5292929292929294,37.310471530784035,139.3538685980196,30.55000655780707,137.23916029095065,68,174.35897435897436,0,10.461538461538462,34,91.8918918918919,5,5.513513513513514,82.46708246708246,4.948024948024948,1
829761,2015-05-07,5,1,14,150.70454545454547,160.06666666666666,0.1,0.2,1,1,1,8,6,0.45,0.42592592592592593,0.6666666666666666,0.0,0.6,0.4,2,2,150.6,148.8,7.343088063238921,7.541540454940284,164.78378378378378,160.8,159.66666666666666,16.17968564008585,15.604541148713547,2015,26.27053493625395,133.35568611723284,31.858908871917,8.132615521180737,30.410752882621434,103.06206633643808,1.4493055555555556,28.400558816482995,126.90573354693129,34.68377372001432,8.242167931052908,39.152095132880476,117.94665377364225,1.4921626984126983,25.720852795861074,140.66419916948178,30.8169487307118,147.52414757733249,50,128.2051282051282,1,7.692307692307693,36,94.73684210526315,0,5.684210526315789,33.468286099865054,2.008097165991904,1
829787,2015-05-07,13,10,5,175.5,175.5,0.2,0.2,1,0,0,4,11,0.43859649122807015,0.4262295081967213,0.0,0.5,0.4,0.6,3,3,168.4,157.8,7.369295210659598,7.228981446498258,164.78378378378378,168.0,167.86666666666667,14.600197821050347,16.673897183423872,2015,28.93503824712805,125.28472545015563,34.41508656040508,8.055646389142009,28.42533714807651,90.62606650506547,1.2805555555555557,25.13202394950495,134.31901963857362,31.38027676027676,8.581029311090703,30.416271623247837,107.23148377155081,1.3697530864197534,34.13412295736763,143.25787811139153,34.64819296282663,142.39612625551993,36,100.0,2,6.0,56,151.35135135135135,1,9.08108108108108,51.351351351351354,3.0810810810810807,1
829789,2015-05-08,0,7,27,167.06666666666666,174.33333333333334,0.3,0.2,0,1,1,10,9,0.5283018867924528,0.5072463768115942,0.75,0.5,0.7,0.5,3,4,166.2,171.6,7.4133771625965945,7.176359235003536,165.87179487179486,173.46666666666667,175.2,14.997652690154398,14.037982863330114,2015,28.937138973006057,133.86140293490215,34.31708286994911,9.517232139823973,33.256329880833945,98.28055869302614,1.674074074074074,29.10325604995783,133.60274168518353,32.46935715126099,8.925490255070313,32.008873121858784,106.89459522854663,1.587962962962963,34.45731633272617,131.71087955418488,31.04772004241782,128.61832896325035,44,118.91891891891892,1,7.135135135135135,61,164.86486486486487,0,9.891891891891891,-45.94594594594595,-2.756756756756756,0
829791,2015-05-09,9,5,14,151.15555555555557,159.46666666666667,0.0,0.3,0,1,1,6,10,0.4827586206896552,0.45,0.5,0.6666666666666666,0.1,0.6,0,3,171.6,149.6,7.343088063238921,7.471884685926699,165.675,170.33333333333334,162.73333333333332,16.68008253667588,16.680050130400115,2015,25.235326270108786,132.47032266461457,28.606989197387563,8.130194236203426,29.944573699283087,89.17019581725464,1.4174501424501422,24.86283943225674,135.6120474297632,31.858908871917,7.941826569103666,29.491351400300044,106.07651556853617,1.4116666666666666,30.55000655780707,137.23916029095065,25.720852795861074,140.66419916948178,57,154.05405405405406,1,9.243243243243244,45,125.0,1,7.5,-29.054054054054063,-1.7432432432432439,0
829793,2015-05-09,13,1,49,150.0,150.0,0.2,0.3,1,1,1,8,8,0.4482758620689655,0.41818181818181815,0.5,0.0,0.5,0.4,3,1,173.4,145.0,7.541540454940284,7.228981446498258,165.675,170.93333333333334,158.66666666666666,15.92624427929825,15.848498935040553,2015,27.781704913794716,125.44591236415341,34.41508656040508,8.038771658037728,27.736825714635888,99.28174089603397,1.312962962962963,30.392402207158593,127.40246406144512,34.94599594223654,7.876678905849412,32.11935964641793,112.57818747787222,1.410185185185185,34.13412295736763,143.25787811139153,30.8169487307118,147.52414757733249,49,136.11111111111111,1,8.166666666666668,41,107.89473684210526,2,6.473684210526316,-28.216374269005854,-1.692982456140352,1
829795,2015-05-10,12,7,56,161.33333333333334,173.93333333333334,0.2,0.2,0,1,1,7,9,0.4583333333333333,0.5142857142857142,0.25,0.5,0.5,0.6,4,5,142.0,165.2,7.176359235003536,7.473946953725018,166.02380952380952,164.4,173.86666666666667,16.884936607567948,15.854876364042298,2015,39.34128634559885,144.72102439428247,39.34128634559885,8.239407094628264,55.363524428684,137.0681614681615,1.4777777777777779,23.919192772549515,130.63478079834408,32.46935715126099,8.57101378333973,30.78712454067416,94.09793044375311,1.517283950617284,37.310471530784035,139.3538685980196,31.04772004241782,128.61832896325035,45,118.42105263157893,1,7.105263157894736,39,102.63157894736842,1,6.157894736842106,-15.789473684210506,-0.9473684210526301,1
829797,2015-05-10,10,0,27,166.8695652173913,170.06666666666666,0.3,0.3,1,0,1,6,10,0.4262295081967213,0.5283018867924528,0.5,0.75,0.6,0.6,2,2,172.6,159.4,7.4133771625965945,7.369295210659598,166.02380952380952,172.33333333333334,173.73333333333332,13.4388497100352,15.909092689116791,2015,22.58271731112653,125.1322696515609,31.38027676027676,8.37559233890888,30.613017986907618,103.80021460776453,1.3803030303030304,28.033075641458613,133.2480748459579,34.31708286994911,9.311233651055776,31.968345206210522,95.90714554640337,1.6563492063492065,34.64819296282663,142.39612625551993,34.45731633272617,131.71087955418488,36,97.2972972972973,2,5.837837837837839,40,111.11111111111111,1,6.666666666666667,13.813813813813809,0.8288288288288284,0
829799,2015-05-11,13,9,43,158.7,149.86666666666667,0.2,0.2,1,1,1,6,9,0.4576271186440678,0.4745762711864407,0.5,0.5,0.6,0.1,4,0,174.6,169.8,7.228981446498258,7.471884685926699,167.38636363636363,168.13333333333333,172.13333333333333,15.724234519528354,16.182031883675794,2015,29.32351431316435,127.12236315679714,40.273210130199125,8.116123468969429,28.83565365819916,107.26879045078958,1.3444444444444446,24.505844232362154,131.33536874671267,28.606989197387563,8.084486592903485,30.42396200466326,92.43763011799001,1.44017094017094,34.13412295736763,143.25787811139153,30.55000655780707,137.23916029095065,56,151.35135135135135,0,9.08108108108108,47,130.55555555555557,1,7.833333333333334,20.795795795795783,1.2477477477477468,1
829801,2015-05-12,0,1,49,154.33333333333334,154.33333333333334,0.2,0.2,1,1,1,11,4,0.5283018867924528,0.41818181818181815,0.75,0.0,0.6,0.4,2,1,164.0,158.6,7.541540454940284,7.4133771625965945,167.77777777777777,171.86666666666667,156.13333333333333,17.061507239391087,14.400060561756737,2015,27.869105120702514,132.87903591387425,34.31708286994911,9.099958473023694,31.82671382014009,99.75135469228424,1.6215277777777777,29.474902207158593,131.03995312101256,34.94599594223654,7.788235473539359,31.610200917914707,111.23328909283545,1.424074074074074,34.45731633272617,131.71087955418488,30.8169487307118,147.52414757733249,28,77.77777777777779,2,4.666666666666667,16,44.44444444444444,1,2.6666666666666665,-33.33333333333334,-2.0000000000000004,0
829803,2015-05-13,9,12,41,166.03030303030303,162.33333333333334,0.2,0.3,1,0,0,9,6,0.4666666666666667,0.46938775510204084,0.5,0.4,0.1,0.6,0,4,176.8,163.0,7.471884685926699,7.473946953725018,166.7173913043478,172.53333333333333,167.4,12.481826995852158,17.12128686982397,2015,23.755844232362154,130.1389722135658,27.641177231575597,8.089078847495738,31.109445899462315,102.41492365778356,1.4589209401709402,29.793980908028487,138.49543946059958,39.34128634559885,10.426275917524922,41.173779972982096,124.9352929050408,1.5293650793650795,30.55000655780707,137.23916029095065,37.310471530784035,139.3538685980196,72,184.6153846153846,4,11.076923076923077,61,160.5263157894737,2,9.631578947368421,24.089068825910914,1.4453441295546554,1
829805,2015-05-14,7,5,56,163.04651162790697,180.33333333333334,0.3,0.0,1,0,0,10,5,0.5142857142857142,0.45,0.5,0.6666666666666666,0.6,0.6,4,4,180.8,159.4,7.176359235003536,7.343088063238921,165.4255319148936,179.13333333333333,164.66666666666666,16.276358190222215,14.69964252439788,2015,29.10325604995783,133.60274168518353,32.46935715126099,8.925490255070313,32.008873121858784,106.89459522854663,1.587962962962963,24.594792478209378,131.20151610453047,31.858908871917,8.208392818821315,30.111171874499476,90.86796468962844,1.4858024691358025,31.04772004241782,128.61832896325035,25.720852795861074,140.66419916948178,46,121.05263157894737,2,7.2631578947368425,50,131.57894736842107,2,7.894736842105264,-10.5263157894737,-0.6315789473684212,1
829807,2015-05-15,13,12,43,159.5483870967742,149.73333333333332,0.2,0.3,1,1,1,8,7,0.4576271186440678,0.46,0.5,0.4,0.6,0.5,4,3,181.6,165.2,7.228981446498258,7.473946953725018,165.54166666666666,171.0,162.06666666666666,13.950262916680575,17.681547411384418,2015,31.165715265428915,129.03372431006446,33.87122691128227,7.8313628271043285,27.94806442080378,91.64761781905743,1.1666666666666667,32.74375717928586,138.4706131231987,39.34128634559885,9.249555014176583,45.77656619385343,121.51015703250998,1.6233333333333335,34.13412295736763,143.25787811139153,37.310471530784035,139.3538685980196,68,174.35897435897436,1,10.461538461538462,83,230.55555555555554,4,13.833333333333332,-56.19658119658118,-3.3717948717948705,0
829809,2015-05-16,9,0,41,164.26470588235293,158.53333333333333,0.2,0.2,1,1,1,6,9,0.4666666666666667,0.5185185185185185,0.5,0.75,0.1,0.5,1,2,174.4,154.8,7.471884685926699,7.4133771625965945,164.91836734693877,171.93333333333334,169.53333333333333,13.212847957278084,16.192491045470355,2015,23.308225176241105,129.3195561500892,27.641177231575597,8.205154304638818,30.60345808347268,101.4600908704108,1.4738556505223173,33.63183172487222,132.8618876045666,36.00603280889905,9.787409691553712,34.22890307328605,99.25472049750753,1.7288888888888887,30.55000655780707,137.23916029095065,34.45731633272617,131.71087955418488,41,113.88888888888889,3,6.833333333333333,47,123.6842105263158,2,7.421052631578948,-9.795321637426909,-0.5877192982456148,0
829811,2015-05-16,5,10,5,178.33333333333334,178.33333333333334,0.2,0.0,1,0,1,6,6,0.4426229508196721,0.41935483870967744,0.6666666666666666,0.5,0.6,0.6,3,1,160.6,172.8,7.369295210659598,7.343088063238921,164.91836734693877,163.06666666666666,170.13333333333333,15.04168177759821,16.796615574921375,2015,23.02079367181898,131.7151318383002,31.858908871917,8.100325338154564,29.374556086871145,92.49222461113527,1.4777777777777779,26.847445426366992,136.0580507367772,31.38027676027676,8.756675868150955,26.294946632487488,109.22683425660989,1.3484126984126985,25.720852795861074,140.66419916948178,34.64819296282663,142.39612625551993,66,183.33333333333331,0,11.0,53,132.5,2,7.949999999999999,-50.833333333333314,-3.0500000000000007,0
829815,2015-05-17,13,7,43,158.78125,150.33333333333334,0.2,0.3,1,1,1,6,9,0.4576271186440678,0.5142857142857142,0.5,0.5,0.6,0.7,3,4,170.2,177.6,7.228981446498258,7.176359235003536,164.90196078431373,169.33333333333334,179.0,13.131022779618316,15.867471703354088,2015,22.742802236215898,121.7052371136359,40.273210130199125,7.971921660098666,28.710804147925412,98.31931434422286,1.4323232323232324,30.346188772473898,126.49424136297114,30.346188772473905,9.26852684335786,32.06537628053585,102.53319971580841,1.625925925925926,34.13412295736763,143.25787811139153,31.04772004241782,128.61832896325035,29,76.31578947368422,3,4.578947368421053,38,100.0,0,6.0,-23.68421052631578,-1.421052631578947,0
829817,2015-05-19,0,7,56,163.22727272727272,180.4,0.2,0.3,0,0,1,10,10,0.5272727272727272,0.5211267605633803,0.75,0.5,0.6,0.8,3,4,142.4,165.8,7.4133771625965945,7.176359235003536,163.90384615384616,166.66666666666666,173.93333333333334,14.033226755676663,15.076761731999088,2015,23.608801594273288,120.93396536622707,36.00603280889905,8.74097231966348,30.503343463730165,82.38040615510971,1.6090909090909091,25.943182778209113,131.78555696956568,32.46935715126099,8.617687683077405,31.397839051920403,98.67267174922227,1.5409722222222222,34.45731633272617,131.71087955418488,31.04772004241782,128.61832896325035,54,142.10526315789474,2,8.526315789473685,48,123.07692307692308,0,7.384615384615385,19.02834008097166,1.1417004048583,0
829819,2015-05-20,10,12,31,150.25,150.25,0.3,0.3,1,0,1,7,7,0.41935483870967744,0.47058823529411764,0.5,0.4,0.6,0.6,2,3,186.6,170.0,7.473946953725018,7.369295210659598,164.33962264150944,173.53333333333333,161.86666666666667,12.183102211248674,16.307822185295656,2015,22.74294022997014,130.45620175564684,31.38027676027676,8.410416112059286,30.97430680379897,106.60606247975369,1.3914141414141417,30.648533281588794,137.15557045980844,39.34128634559885,10.70796251181382,43.37982663514578,117.1467306114365,1.5194444444444446,34.64819296282663,142.39612625551993,37.310471530784035,139.3538685980196,41,107.89473684210526,1,6.473684210526316,40,111.11111111111111,2,6.666666666666667,3.216374269005854,0.19298245614035103,0
829821,2015-05-22,0,12,21,150.66666666666666,150.66666666666666,0.2,0.2,0,1,0,11,7,0.5272727272727272,0.47058823529411764,0.75,0.4,0.5,0.7,2,4,150.2,176.4,7.4133771625965945,7.473946953725018,164.62962962962962,164.06666666666666,163.2,13.28620534514929,14.222990369538653,2015,27.56219561064072,130.24213233440778,36.00603280889905,9.028748918790484,31.796499916396773,92.73212279076124,1.6381944444444445,24.896739016572322,128.41580892093958,39.34128634559885,9.802808924819033,36.030168084444014,109.4202533740769,1.5661111111111112,34.45731633272617,131.71087955418488,37.310471530784035,139.3538685980196,34,94.44444444444444,1,5.666666666666666,29,80.55555555555556,2,4.833333333333334,13.888888888888886,0.8333333333333321,1
829823,2015-05-24,7,0,14,151.84782608695653,163.73333333333332,0.2,0.1,0,0,0,11,10,0.5277777777777778,0.5272727272727272,0.5,0.75,0.8,0.5,4,3,172.8,146.4,7.176359235003536,7.4133771625965945,164.16363636363636,174.86666666666667,163.33333333333334,15.176329513995737,14.604433863269527,2015,27.1493517465247,134.2186224851242,32.46935715126099,8.655895864267526,31.341891247307526,101.28577451611795,1.56031746031746,25.457181753700617,126.41445867704331,36.00603280889905,8.843944931569037,31.16028158368809,88.1184467706207,1.6194444444444447,31.04772004241782,128.61832896325035,34.45731633272617,131.71087955418488,61,164.86486486486487,1,9.891891891891891,31,83.78378378378379,1,5.027027027027027,81.08108108108108,4.864864864864864,1
980901,2016-04-09,7,11,56,163.75555555555556,181.0,0.2,0.3,1,1,1,0,0,0.5277777777777778,0.5,0.5,0.4,0.9,0.5,4,0,181.6,167.0,7.176359235003536,6.6867873152837545,162.6,177.13333333333333,167.0,13.89415078221932,15.459478212475764,2016,23.999412736234877,130.91377625913316,35.87834114676132,8.528364569386545,30.03719365591463,95.65141908514589,1.531111111111111,33.74576402750055,131.84406624848154,33.74576402750055,9.422222222222222,22.5129953281549,114.44585342772594,1.5842911877394636,31.04772004241782,128.61832896325035,29.690619063532058,130.38074573806898,37,92.5,4,5.550000000000001,57,154.05405405405406,0,9.243243243243244,-61.55405405405406,-3.693243243243243,0
980903,2016-04-10,5,1,14,152.91489361702128,166.6,0.1,0.2,1,1,0,9,6,0.43548387096774194,0.41818181818181815,0.6666666666666666,0.0,0.5,0.4,3,1,178.2,158.8,7.343088063238921,7.541540454940284,121.0,165.66666666666666,153.13333333333333,15.675252107482766,14.96794082132777,2016,29.142538915727325,125.28729251474577,29.142538915727325,8.529553786998122,31.396128841607563,74.35991690302033,1.5166666666666666,19.865624626373002,127.66985631612006,31.596608187134503,7.992681180224107,28.628432979843414,95.98160657346749,1.3994949494949496,25.720852795861074,140.66419916948178,30.8169487307118,147.52414757733249,47,123.6842105263158,0,7.421052631578948,35,92.10526315789474,4,5.526315789473684,31.578947368421055,1.8947368421052637,1
980905,2016-04-11,9,2,39,167.0,167.0,0.2,0.3,0,0,0,0,0,0.4666666666666667,0.5,0.5,0.4,0.1,0.5,1,0,166.0,167.0,7.471884685926699,7.56771688246031,109.5,169.73333333333332,167.0,13.004238878329385,15.839760831406698,2016,26.056806836620417,136.06174118494602,29.90397419891802,8.380070235223371,32.3091070019829,113.78420091137913,1.5087301587301585,27.14048479193235,132.73830827632827,29.94140950483188,10.462876178911399,37.40344540013424,110.82805514947829,1.3501984126984126,30.55000655780707,137.23916029095065,28.772097335519714,134.81715820534535,52,144.44444444444443,0,8.666666666666666,57,150.0,2,9.0,-5.555555555555571,-0.3333333333333339,0
980907,2016-04-12,13,12,23,166.2391304347826,175.66666666666666,0.2,0.2,0,1,0,8,8,0.4576271186440678,0.46153846153846156,0.5,0.4,0.6,0.7,3,3,159.4,159.0,7.473946953725018,7.228981446498258,126.66666666666667,164.53333333333333,159.46666666666667,13.060730594053297,16.781745134185872,2016,24.583203161169745,128.31388089201178,33.87122691128227,8.20151213536081,30.959458623501096,98.1400241307951,1.367361111111111,31.89338233232019,137.63568637055766,39.34128634559885,9.824403004716642,43.114529799225686,126.5600525263064,1.3972222222222221,34.13412295736763,143.25787811139153,37.310471530784035,139.3538685980196,49,128.94736842105263,1,7.7368421052631575,56,151.35135135135135,1,9.08108108108108,22.403982930298724,1.3442389758179232,0
980909,2016-04-13,5,7,14,151.77083333333334,163.2,0.1,0.2,1,0,0,5,11,0.43548387096774194,0.5277777777777778,0.6666666666666666,0.5,0.5,0.8,3,4,164.4,158.8,7.343088063238921,7.176359235003536,151.75,161.33333333333334,173.4,16.45041357112565,16.554293646704405,2016,28.613238377819503,138.23071624724236,31.858908871917,8.237225400945388,30.71259908132082,95.07642746142372,1.4706349206349205,25.411083761311303,136.36144812134236,31.890207379162735,8.402871797087814,30.65910786364282,106.20442100918306,1.4944444444444445,25.720852795861074,140.66419916948178,31.04772004241782,128.61832896325035,40,105.26315789473684,1,6.315789473684211,53,135.8974358974359,1,8.153846153846153,-30.634278002699077,-1.8380566801619427,0
980911,2016-04-14,2,11,46,167.0,167.0,0.0,0.0,0,0,1,0,0,1.0,1.0,0.4,0.4,1.0,1.0,1,1,161.0,121.0,7.56771688246031,6.6867873152837545,158.8,161.0,121.0,13.639447946554291,16.222623046119026,2016,26.935177320471233,131.24792177159162,28.954123891024604,8.142115893076335,39.80637202354491,101.0179382656654,1.4536111111111107,29.767428318711275,132.08647693119215,35.249622552488795,9.622671114394226,25.861992338626074,122.43077588455971,1.426600985221675,28.772097335519714,134.81715820534535,29.690619063532058,130.38074573806898,62,167.56756756756758,0,10.054054054054054,57,158.33333333333331,1,9.5,9.234234234234265,0.5540540540540544,1
980913,2016-04-15,9,1,16,160.73333333333332,154.53333333333333,0.2,0.2,0,0,0,9,7,0.4666666666666667,0.4107142857142857,0.5,0.0,0.1,0.3,1,1,153.0,140.6,7.541540454940284,7.471884685926699,159.5,165.4,148.13333333333333,15.258953894343495,16.179686438937853,2016,22.141804726552408,121.5685116557419,33.28844713339095,8.231296719179138,32.4939517922014,89.6770746781442,1.508249158249158,27.207071524966263,133.17979990217634,31.596608187134503,7.967027916691421,30.561802513558614,95.89521604972144,1.3625,30.55000655780707,137.23916029095065,30.8169487307118,147.52414757733249,28,77.77777777777779,1,4.666666666666667,37,102.77777777777777,1,6.166666666666666,24.999999999999986,1.4999999999999991,0
980917,2016-04-16,2,7,56,162.82608695652175,178.0,0.2,0.0,0,1,0,0,0,1.0,0.5342465753424658,0.4,0.5,1.0,0.8,2,4,162.0,162.0,7.176359235003536,7.56771688246031,152.57142857142858,162.0,174.93333333333334,14.851505412135253,16.217912335132105,2016,20.328433097585453,121.41829621922855,28.588466274000865,8.267790047622352,36.406062517668914,98.13639614461115,1.5143518518518517,24.67742186262586,134.086294197617,32.10748899379535,8.175487457319777,31.894464161786907,101.98911643452716,1.4833333333333334,28.772097335519714,134.81715820534535,31.04772004241782,128.61832896325035,31,83.78378378378379,2,5.027027027027027,42,113.51351351351352,1,6.8108108108108105,29.729729729729726,1.7837837837837833,1
980915,2016-04-16,5,13,43,157.3939393939394,149.06666666666666,0.3,0.1,0,0,1,11,4,0.43548387096774194,0.45,0.6666666666666666,0.3333333333333333,0.5,0.5,2,2,167.6,164.6,7.228981446498258,7.343088063238921,152.57142857142858,160.53333333333333,169.0,16.903135657699828,14.254625074224787,2016,29.071578099838973,137.49005954999376,29.787466451959208,8.712019451654427,29.459698257221934,88.25593207502436,1.5763888888888888,22.812697104222956,124.18657092268728,33.87122691128227,8.13399728513469,30.628946385873025,94.3438391134133,1.4080246913580248,25.720852795861074,140.66419916948178,34.13412295736763,143.25787811139153,36,90.0,3,5.4,36,97.2972972972973,0,5.837837837837839,7.297297297297305,0.43783783783783825,1
980919,2016-04-17,9,11,39,161.0,161.0,0.1,0.0,0,0,1,0,0,0.45901639344262296,0.5,0.5,0.4,0.1,0.5,1,1,138.6,142.0,7.471884685926699,6.6867873152837545,150.33333333333334,159.53333333333333,142.0,14.304794649064524,15.49924324158912,2016,28.46305656450575,134.46039226438424,33.28844713339095,8.368859704768154,31.943928506217684,92.85626084155496,1.462962962962963,27.583505927096695,129.71099221893533,35.249622552488795,9.399673016150386,28.508798883938674,114.6362404765402,1.4579980842911877,30.55000655780707,137.23916029095065,29.690619063532058,130.38074573806898,50,131.57894736842107,0,7.894736842105264,49,132.43243243243242,1,7.945945945945946,-0.8534850640113518,-0.05120910384068189,1
980921,2016-04-17,12,1,23,167.53191489361703,183.0,0.3,0.2,1,0,0,8,5,0.46153846153846156,0.4107142857142857,0.4,0.0,0.7,0.4,3,2,157.4,132.4,7.473946953725018,7.541540454940284,150.33333333333334,164.33333333333334,147.86666666666667,17.433845181647133,13.696847114045276,2016,30.860994380083977,138.90696738409892,39.34128634559885,9.668939197155913,40.94638268505058,133.00385454635787,1.4246031746031744,31.945153120897487,132.43398193844422,35.177107053347655,7.967660945522697,32.4821204645904,107.64802921869234,1.4144444444444444,37.310471530784035,139.3538685980196,30.8169487307118,147.52414757733249,63,175.0,1,10.5,51,130.76923076923077,2,7.846153846153847,44.230769230769226,2.6538461538461533,0
980923,2016-04-18,7,13,43,156.94117647058823,150.13333333333333,0.3,0.2,0,0,0,10,6,0.5342465753424658,0.45,0.5,0.3333333333333333,0.7,0.5,3,1,168.0,160.4,7.228981446498258,7.176359235003536,154.1818181818182,172.26666666666668,164.53333333333333,17.047136008748595,15.760987032195032,2016,25.890953541895243,135.57706259026537,32.10748899379535,8.168985600980612,31.102195934451423,117.7326267502327,1.4868055555555557,28.58379172453825,128.75127612324337,33.87122691128227,7.953069801325407,33.358451536643024,85.32195898954546,1.2422222222222223,31.04772004241782,128.61832896325035,34.13412295736763,143.25787811139153,33,86.8421052631579,1,5.210526315789474,40,102.56410256410255,2,6.153846153846153,15.72199730094465,0.943319838056679,0
980925,2016-04-19,9,5,39,156.5,156.5,0.1,0.1,0,0,0,6,11,0.45901639344262296,0.4444444444444444,0.5,0.6666666666666666,0.2,0.6,2,2,132.0,159.4,7.471884685926699,7.343088063238921,153.16666666666666,158.86666666666667,158.8,15.883597928966134,15.46516314976825,2016,23.93585532907778,127.81885875627545,33.28844713339095,8.539600434510799,39.205388509203246,89.56978214595861,1.5292129629629627,28.60705105431599,132.06631395354134,31.858908871917,8.047223263136024,31.58815996847912,87.39209218341135,1.412962962962963,30.55000655780707,137.23916029095065,25.720852795861074,140.66419916948178,41,110.8108108108108,1,6.648648648648649,65,171.05263157894737,0,10.263157894736842,-60.24182076813656,-3.6145092460881934,0
980927,2016-04-20,12,7,56,162.40425531914894,176.33333333333334,0.2,0.4,0,0,0,8,9,0.46153846153846156,0.527027027027027,0.4,0.5,0.6,0.6,3,2,174.4,159.0,7.176359235003536,7.473946953725018,152.0,165.26666666666668,167.8,16.4191958180867,13.964605318758005,2016,31.24089321356638,138.87673803675338,41.502178555743775,9.837786711600472,41.641884856064664,129.87955845753834,1.4563762626262626,28.922321971225013,137.38080863762278,32.10748899379535,8.458193664014445,31.57489459546004,120.63443543919749,1.525925925925926,37.310471530784035,139.3538685980196,31.04772004241782,128.61832896325035,51,134.21052631578948,1,8.052631578947368,49,136.11111111111111,1,8.166666666666668,1.9005847953216346,0.11403508771929971,0
980929,2016-04-21,2,13,46,163.0,163.0,0.0,0.3,0,0,0,0,0,1.0,0.45,0.4,0.3333333333333333,1.0,0.5,3,1,155.66666666666666,151.8,7.56771688246031,7.228981446498258,153.28571428571428,155.66666666666666,162.93333333333334,16.438486522483736,16.634177543397133,2016,20.765681590844874,121.7789919930938,28.954123891024604,8.018354849495848,36.17625745707272,98.7194321626139,1.4902777777777776,37.6489456300813,133.37873817247333,37.6489456300813,7.408163265306123,24.69806442080378,92.08375104427736,0.9166666666666666,28.772097335519714,134.81715820534535,34.13412295736763,143.25787811139153,50,138.88888888888889,1,8.333333333333332,63,161.53846153846155,0,9.692307692307693,-22.64957264957266,-1.3589743589743613,0
980931,2016-04-22,11,12,31,156.2,156.2,0.0,0.4,1,1,0,0,0,0.3333333333333333,0.4528301886792453,0.4,0.4,0.3333333333333333,0.5,1,2,145.33333333333334,181.4,6.6867873152837545,7.473946953725018,152.06666666666666,145.33333333333334,165.53333333333333,12.081646893547145,15.30544078248325,2016,22.756660908607365,123.69085876524596,35.249622552488795,9.008256274937995,29.470431964293795,117.72182872789203,1.4452873563218391,35.094520050797115,137.87533296949664,41.502178555743775,10.237913742646272,43.34854687018193,137.9491481686528,1.3977777777777778,29.690619063532058,130.38074573806898,37.310471530784035,139.3538685980196,36,94.73684210526315,3,5.684210526315789,48,126.3157894736842,1,7.578947368421052,-31.578947368421055,-1.8947368421052628,0
980933,2016-04-23,1,7,16,159.65217391304347,151.2,0.2,0.2,1,0,0,8,8,0.42105263157894735,0.527027027027027,0.0,0.5,0.4,0.6,3,2,136.4,152.6,7.541540454940284,7.176359235003536,154.125,150.6,166.46666666666667,16.073811942164422,16.884852158565973,2016,28.96070452382482,131.41124792448207,35.177107053347655,7.941218136730487,31.744904308727296,96.92891323779918,1.387037037037037,24.67742186262586,134.086294197617,32.10748899379535,8.175487457319777,31.894464161786907,101.98911643452716,1.4833333333333334,30.8169487307118,147.52414757733249,31.04772004241782,128.61832896325035,41,105.12820512820514,1,6.307692307692308,52,144.44444444444443,1,8.666666666666666,-39.31623931623929,-2.3589743589743577,1
980935,2016-04-23,9,13,43,156.5142857142857,151.4,0.2,0.1,0,0,0,9,7,0.45901639344262296,0.45901639344262296,0.5,0.3333333333333333,0.2,0.5,1,2,138.4,151.8,7.228981446498258,7.471884685926699,154.125,156.26666666666668,163.46666666666667,16.286695396876695,15.540319092234167,2016,27.043304682209175,132.2118022030938,33.28844713339095,8.147351709043425,32.78222388509978,109.81935799961009,1.4674603174603174,25.43485123181304,126.61244531519421,33.87122691128227,8.117779511517611,32.79778790949003,78.72918857578395,1.3206349206349206,30.55000655780707,137.23916029095065,34.13412295736763,143.25787811139153,65,180.55555555555557,0,10.833333333333334,35,94.5945945945946,2,5.675675675675675,-85.96096096096097,-5.1576576576576585,0
980939,2016-04-24,5,11,31,161.0,161.0,0.0,0.1,0,1,0,0,0,0.453125,0.3333333333333333,0.6666666666666666,0.4,0.6,0.25,3,1,152.8,155.25,6.6867873152837545,7.343088063238921,154.05555555555554,156.2,155.25,13.330455410905575,15.864495844918965,2016,23.217940626357525,130.67251923932673,31.858908871917,8.339368323969671,35.252342743950486,91.58353030749292,1.4970679012345678,26.564650540933496,132.29987412486568,33.99534904821529,9.80255476736558,27.112518215934276,132.96071464237474,1.4865079365079368,25.720852795861074,140.66419916948178,29.690619063532058,130.38074573806898,31,86.11111111111111,1,5.166666666666667,59,147.5,2,8.850000000000001,61.388888888888886,3.6833333333333345,1
980937,2016-04-24,12,2,46,149.0,149.0,0.0,0.4,1,1,1,0,0,0.46296296296296297,1.0,0.4,0.4,0.6,0.75,2,3,182.4,150.5,7.56771688246031,7.473946953725018,154.05555555555554,163.93333333333334,150.5,17.109269366843353,16.044638536177974,2016,38.82504661522053,139.69907692615652,41.502178555743775,8.297392178307842,46.33665137732552,148.60403558429877,1.4972222222222222,27.423308399005133,133.1286582938597,29.861834880702805,8.165110615236687,32.52645969835023,114.30550277174598,1.5092592592592593,37.310471530784035,139.3538685980196,28.772097335519714,134.81715820534535,72,184.6153846153846,1,11.076923076923077,50,138.88888888888889,1,8.333333333333332,-45.72649572649573,-2.7435897435897445,0
980941,2016-04-25,7,9,39,150.33333333333334,150.33333333333334,0.1,0.1,1,0,0,8,8,0.52,0.45161290322580644,0.5,0.5,0.6,0.2,2,1,161.2,141.0,7.471884685926699,7.176359235003536,155.65,166.93333333333334,154.8,16.849637327684924,15.454370634487947,2016,28.922321971225013,137.38080863762278,32.10748899379535,8.458193664014445,31.57489459546004,120.63443543919749,1.525925925925926,25.747386314862236,130.71605978195686,33.28844713339095,8.153339206411179,31.522869046390106,106.08680483848548,1.4746031746031747,31.04772004241782,128.61832896325035,30.55000655780707,137.23916029095065,40,111.11111111111111,2,6.666666666666667,39,105.40540540540539,1,6.324324324324324,-5.705705705705725,-0.3423423423423433,1
980943,2016-04-26,13,11,43,156.13888888888889,152.33333333333334,0.2,0.0,1,0,0,0,0,0.45901639344262296,0.3333333333333333,0.3333333333333333,0.4,0.6,0.2,3,1,157.8,156.2,7.228981446498258,6.6867873152837545,157.23809523809524,161.86666666666667,156.2,11.2732893864144,16.3603091855457,2016,24.206585993111844,125.49863652218376,35.48818597560976,8.045971989776188,32.41620382661267,84.53736164026915,1.3740740740740742,33.02944591789799,131.63458945097878,33.99534904821529,11.13238844674953,24.797096631205672,118.32644563076654,1.4625,34.13412295736763,143.25787811139153,29.690619063532058,130.38074573806898,27,75.0,3,4.5,46,112.19512195121952,1,6.731707317073171,-37.19512195121952,-2.2317073170731714,0
980945,2016-04-27,1,2,16,159.74468085106383,154.13333333333333,0.2,0.0,1,1,0,0,0,0.42105263157894735,1.0,0.0,0.4,0.5,0.8,4,4,136.6,156.4,7.541540454940284,7.56771688246031,155.45454545454547,149.26666666666668,156.4,13.41405564106788,16.42162399857874,2016,27.948359554219515,136.84132612813588,35.36508868968148,8.15654236185399,30.747120359861487,99.22491616194444,1.4722222222222219,26.630555910286382,133.94367179484559,30.69333123788569,10.201338788933342,32.108295305193124,112.60170984504941,1.4243055555555555,30.8169487307118,147.52414757733249,28.772097335519714,134.81715820534535,22,61.111111111111114,3,3.666666666666667,71,197.22222222222223,0,11.833333333333334,-136.11111111111111,-8.166666666666668,0
980947,2016-04-28,7,5,56,162.5625,175.2,0.2,0.1,1,1,0,12,5,0.5263157894736842,0.46153846153846156,0.5,0.6666666666666666,0.6,0.7,2,4,161.6,145.0,7.176359235003536,7.343088063238921,156.17391304347825,167.06666666666666,156.53333333333333,16.416453806005087,17.164632422415185,2016,27.93648713095979,134.9497137350617,32.10748899379535,8.201973953430079,31.564762254682545,119.87845099413742,1.4416666666666667,29.330179769760896,140.7838680488508,33.454246867255,8.22039371777707,30.454195187848537,97.22797913908377,1.4619047619047618,31.04772004241782,128.61832896325035,25.720852795861074,140.66419916948178,64,168.42105263157893,1,10.105263157894736,59,163.88888888888889,0,9.833333333333332,4.532163742690045,0.27192982456140413,1
980949,2016-04-29,11,2,31,160.85714285714286,160.85714285714286,0.0,0.0,1,0,0,0,1,0.5,1.0,0.4,0.4,0.3333333333333333,0.8333333333333334,1,4,155.6,158.6,6.6867873152837545,7.56771688246031,156.91666666666666,149.83333333333334,159.0,12.705433846079313,14.651188363816205,2016,28.861778956540622,129.61243512423542,32.254076038678804,9.142171165148898,26.489290208190347,139.2530847814062,1.2666666666666666,26.630555910286382,133.94367179484559,30.69333123788569,10.201338788933342,32.108295305193124,112.60170984504941,1.4243055555555555,29.690619063532058,130.38074573806898,28.772097335519714,134.81715820534535,48,129.72972972972974,1,7.783783783783784,72,180.0,0,10.8,-50.27027027027026,-3.0162162162162165,0
980951,2016-04-30,1,5,16,160.0,153.4,0.2,0.1,1,0,0,6,10,0.42105263157894735,0.45454545454545453,0.0,0.6666666666666666,0.4,0.6,3,3,147.2,160.2,7.541540454940284,7.343088063238921,158.44,149.73333333333332,158.4,16.436949501001678,16.150397712110944,2016,23.469975027247894,136.44964645420737,32.483420232825054,8.302576347651698,30.166968769327394,117.644202751455,1.5271604938271603,22.015664107581422,134.0899100497404,31.858908871917,8.301397193310843,34.19708310642277,95.45656358565316,1.5206944444444441,30.8169487307118,147.52414757733249,25.720852795861074,140.66419916948178,37,100.0,3,6.0,43,119.44444444444444,2,7.166666666666666,-19.444444444444443,-1.166666666666666,1
980953,2016-04-30,13,12,43,155.1081081081081,154.86666666666667,0.1,0.3,1,0,0,8,9,0.45901639344262296,0.45454545454545453,0.3333333333333333,0.4,0.5,0.5,3,2,136.0,190.6,7.228981446498258,7.473946953725018,158.44,158.0,163.86666666666667,16.63979561121694,15.710666972055787,2016,27.953148311689727,130.04980235326406,37.14449482683386,8.426795889835608,31.487229821006412,91.78889730776159,1.3476190476190477,30.25683279407503,132.39058386669575,41.502178555743775,7.815588928604211,41.284676335844246,128.96210996973934,1.3706349206349204,34.13412295736763,143.25787811139153,37.310471530784035,139.3538685980196,49,128.94736842105263,1,7.7368421052631575,45,121.62162162162163,1,7.297297297297297,7.325746799431002,0.43954480796586015,1
980955,2016-05-01,2,9,46,159.33333333333334,159.33333333333334,0.14285714285714285,0.1,0,1,0,1,0,1.0,0.45161290322580644,0.4,0.5,0.8571428571428571,0.2,4,1,165.0,146.6,7.56771688246031,7.471884685926699,160.77777777777777,164.14285714285714,157.06666666666666,15.337341747945121,12.811960746049603,2016,23.46000028378466,127.6125925432131,30.69333123788569,9.72521193074425,32.32206260074365,108.08136787603954,1.442777777777778,23.284872307119993,124.5990335037086,33.668076763020586,8.320385281909134,31.263576354099158,95.92539653172918,1.5287101787101784,28.772097335519714,134.81715820534535,30.55000655780707,137.23916029095065,36,97.2972972972973,2,5.837837837837839,59,155.26315789473685,0,9.31578947368421,-57.965860597439544,-3.477951635846372,0
980957,2016-05-01,11,7,31,165.125,165.125,0.14285714285714285,0.2,1,0,0,1,0,0.5,0.5263157894736842,0.4,0.5,0.2857142857142857,0.6,1,3,162.0,167.8,6.6867873152837545,7.176359235003536,160.77777777777777,156.28571428571428,167.2,15.278927560722305,14.94949308511005,2016,26.01699970516316,128.08078513874077,32.254076038678804,8.858090660903231,26.90774184015862,141.37846191676897,1.275925925925926,29.68691595794494,132.42396508245076,32.10748899379535,8.382838692684121,31.24709663120567,133.52968174785423,1.5055555555555555,29.690619063532058,130.38074573806898,31.04772004241782,128.61832896325035,54,145.94594594594594,1,8.756756756756756,47,127.02702702702702,1,7.621621621621621,18.91891891891892,1.135135135135135,0
980959,2016-05-02,5,12,23,168.02083333333334,178.2,0.3,0.1,0,1,0,8,8,0.44776119402985076,0.44642857142857145,0.6666666666666666,0.4,0.5,0.4,3,1,160.0,184.0,7.473946953725018,7.343088063238921,160.48275862068965,159.06666666666666,168.13333333333333,18.458593140198566,16.340328717774963,2016,30.67184643642756,140.38828849600006,33.454246867255,8.38430451337369,30.71259908132082,102.57916801588841,1.5087301587301585,32.677035565840306,137.00229181845035,42.002933876811596,7.605579007549967,37.996124019366384,129.43410543459194,1.3420634920634922,25.720852795861074,140.66419916948178,37.310471530784035,139.3538685980196,40,108.10810810810811,1,6.486486486486487,37,97.36842105263158,2,5.842105263157895,-10.739687055476537,-0.6443812233285922,1
980961,2016-05-03,1,2,46,158.0,158.0,0.125,0.1,1,1,0,0,1,0.42105263157894735,1.0,0.0,0.4,0.5,0.75,4,3,164.8,167.2,7.56771688246031,7.541540454940284,161.3,151.0,162.875,13.17471820778923,16.29091920636155,2016,34.19048318392778,136.14726002113008,35.36508868968148,8.20957618190337,32.753618370336106,121.94446908426859,1.4763888888888888,26.955071363403196,133.74154229785796,30.69333123788569,10.333978903672971,37.45324066038438,114.67891572740234,1.4050347222222221,30.8169487307118,147.52414757733249,28.772097335519714,134.81715820534535,35,94.5945945945946,3,5.675675675675675,61,164.86486486486487,0,9.891891891891891,70.27027027027027,4.216216216216216,1
980963,2016-05-04,9,5,14,152.48979591836735,166.86666666666667,0.1,0.1,0,1,0,6,12,0.4603174603174603,0.45588235294117646,0.5,0.6666666666666666,0.3,0.5,2,3,155.2,168.6,7.343088063238921,7.471884685926699,160.90322580645162,154.53333333333333,162.46666666666667,14.691708821479597,17.292196476732297,2016,20.988774087158134,123.52430306610933,29.90397419891802,8.267241834447505,30.4275373930602,99.34635629092426,1.5124363291029959,29.07763870589958,142.958770121927,29.795547260040014,8.407756004904897,30.19995176110576,79.53226063152535,1.5486111111111112,30.55000655780707,137.23916029095065,25.720852795861074,140.66419916948178,40,111.11111111111111,0,6.666666666666667,37,97.36842105263158,3,5.842105263157895,-13.742690058479539,-0.8245614035087723,0
980965,2016-05-05,1,11,16,160.53061224489795,153.0,0.1,0.125,1,0,0,0,0,0.43103448275862066,0.5,0.0,0.4,0.6,0.25,4,1,172.4,163.4,7.541540454940284,6.6867873152837545,161.0,151.2,156.625,16.684626023252182,15.932389019422333,2016,22.407055931920198,130.9423118775681,35.36508868968148,8.119115593666168,33.856661673333136,113.2658719319477,1.4722222222222223,27.544343059104722,129.35690813194748,31.551682876285643,7.848081922548523,26.489290208190347,146.89002400284255,1.4033333333333333,30.8169487307118,147.52414757733249,29.690619063532058,130.38074573806898,48,126.3157894736842,2,7.578947368421052,50,138.88888888888889,0,8.333333333333332,-12.57309941520468,-0.7543859649122799,0
980967,2016-05-06,13,2,43,156.1315789473684,152.93333333333334,0.2,0.1111111111111111,1,1,0,1,0,0.45901639344262296,1.0,0.3333333333333333,0.4,0.5,0.6666666666666666,4,3,146.4,170.0,7.228981446498258,7.56771688246031,161.03030303030303,160.46666666666667,161.33333333333334,15.562171295498587,15.744450000401992,2016,28.895918080147567,127.86487423425284,37.14449482683386,8.217207292491908,32.64199172576833,88.1851122039765,1.331746031746032,24.9680837088924,129.37540935957747,29.861834880702805,8.21639036136546,37.41151144042934,106.97299962782908,1.4828125,34.13412295736763,143.25787811139153,28.772097335519714,134.81715820534535,38,102.7027027027027,2,6.162162162162161,26,72.22222222222221,3,4.333333333333333,30.48048048048048,1.8288288288288284,1
980971,2016-05-07,1,9,39,160.0,160.0,0.1,0.1,1,1,0,8,9,0.43103448275862066,0.453125,0.0,0.5,0.6,0.3,3,1,166.6,157.6,7.471884685926699,7.541540454940284,160.0,149.33333333333334,155.46666666666667,17.051884673927653,16.268590831290673,2016,24.63808819292775,142.8959912104427,31.784589823468334,8.461193856560834,30.18278891616657,117.74422706699677,1.5206349206349203,29.17425189156548,137.65170079661857,35.69884599378981,8.380070235223371,32.3091070019829,115.72764843445195,1.5087301587301585,30.8169487307118,147.52414757733249,30.55000655780707,137.23916029095065,45,125.0,1,7.5,51,141.66666666666669,0,8.5,16.666666666666686,1.0,0
980969,2016-05-07,12,11,23,168.3673469387755,178.93333333333334,0.3,0.1111111111111111,1,1,0,1,0,0.44642857142857145,0.6,0.4,0.4,0.4,0.3333333333333333,1,2,182.8,158.8,7.473946953725018,6.6867873152837545,160.0,174.13333333333333,157.22222222222223,18.730166445591646,14.027065547165826,2016,38.00549183763097,145.7651962590261,41.502178555743775,8.97584477712903,48.36932110186042,141.88185002132371,1.5402020202020201,23.226546447535554,125.90476302997493,31.551682876285643,7.782375916543635,27.92952034628248,129.79986084521764,1.4208333333333334,37.310471530784035,139.3538685980196,29.690619063532058,130.38074573806898,46,127.77777777777777,0,7.666666666666666,60,166.66666666666669,1,10.0,-38.888888888888914,-2.333333333333334,1
980975,2016-05-08,5,2,14,152.72,166.8,0.1,0.1,1,0,0,0,0,0.45588235294117646,0.8,0.6666666666666666,0.4,0.6,0.6,3,2,173.8,159.2,7.343088063238921,7.56771688246031,161.44444444444446,162.4,157.8,15.831561050341177,16.509937397474495,2016,28.60705105431599,132.06631395354134,31.858908871917,8.047223263136024,31.58815996847912,87.39209218341135,1.412962962962963,27.855995669827553,132.8591522978762,29.861834880702805,8.341964101556192,39.653053505271906,117.07511061488323,1.4835648148148148,25.720852795861074,140.66419916948178,28.772097335519714,134.81715820534535,28,77.77777777777779,4,4.666666666666667,46,124.32432432432432,1,7.45945945945946,-46.54654654654654,-2.7927927927927927,0
980973,2016-05-08,13,7,11,160.2,160.2,0.2,0.2,1,0,0,7,10,0.45901639344262296,0.5324675324675324,0.3333333333333333,0.5,0.5,0.6,4,4,143.2,171.2,7.176359235003536,7.228981446498258,161.44444444444446,158.86666666666667,167.66666666666666,16.05088218892851,15.853001986745664,2016,32.603065800011464,129.81554476989848,37.14449482683386,8.110199912447104,28.41956264775414,92.84210162042977,1.2522222222222221,21.665824499173223,128.57101532492845,32.10748899379535,8.087751392222037,30.484357272073442,97.5618023353202,1.4282828282828284,34.13412295736763,143.25787811139153,31.04772004241782,128.61832896325035,32,88.88888888888889,5,5.333333333333333,51,141.66666666666669,0,8.5,52.7777777777778,3.166666666666667,1
980977,2016-05-09,12,9,39,164.2,164.2,0.1,0.4,1,0,0,6,10,0.44642857142857145,0.453125,0.4,0.5,0.4,0.3,2,2,187.0,166.2,7.471884685926699,7.473946953725018,161.76315789473685,179.46666666666667,159.66666666666666,16.433612036411205,16.291568038784433,2016,34.071243198025805,141.80997993336925,41.502178555743775,8.279870647607526,40.97443425155035,132.3852018151554,1.3946127946127946,31.66889437313339,134.89207600783215,35.69884599378981,8.629264194576782,31.830539436922415,119.82310674263167,1.5422222222222222,37.310471530784035,139.3538685980196,30.55000655780707,137.23916029095065,50,131.57894736842107,1,7.894736842105264,56,151.35135135135135,0,9.08108108108108,19.772403982930285,1.186344238975817,1
980979,2016-05-10,11,13,11,163.0,163.0,0.2,0.2,0,0,1,1,0,0.5,0.46774193548387094,0.4,0.3333333333333333,0.3,0.6,2,4,165.0,151.6,6.6867873152837545,7.228981446498258,162.10256410256412,160.6,157.86666666666667,15.341513662872643,14.897310427186115,2016,24.218317607410164,126.19747458385102,31.551682876285643,7.888454372768483,26.949681636605057,122.52687096744836,1.4520833333333334,24.546675023297958,117.51675358182582,37.14449482683386,8.22588157577021,33.23221129737087,83.25223826691051,1.4376543209876544,29.690619063532058,130.38074573806898,34.13412295736763,143.25787811139153,25,69.44444444444444,2,4.166666666666666,34,89.47368421052632,1,5.368421052631579,-20.029239766081872,-1.2017543859649127,0
980981,2016-05-11,12,7,23,168.82,184.6,0.4,0.1,1,0,0,8,10,0.45614035087719296,0.5324675324675324,0.4,0.5,0.4,0.5,2,3,185.0,172.6,7.473946953725018,7.176359235003536,161.475,181.26666666666668,168.93333333333334,16.567672360265536,17.79459239215719,2016,34.78987482681369,138.36211741923157,42.002933876811596,7.624403004716641,38.54850832562442,127.59375792765887,1.3416666666666668,28.848350635117754,135.67314370247115,32.10748899379535,8.351331098933802,30.66207408263953,125.7342539213689,1.4685185185185186,37.310471530784035,139.3538685980196,31.04772004241782,128.61832896325035,25,67.56756756756756,2,4.054054054054054,39,102.63157894736842,1,6.157894736842106,-35.06401137980086,-2.103840682788052,0
980983,2016-05-12,13,1,43,155.35897435897436,152.26666666666668,0.2,0.1,1,0,0,9,8,0.47619047619047616,0.423728813559322,0.3333333333333333,0.0,0.7,0.6,4,2,150.4,170.0,7.228981446498258,7.541540454940284,161.21951219512195,155.86666666666667,155.06666666666666,13.175130171610046,16.785987870873555,2016,22.604507520968163,112.37798144944968,37.14449482683386,8.174418038253979,32.30238639404888,77.42701444021945,1.4444444444444444,28.42168760089705,137.2156820415813,31.784589823468334,8.529553786998122,31.39612884160756,123.7715538148243,1.5166666666666666,34.13412295736763,143.25787811139153,30.8169487307118,147.52414757733249,51,137.83783783783784,0,8.27027027027027,50,135.13513513513513,1,8.108108108108109,2.702702702702709,0.1621621621621614,0
980985,2016-05-13,7,9,11,159.28571428571428,159.28571428571428,0.1,0.1,0,1,1,9,8,0.5384615384615384,0.453125,0.5,0.5,0.6,0.3,4,2,170.0,172.6,7.176359235003536,7.471884685926699,160.85714285714286,163.33333333333334,159.86666666666667,15.620547404341385,16.624037718448253,2016,20.95045860216984,125.75044151420572,32.10748899379535,8.029462720359867,29.986455174171343,96.57286513675734,1.396969696969697,27.73220785948059,133.48209112213655,31.87751642297097,8.050322326044487,29.654262670818195,89.42143703291245,1.3976068376068373,31.04772004241782,128.61832896325035,30.55000655780707,137.23916029095065,21,56.75675675675676,2,3.4054054054054053,32,84.21052631578947,1,5.052631578947368,-27.453769559032708,-1.6472261735419629,0
980987,2016-05-14,12,2,23,168.47058823529412,184.33333333333334,0.4,0.1,1,0,0,0,1,0.45614035087719296,0.8333333333333334,0.4,0.4,0.4,0.6,2,2,179.2,156.4,7.473946953725018,7.56771688246031,160.0,176.26666666666668,157.8181818181818,17.223352457616755,14.080526111519776,2016,37.204377457611834,143.02352691640152,39.34128634559885,8.104216060325435,48.97373027803474,133.60886963913282,1.4666666666666668,20.461374272871506,114.1116258508102,27.784811721712433,8.304046919341282,35.994944426621686,101.8208219501716,1.5082070707070707,37.310471530784035,139.3538685980196,28.772097335519714,134.81715820534535,42,113.51351351351352,1,6.8108108108108105,41,110.8108108108108,2,6.648648648648649,2.702702702702709,0.1621621621621614,1
980989,2016-05-14,5,11,14,152.8235294117647,167.46666666666667,0.0,0.2,1,0,1,1,0,0.45588235294117646,0.5,0.6666666666666666,0.4,0.6,0.2,2,1,173.4,168.8,7.343088063238921,6.6867873152837545,160.0,165.53333333333333,158.45454545454547,16.615034195011503,15.31660523391656,2016,29.179631459522767,129.84520212548026,29.93153759820426,8.225290340248591,32.136382345491384,74.11084676817435,1.488888888888889,24.464672667444468,125.98352507593489,31.551682876285643,7.814922352941348,28.54045784628248,121.3150654118928,1.432638888888889,25.720852795861074,140.66419916948178,29.690619063532058,130.38074573806898,66,194.11764705882354,2,11.647058823529411,37,100.0,2,6.0,94.11764705882354,5.647058823529411,1
980991,2016-05-15,9,13,39,166.0,166.0,0.1,0.1,0,1,1,9,8,0.46153846153846156,0.47619047619047616,0.5,0.3333333333333333,0.4,0.7,3,4,159.6,156.0,7.471884685926699,7.228981446498258,160.6888888888889,153.06666666666666,152.2,16.420193367334985,17.05438175283926,2016,29.826301780540803,130.16722834364802,35.319216364160184,8.126433656510013,28.996903073286052,95.17960696755297,1.4309401709401708,28.091281500674683,138.59130186724317,33.52131543534472,7.927265253927658,35.54033687943262,88.34444695909227,1.2899999999999998,30.55000655780707,137.23916029095065,34.13412295736763,143.25787811139153,47,130.55555555555557,1,7.833333333333334,55,148.64864864864865,0,8.91891891891892,-18.093093093093074,-1.0855855855855854,0
980993,2016-05-15,7,1,11,154.875,154.875,0.1,0.1,0,0,0,8,9,0.5384615384615384,0.43333333333333335,0.5,0.0,0.5,0.6,3,3,157.0,164.8,7.176359235003536,7.541540454940284,160.6888888888889,160.2,156.93333333333334,17.241524628553233,14.113044789050969,2016,27.962843211449727,137.74690197999666,32.10748899379535,8.201973953430079,31.564762254682545,119.31173622444781,1.4416666666666667,21.45585873612524,115.75482576338814,35.36508868968148,7.989252977771911,29.935402774598597,96.37063050259836,1.434848484848485,31.04772004241782,128.61832896325035,30.8169487307118,147.52414757733249,45,125.0,0,7.5,49,136.11111111111111,2,8.166666666666668,-11.111111111111114,-0.6666666666666679,1
980995,2016-05-16,12,5,14,151.8653846153846,164.06666666666666,0.0,0.4,0,1,0,8,9,0.45614035087719296,0.45588235294117646,0.4,0.6666666666666666,0.4,0.6,3,3,190.0,159.2,7.343088063238921,7.473946953725018,162.04255319148936,177.13333333333333,161.26666666666668,17.60512079626004,16.75738198976372,2016,39.34128634559885,144.72102439428247,39.34128634559885,8.239407094628264,55.363524428684,137.0681614681615,1.4777777777777779,28.643000282581408,138.0708920538551,31.858908871917,8.22039371777707,30.454195187848537,93.47093295592921,1.4619047619047618,37.310471530784035,139.3538685980196,25.720852795861074,140.66419916948178,51,141.66666666666669,1,8.5,63,175.0,0,10.5,33.333333333333314,2.0,1
980997,2016-05-17,1,11,11,160.55555555555554,160.55555555555554,0.2,0.2,1,0,0,0,1,0.4262295081967213,0.42857142857142855,0.0,0.4,0.6,0.2,2,1,168.8,150.4,6.6867873152837545,7.541540454940284,162.47916666666666,158.06666666666666,153.83333333333334,18.34061250191664,15.614508083946415,2016,27.82040165447649,134.8591813842532,35.83280798792709,7.981757126774941,30.25058097890328,107.94295010108513,1.432638888888889,26.13126849748778,124.63121118012423,26.13126849748778,7.353035857998748,22.597419227738374,121.84115871459825,1.288888888888889,30.8169487307118,147.52414757733249,29.690619063532058,130.38074573806898,44,107.31707317073172,1,6.439024390243903,28,77.77777777777779,2,4.666666666666667,-29.53929539295393,-1.7723577235772359,0
980999,2016-05-18,9,12,23,170.0,187.66666666666666,0.3,0.1,0,1,0,10,7,0.46153846153846156,0.46551724137931033,0.5,0.4,0.4,0.5,2,4,164.6,189.6,7.473946953725018,7.471884685926699,161.6326530612245,152.8,182.26666666666668,14.680922454117395,16.766751635097012,2016,22.97117228064473,120.2262375694689,35.319216364160184,8.446940965332756,36.66482312476406,86.77916245813546,1.5561645299145297,38.86784979217642,141.62776124206093,42.002933876811596,8.18928360565997,45.4582099907493,136.1321173563279,1.4766666666666666,30.55000655780707,137.23916029095065,37.310471530784035,139.3538685980196,63,170.27027027027026,0,10.216216216216216,59,147.5,4,8.850000000000001,-22.77027027027026,-1.3662162162162144,0
981001,2016-05-19,2,5,17,167.0,167.0,0.2,0.0,0,1,0,1,0,0.7142857142857143,0.45588235294117646,0.0,0.6666666666666666,0.5,0.6,1,3,167.0,158.6,7.56771688246031,7.343088063238921,162.62,165.33333333333334,162.06666666666666,16.786515396141997,15.973363753209554,2016,27.855995669827553,132.8591522978762,29.861834880702805,8.341964101556192,39.653053505271906,117.07511061488323,1.4835648148148148,22.511439564009052,133.24922701037298,31.858908871917,7.914635596641508,29.85302258404426,91.66785374016845,1.416111111111111,28.772097335519714,134.81715820534535,25.720852795861074,140.66419916948178,55,141.02564102564102,3,8.461538461538462,44,112.82051282051282,2,6.769230769230769,28.205128205128204,1.6923076923076925,1
981003,2016-05-20,1,13,49,145.5,145.5,0.2,0.1,0,1,0,9,9,0.41935483870967744,0.484375,0.0,0.3333333333333333,0.5,0.8,1,4,163.2,153.0,7.541540454940284,7.228981446498258,161.86274509803923,156.0,153.26666666666668,17.67748316622685,14.737240413241143,2016,28.869713657010056,139.89639769929917,35.36508868968148,8.338252108324992,31.991510643568915,121.90742383395684,1.4749999999999999,24.729207789651433,122.88282594660024,33.87122691128227,7.913818748054235,32.05984882065334,84.85850703677801,1.3562500000000002,30.8169487307118,147.52414757733249,34.13412295736763,143.25787811139153,37,92.5,1,5.550000000000001,46,127.77777777777777,1,7.666666666666666,-35.27777777777777,-2.1166666666666654,1
981005,2016-05-21,11,9,11,156.6,156.6,0.2,0.2,0,0,1,0,1,0.42857142857142855,0.45454545454545453,0.4,0.4444444444444444,0.3,0.3,2,2,142.8,174.0,6.6867873152837545,7.471884685926699,161.78846153846155,151.30769230769232,154.53333333333333,15.113660868677787,16.31311551360635,2016,24.464672667444468,125.98352507593489,31.551682876285643,7.814922352941348,28.54045784628248,121.3150654118928,1.432638888888889,26.453938612838,127.48573107339652,35.319216364160184,8.335738519648054,38.149080045803785,108.16702042198666,1.5077056623931622,29.690619063532058,130.38074573806898,30.55000655780707,137.23916029095065,44,118.91891891891892,1,7.135135135135135,52,133.33333333333331,0,8.0,-14.414414414414395,-0.8648648648648649,1
981007,2016-05-21,7,2,17,124.0,124.0,0.2,0.2,1,0,0,0,1,0.5384615384615384,0.7142857142857143,0.5,0.0,0.6,0.5,3,2,163.4,161.0,7.56771688246031,7.176359235003536,161.78846153846155,166.4,162.15384615384616,16.433288596800995,16.331535995152205,2016,24.685916266668556,137.08590354502664,31.890207379162735,8.135129012807713,30.441252502812834,106.20413968090051,1.4679012345679012,27.855995669827553,132.8591522978762,29.861834880702805,8.341964101556192,39.653053505271906,117.07511061488323,1.4835648148148148,31.04772004241782,128.61832896325035,28.772097335519714,134.81715820534535,70,184.21052631578948,1,11.052631578947368,49,136.11111111111111,3,8.166666666666668,-48.099415204678365,-2.8859649122807003,0
981009,2016-05-22,13,5,14,152.45283018867926,163.26666666666668,0.0,0.1,0,1,0,4,12,0.47692307692307695,0.4492753623188406,0.3333333333333333,0.6666666666666666,0.7,0.5,3,2,159.4,146.4,7.343088063238921,7.228981446498258,162.16666666666666,151.46666666666667,158.13333333333333,14.64351366708667,15.77526937280096,2016,23.50000752096816,117.69728161347375,37.14449482683386,8.24612395823043,32.63549619173017,89.42701444021945,1.4650000000000003,25.45528829073699,130.08482672259274,31.858908871917,8.037502766703781,31.12742853439047,83.13221016319953,1.4291666666666667,34.13412295736763,143.25787811139153,25.720852795861074,140.66419916948178,48,133.33333333333331,2,8.0,48,133.33333333333331,1,8.0,-0.0,-0.0,0
981011,2016-05-22,12,1,49,148.0,148.0,0.1,0.4,1,1,0,8,6,0.46551724137931033,0.41935483870967744,0.4,0.0,0.6,0.5,4,2,193.6,162.4,7.541540454940284,7.473946953725018,162.16666666666666,187.33333333333334,155.13333333333333,17.017353722576548,17.19457978953404,2016,35.72320816014702,139.4970240706779,42.002933876811596,8.073175508808296,43.66214468926078,136.85612954297167,1.4546296296296297,22.9147057351365,138.8148604411163,31.784589823468334,8.197339395114662,32.801482882508644,106.8182612637488,1.4567901234567902,37.310471530784035,139.3538685980196,30.8169487307118,147.52414757733249,43,113.1578947368421,2,6.789473684210526,49,132.43243243243242,2,7.945945945945946,19.274537695590325,1.15647226173542,1
981013,2016-05-24,12,2,23,170.77358490566039,189.06666666666666,0.2,0.4,1,1,0,1,1,0.4745762711864407,0.7142857142857143,0.4,0.0,0.6,0.6,4,3,186.2,165.6,7.56771688246031,7.473946953725018,161.89285714285714,184.53333333333333,162.85714285714286,16.2555501547641,16.610925246375775,2016,39.59240612011027,132.97224343638212,58.323246376811596,7.549632426940263,36.762233516945585,126.28173301157048,1.3625,23.10274979539675,125.40637988151923,29.861834880702805,8.180113387144342,35.98747238836524,105.79387589273945,1.5068055555555555,37.310471530784035,139.3538685980196,28.772097335519714,134.81715820534535,23,63.888888888888886,3,3.833333333333333,31,81.57894736842105,5,4.894736842105263,17.69005847953217,1.0614035087719298,1
981015,2016-05-25,13,5,16,160.56,155.0,0.1,0.0,0,0,0,4,13,0.4696969696969697,0.4492753623188406,0.3333333333333333,0.6666666666666666,0.6,0.5,2,2,158.2,147.8,7.228981446498258,7.343088063238921,161.82456140350877,153.86666666666667,158.13333333333333,16.084332137713098,16.723547100418422,2016,25.287501365819214,131.26839850481346,35.48818597560976,7.970526930533975,33.584348034650496,95.66563460187545,1.378395061728395,24.375460936795456,133.2954825379384,31.858908871917,8.161258881058984,35.92127796531358,94.60036560293752,1.4532407407407406,34.13412295736763,143.25787811139153,25.720852795861074,140.66419916948178,43,116.21621621621621,1,6.972972972972972,46,127.77777777777777,1,7.666666666666666,-11.561561561561561,-0.6936936936936942,1
981017,2016-05-27,13,2,16,160.58823529411765,155.66666666666666,0.2,0.1,1,1,0,2,0,0.4696969696969697,0.7142857142857143,0.3333333333333333,0.0,0.6,0.5,2,3,163.2,172.0,7.56771688246031,7.228981446498258,161.82758620689654,157.13333333333333,162.53333333333333,16.477871355504167,15.949571838113883,2016,27.367357955465536,136.28093692190373,35.48818597560976,8.017607986435006,34.28428547837575,99.62704405531503,1.3340277777777776,25.16252815333685,127.87741454948073,29.861834880702805,8.270542595077446,36.42246105283243,111.55633296116241,1.5092013888888889,34.13412295736763,143.25787811139153,28.772097335519714,134.81715820534535,38,97.43589743589743,2,5.846153846153846,46,124.32432432432432,2,7.45945945945946,26.888426888426892,1.6133056133056138,1
981019,2016-05-29,13,12,23,170.53703703703704,187.2,0.4,0.1,0,1,1,9,9,0.47761194029850745,0.48333333333333334,0.3333333333333333,0.4,0.7,0.7,3,5,166.4,187.6,7.473946953725018,7.228981446498258,161.83050847457628,152.8,185.8,16.951435899994777,16.295768465691477,2016,25.287501365819214,131.26839850481346,35.48818597560976,7.970526930533975,33.584348034650496,95.66563460187545,1.378395061728395,36.19324988454245,129.88586140954024,58.323246376811596,7.743792282803246,36.79235571876645,121.29804839123727,1.4290123456790123,34.13412295736763,143.25787811139153,37.310471530784035,139.3538685980196,59,151.28205128205127,0,9.076923076923077,59,155.26315789473685,0,9.31578947368421,3.981106612685579,0.23886639676113397,1
1082591,2017-04-05,13,12,43,155.125,153.33333333333334,0.1,0.4,1,0,0,10,9,0.4852941176470588,0.48333333333333334,0.5,0.4,0.7,0.7,3,4,172.2,179.6,7.228981446498258,7.473946953725018,166.0,157.2,184.53333333333333,15.909680679411357,15.422174523712512,2017,27.795366162842935,136.64334377261804,33.87122691128227,7.935982876740873,34.783614066193856,93.03213717179257,1.2944444444444445,22.426256674042435,122.39011294229182,34.85332867364117,8.588691786218408,30.624568315562122,95.50830454843964,1.4849997299195161,34.13412295736763,143.25787811139153,37.310471530784035,139.3538685980196,59,155.26315789473685,1,9.31578947368421,54,142.10526315789474,1,8.526315789473685,13.15789473684211,0.7894736842105257,1
1082592,2017-04-06,7,11,31,164.44444444444446,164.44444444444446,0.2,0.2,0,0,0,1,1,0.5316455696202531,0.42857142857142855,0.5,0.4,0.6,0.4,2,2,166.0,144.8,6.6867873152837545,7.176359235003536,207.0,165.4,152.78571428571428,14.705027230525015,15.847059021617715,2017,26.041099995991157,133.95907513955657,32.10748899379535,8.310540522558462,31.86779749512024,109.7629555851779,1.482716049382716,28.558799384223885,131.69762616252967,32.254076038678804,9.109746826002567,27.144820162107397,122.02057308599778,1.3133333333333332,31.04772004241782,128.61832896325035,29.690619063532058,130.38074573806898,59,159.45945945945945,1,9.567567567567567,61,164.86486486486487,1,9.891891891891891,5.405405405405418,0.32432432432432456,0
1082593,2017-04-07,2,5,46,156.2,156.2,0.2,0.0,0,0,0,2,0,0.7142857142857143,0.44285714285714284,0.0,0.6666666666666666,0.4,0.4,2,2,172.8,148.6,7.56771688246031,7.343088063238921,195.5,162.6,155.66666666666666,15.716074649866837,15.717680938146595,2017,28.657201514559045,134.05110404651685,30.818949890449392,8.414682418826441,41.349677304964544,112.56300074502914,1.474722222222222,32.65698005698006,132.25929345494563,32.65698005698006,8.529553786998122,31.396128841607563,106.67763223366671,1.5166666666666666,28.772097335519714,134.81715820534535,25.720852795861074,140.66419916948178,52,140.54054054054055,1,8.432432432432433,73,192.10526315789474,0,11.526315789473685,-51.56472261735419,-3.0938833570412516,0
1082595,2017-04-08,12,1,25,167.0,167.0,0.5,0.1,0,1,1,9,6,0.47540983606557374,0.41935483870967744,0.3333333333333333,0.0,0.7,0.4,3,2,184.4,153.8,7.473946953725018,7.541540454940284,191.33333333333334,185.6,153.46666666666667,15.09108610025941,14.358231090998142,2017,29.263637722042542,123.80405685947004,52.61090443121693,8.619972212625479,32.0588992482063,93.86052676253915,1.5401234567901234,17.946173202662013,123.7675530268592,29.4049601938387,8.203787059258902,30.15926202607641,105.0131327412589,1.45,37.310471530784035,139.3538685980196,30.8169487307118,147.52414757733249,41,107.89473684210526,2,6.473684210526316,43,116.21621621621621,2,6.972972972972972,-8.32147937411095,-0.499288762446656,1
1082594,2017-04-08,11,9,20,137.5,137.5,0.2,0.2,0,0,0,1,1,0.42857142857142855,0.44776119402985076,0.4,0.4444444444444444,0.5,0.3,3,1,143.4,172.2,7.471884685926699,6.6867873152837545,191.33333333333334,154.86666666666667,158.93333333333334,15.388165227454339,14.9601441337508,2017,26.715636227941786,127.29189227610891,32.254076038678804,9.220235440740394,35.82524748421205,113.21669198923034,1.4394557823129255,28.607229058678243,137.93605114059363,34.40186099225936,8.272064303612028,32.099261199283085,104.09391064219896,1.4861111111111114,29.690619063532058,130.38074573806898,30.55000655780707,137.23916029095065,56,147.36842105263156,2,8.842105263157894,35,97.22222222222221,1,5.833333333333333,-50.14619883040935,-3.0087719298245608,0
1082596,2017-04-09,13,2,43,156.390243902439,156.66666666666666,0.2,0.1,1,1,0,3,0,0.4852941176470588,0.7142857142857143,0.5,0.0,0.7,0.3,4,2,182.0,159.8,7.228981446498258,7.56771688246031,178.8,161.53333333333333,163.93333333333334,15.49902254448376,16.10618348224325,2017,33.87122691128227,131.22034321481303,33.87122691128227,7.5986325071397305,26.79870961386919,100.21269677461628,1.05,23.365111952532807,122.38496937413055,31.570871623503198,8.466362497260546,38.22391527814462,104.98048085938552,1.529783950617284,34.13412295736763,143.25787811139153,28.772097335519714,134.81715820534535,59,163.88888888888889,1,9.833333333333332,40,111.11111111111111,2,6.666666666666667,52.77777777777777,3.166666666666665,1
1082597,2017-04-09,7,5,56,162.79591836734693,176.33333333333334,0.2,0.0,1,1,0,13,5,0.525,0.4507042253521127,0.5,0.6666666666666666,0.5,0.5,2,2,167.4,164.6,7.176359235003536,7.343088063238921,178.8,164.2,161.33333333333334,16.984886368454145,16.593786400787785,2017,26.261504124250056,137.98141453803038,31.890207379162735,8.108676132089371,30.626170970426344,110.92742049100755,1.45625,27.522633938510275,134.5536397290571,33.454246867255,8.123776135135166,29.99964525814758,100.9787652769173,1.4479166666666665,31.04772004241782,128.61832896325035,25.720852795861074,140.66419916948178,49,116.66666666666667,0,7.0,59,140.47619047619045,2,8.428571428571427,-23.809523809523782,-1.428571428571427,1
1082598,2017-04-10,9,12,20,146.0,146.0,0.2,0.4,1,0,1,10,8,0.44776119402985076,0.47540983606557374,0.4444444444444444,0.3333333333333333,0.4,0.7,2,3,169.8,173.6,7.471884685926699,7.473946953725018,172.42857142857142,161.13333333333333,184.73333333333332,15.661319963919855,15.615279048517529,2017,28.205601689976692,140.37747294838624,30.349893162393162,8.143319561918982,32.450827378120856,109.75664560848986,1.4708333333333334,24.002657122108108,127.16020734061642,31.537340388007053,8.96332322382687,31.678446895722562,115.80360102573728,1.5824074074074073,30.55000655780707,137.23916029095065,37.310471530784035,139.3538685980196,62,167.56756756756758,1,10.054054054054054,23,63.888888888888886,3,3.833333333333333,103.6786786786787,6.220720720720721,1
1082599,2017-04-11,1,11,31,166.4,166.4,0.2,0.1,0,0,0,0,2,0.4126984126984127,0.375,0.0,0.4,0.4,0.4,1,3,156.0,148.6,6.6867873152837545,7.541540454940284,169.375,156.0,157.66666666666666,15.427863912892002,13.937675067435968,2017,23.987191155337303,137.14409920711523,29.71388275276126,8.672858178931563,33.012034126728274,95.21029787852918,1.575925925925926,20.945416293673052,120.87947920390256,33.37686806147082,8.889377037641184,27.148112509730893,105.41232725085624,1.5863636363636362,30.8169487307118,147.52414757733249,29.690619063532058,130.38074573806898,50,128.2051282051282,3,7.692307692307693,62,155.0,1,9.3,26.794871794871796,1.6076923076923073,1
1082600,2017-04-12,7,13,56,163.1,176.66666666666666,0.2,0.2,1,1,0,10,8,0.525,0.4852941176470588,0.5,0.5,0.6,0.7,2,5,172.8,174.8,7.176359235003536,7.228981446498258,173.33333333333334,168.0,161.53333333333333,17.510309034166,16.341110569293548,2017,26.261504124250056,137.98141453803038,31.890207379162735,8.108676132089371,30.626170970426344,110.92742049100755,1.45625,23.426441711853386,132.50477324506394,34.03407969541652,7.880010242469276,33.30602789271656,86.7324579287607,1.391358024691358,31.04772004241782,128.61832896325035,34.13412295736763,143.25787811139153,61,169.44444444444443,2,10.166666666666666,34,94.44444444444444,0,5.666666666666666,74.99999999999999,4.5,1
1082601,2017-04-13,9,5,14,152.7962962962963,164.0,0.0,0.1,0,0,0,6,13,0.44776119402985076,0.4444444444444444,0.4444444444444444,0.6666666666666666,0.5,0.5,2,2,174.6,163.6,7.343088063238921,7.471884685926699,171.8,160.26666666666668,160.73333333333332,15.544631684376867,15.965630497235331,2017,24.403911601936546,125.96520018979712,35.69884599378981,8.492815791954623,31.918201872942834,98.25995230968839,1.585185185185185,26.541114713111284,135.59315881543256,29.142538915727325,8.103453510345854,30.095273714539005,91.38173678287241,1.4416666666666667,30.55000655780707,137.23916029095065,25.720852795861074,140.66419916948178,76,194.87179487179486,1,11.692307692307692,57,139.02439024390242,1,8.341463414634145,-55.847404627892445,-3.3508442776735468,0
1082603,2017-04-14,11,2,46,160.66666666666666,160.66666666666666,0.1,0.2,1,0,0,0,2,0.375,0.625,0.4,0.0,0.4,0.3,3,1,169.0,162.0,7.56771688246031,6.6867873152837545,171.63636363636363,160.46666666666667,163.4,15.390791255517843,14.402859190126009,2017,22.529800401576054,130.60857054684183,32.254076038678804,9.260094007655635,34.554858267734474,118.85690314396147,1.5292857142857144,28.082932508711092,133.37183007959374,29.861834880702805,8.486150476507605,41.416605382796874,115.15796899516981,1.504722222222222,29.690619063532058,130.38074573806898,28.772097335519714,134.81715820534535,61,164.86486486486487,0,9.891891891891891,64,168.42105263157893,2,10.105263157894736,3.5561877667140607,0.21337126600284506,0
1082602,2017-04-14,7,12,23,171.21818181818182,190.8,0.4,0.1,0,1,0,11,8,0.525,0.46774193548387094,0.5,0.3333333333333333,0.6,0.6,3,2,179.6,175.6,7.473946953725018,7.176359235003536,171.63636363636363,166.06666666666666,182.26666666666668,15.458233769419246,16.18957081944989,2017,25.299172474418405,135.92074755600578,31.890207379162735,8.253587765337814,30.44634702676437,109.66081421081432,1.4479166666666667,27.7861827401318,133.6220436414817,39.34128634559885,8.792773455457468,41.66049609721387,111.08627124509478,1.5301587301587303,31.04772004241782,128.61832896325035,37.310471530784035,139.3538685980196,41,107.89473684210526,0,6.473684210526316,21,56.75675675675676,4,3.4054054054054053,-51.1379800853485,-3.0682788051209107,1
1082605,2017-04-15,1,9,16,160.6153846153846,154.6,0.2,0.1,1,1,1,8,10,0.421875,0.4411764705882353,0.25,0.4444444444444444,0.4,0.4,2,2,155.8,172.8,7.541540454940284,7.471884685926699,169.30769230769232,163.13333333333333,164.2,16.622060782136135,14.703379917542739,2017,25.579317143749126,139.50583965351063,32.483420232825054,8.465850530750396,32.537972079993985,118.22764531705408,1.49375,23.37727685836816,124.47661667875391,34.40186099225936,8.39281250874974,32.23272869185165,85.03372733770033,1.5444444444444443,30.8169487307118,147.52414757733249,30.55000655780707,137.23916029095065,49,136.11111111111111,0,8.166666666666668,40,111.11111111111111,3,6.666666666666667,25.0,1.5000000000000009,1
1082604,2017-04-15,13,5,14,153.1090909090909,164.46666666666667,0.0,0.2,0,1,0,5,13,0.4782608695652174,0.4444444444444444,0.5,0.6666666666666666,0.6,0.5,4,3,174.0,172.8,7.343088063238921,7.228981446498258,169.30769230769232,162.53333333333333,162.6,16.802315196600357,16.68921805723284,2017,27.367357955465536,136.28093692190373,35.48818597560976,8.017607986435006,34.28428547837575,99.62704405531503,1.3340277777777776,25.788018553894887,133.80760798302535,31.858908871917,8.110842781325617,32.8042958196133,92.88301793278632,1.4506944444444443,34.13412295736763,143.25787811139153,25.720852795861074,140.66419916948178,40,105.26315789473684,2,6.315789473684211,45,121.62162162162163,0,7.297297297297297,16.358463726884793,0.9815078236130867,0
1082606,2017-04-16,2,7,56,163.0,174.6,0.1,0.1,0,0,0,2,0,0.625,0.5308641975308642,0.0,0.5,0.4,0.6,1,3,161.8,166.8,7.176359235003536,7.56771688246031,170.73333333333332,165.8,166.0,16.150239608150564,12.662703280674103,2017,29.53480017616049,135.85962516604118,31.650446247632278,10.970657088862085,33.81254743286658,121.26028784033646,1.3851851851851853,28.73970982780145,138.91817551028453,31.890207379162735,8.412235883947922,30.85887312185879,119.55398810875015,1.5046296296296298,28.772097335519714,134.81715820534535,31.04772004241782,128.61832896325035,56,133.33333333333331,1,8.0,46,121.05263157894737,1,7.2631578947368425,-12.280701754385944,-0.7368421052631575,0
1082607,2017-04-16,12,11,23,170.69642857142858,187.0,0.4,0.2,1,1,0,2,0,0.46774193548387094,0.3333333333333333,0.3333333333333333,0.4,0.6,0.4,1,2,172.4,179.0,7.473946953725018,6.6867873152837545,170.73333333333332,179.73333333333332,161.73333333333332,12.155351035370153,14.95173976581663,2017,21.492588503198128,115.68631288009932,36.592815776815776,8.570268358800377,36.767377182558896,99.00644005273897,1.5131313131313133,24.145214731909903,128.1404222239956,32.254076038678804,9.517315669738407,34.70456093858425,122.10498950727654,1.52636684303351,37.310471530784035,139.3538685980196,29.690619063532058,130.38074573806898,42,116.66666666666667,2,7.0,55,148.64864864864865,0,8.91891891891892,-31.981981981981974,-1.9189189189189193,0
1082609,2017-04-17,9,13,43,155.88095238095238,152.0,0.2,0.2,0,1,0,9,9,0.43478260869565216,0.4714285714285714,0.4444444444444444,0.5,0.4,0.6,2,3,168.2,176.0,7.228981446498258,7.471884685926699,170.47058823529412,166.6,166.13333333333333,15.597047869151126,16.051532884701793,2017,21.99232961150352,120.67044203997392,34.40186099225936,8.372170480353082,32.58373062895605,86.15187333730333,1.561111111111111,24.133050596158178,134.38616978171711,33.87122691128227,7.7367488419807895,32.08506420758895,86.5535889156834,1.3256944444444443,30.55000655780707,137.23916029095065,34.13412295736763,143.25787811139153,29,76.31578947368422,1,4.578947368421053,51,134.21052631578948,2,8.052631578947368,57.89473684210526,3.473684210526315,0
1082608,2017-04-17,5,1,16,161.1320754716981,156.46666666666667,0.3,0.0,0,0,1,10,7,0.4444444444444444,0.421875,0.6666666666666666,0.25,0.5,0.4,3,3,173.0,169.2,7.541540454940284,7.343088063238921,170.47058823529412,164.86666666666667,168.26666666666668,16.194480030534717,16.56431540057159,2017,25.788018553894887,133.80760798302535,31.858908871917,8.110842781325617,32.8042958196133,92.88301793278632,1.4506944444444443,23.281647822791662,134.35055799432683,32.483420232825054,8.262544257718117,31.328791904156407,120.93022877870908,1.5049382716049382,25.720852795861074,140.66419916948178,30.8169487307118,147.52414757733249,53,147.22222222222223,0,8.833333333333334,49,136.11111111111111,3,8.166666666666668,-11.111111111111114,-0.6666666666666661,1
1082610,2017-04-18,12,2,46,162.14285714285714,162.14285714285714,0.1,0.3,1,0,0,2,1,0.46774193548387094,0.5555555555555556,0.3333333333333333,0.0,0.5,0.4,1,1,163.0,165.4,7.56771688246031,7.473946953725018,169.73684210526315,177.53333333333333,165.53333333333333,14.059128914971511,13.989275073046752,2017,33.41837553360991,143.86036477880887,37.10104392135642,9.101969114074647,55.647643321513,119.5254081444871,1.5363636363636364,24.910460259532996,127.32994964316589,30.69333123788569,10.232523341158963,36.93609327595873,104.30404955404532,1.4557098765432097,37.310471530784035,139.3538685980196,28.772097335519714,134.81715820534535,57,154.05405405405406,2,9.243243243243244,45,125.0,0,7.5,-29.054054054054063,-1.7432432432432439,1
1082611,2017-04-19,1,13,43,155.95348837209303,153.13333333333333,0.2,0.3,0,0,1,10,9,0.421875,0.4714285714285714,0.25,0.5,0.4,0.6,2,3,171.2,166.2,7.228981446498258,7.541540454940284,171.9,166.73333333333332,163.8,16.477710283724612,15.767507525400811,2017,27.27983850534737,134.54296859955573,32.483420232825054,8.209913181418822,32.92269996059889,122.64402041674089,1.4416666666666664,30.211904426838828,129.44986787090858,37.14449482683386,8.165149543407539,32.849635539795116,87.37163862894108,1.3009259259259258,30.8169487307118,147.52414757733249,34.13412295736763,143.25787811139153,39,105.40540540540539,1,6.324324324324324,56,155.55555555555557,1,9.333333333333334,50.15015015015018,3.0090090090090102,0
1082612,2017-04-20,7,9,20,146.5,146.5,0.2,0.1,0,1,0,9,9,0.5308641975308642,0.42857142857142855,0.5,0.4444444444444444,0.6,0.3,4,2,167.6,165.6,7.471884685926699,7.176359235003536,172.8095238095238,168.26666666666668,168.0,16.382157327652592,16.296052556920934,2017,29.286110402507617,138.46894441132426,31.573081586545587,8.55197429441952,30.61729519003455,130.2519566596432,1.538888888888889,30.156506204233477,139.3634225672973,36.938603988603994,8.452424283436274,32.461270028712136,124.1885612043418,1.5333333333333334,31.04772004241782,128.61832896325035,30.55000655780707,137.23916029095065,46,127.77777777777777,1,7.666666666666666,82,215.78947368421052,1,12.947368421052632,88.01169590643275,5.280701754385966,1
1082613,2017-04-21,2,5,14,153.44642857142858,164.73333333333332,0.0,0.2,0,1,0,2,1,0.5555555555555556,0.4520547945205479,0.0,0.6666666666666666,0.3,0.6,1,4,175.6,174.2,7.343088063238921,7.56771688246031,173.95454545454547,168.26666666666668,165.4,16.988140261243068,13.255973333589269,2017,26.955071363403196,133.74154229785796,30.69333123788569,10.333978903672971,37.45324066038438,114.67891572740234,1.4050347222222221,27.197021204451296,136.98694877696298,31.858908871917,7.872641751315029,30.81738116345829,95.25710707469952,1.3849206349206347,28.772097335519714,134.81715820534535,25.720852795861074,140.66419916948178,65,180.55555555555557,1,10.833333333333334,72,194.5945945945946,1,11.675675675675677,14.03903903903904,0.8423423423423433,1
1082614,2017-04-22,7,1,56,163.25,171.26666666666668,0.2,0.4,1,0,0,9,9,0.5365853658536586,0.4153846153846154,0.5,0.25,0.7,0.4,5,2,170.4,181.8,7.176359235003536,7.541540454940284,174.52173913043478,170.13333333333333,168.53333333333333,15.675345138333228,16.682754348476244,2017,22.974787714984462,132.71091560254973,31.890207379162735,8.109162810641157,29.897529234314725,107.61574591661557,1.4538888888888888,23.484203083142624,135.2831711417256,32.483420232825054,8.466219686481557,31.48730487256296,107.21725285945132,1.530246913580247,31.04772004241782,128.61832896325035,30.8169487307118,147.52414757733249,48,120.0,2,7.199999999999999,23,60.526315789473685,5,3.6315789473684212,59.473684210526315,3.568421052631578,1
1082615,2017-04-22,13,11,31,169.9090909090909,169.9090909090909,0.2,0.3,0,0,0,1,1,0.4714285714285714,0.4,0.5,0.4,0.7,0.4,3,2,163.0,176.8,6.6867873152837545,7.228981446498258,174.52173913043478,168.13333333333333,160.13333333333333,12.91983419151018,15.627106388169667,2017,31.201074303032282,129.3831967702552,37.14449482683386,8.313825710592448,33.358451536643024,85.80237661113956,1.2833333333333334,29.051155431198193,129.92103887212846,32.254076038678804,10.014307834946898,36.454016801756154,121.04889840232893,1.5043650793650796,34.13412295736763,143.25787811139153,29.690619063532058,130.38074573806898,55,152.77777777777777,1,9.166666666666666,45,118.42105263157893,0,7.105263157894736,-34.35672514619884,-2.06140350877193,0
1082616,2017-04-23,9,2,46,168.5,168.5,0.1,0.3,1,0,0,1,1,0.42857142857142855,0.6,0.4444444444444444,0.0,0.3,0.4,1,2,172.6,176.4,7.56771688246031,7.471884685926699,173.28,171.66666666666666,167.73333333333332,15.544738796648682,14.41664430443874,2017,26.356809800233933,132.34145307462504,36.938603988603994,8.479065653272894,31.56990892524251,108.12753201436745,1.5534722222222221,22.612330446551702,122.23967355721882,29.861834880702805,8.513584873047643,36.936093275958726,100.57809202127378,1.550154320987654,30.55000655780707,137.23916029095065,28.772097335519714,134.81715820534535,50,138.88888888888889,2,8.333333333333332,50,138.88888888888889,1,8.333333333333332,-0.0,-0.0,1
1082617,2017-04-23,5,12,14,154.03508771929825,165.4,0.0,0.4,1,0,0,9,9,0.4520547945205479,0.47619047619047616,0.6666666666666666,0.42857142857142855,0.5,0.5,3,2,175.0,164.2,7.343088063238921,7.473946953725018,173.28,166.26666666666668,179.4,14.534908872082624,14.950861752348974,2017,21.806404436132677,124.9518428047501,31.858908871917,8.071379006936438,31.29264443446624,96.43145105855534,1.4590909090909092,23.61737799716376,120.67407168351842,39.34128634559885,8.596671909291885,36.35272244774606,99.61442369276595,1.5196969696969698,25.720852795861074,140.66419916948178,37.310471530784035,139.3538685980196,65,171.05263157894737,2,10.263157894736842,39,100.0,4,6.0,71.05263157894737,4.2631578947368425,1
1082618,2017-04-24,11,7,56,162.8490566037736,168.93333333333334,0.2,0.1,0,0,0,2,1,0.4,0.5365853658536586,0.4,0.5,0.5,0.7,2,5,175.2,163.2,7.176359235003536,6.6867873152837545,172.25925925925927,161.2,168.66666666666666,15.487961545744255,14.41097634970479,2017,25.83803175197007,127.65962027327248,32.254076038678804,9.461060858891116,35.98491206150605,112.5032136935655,1.5199404761904765,25.243023111591828,136.34312428059755,31.890207379162735,8.242506277938848,29.96978737151457,116.24459736175586,1.5166666666666666,29.690619063532058,130.38074573806898,31.04772004241782,128.61832896325035,44,118.91891891891892,1,7.135135135135135,48,129.72972972972974,0,7.783783783783784,10.810810810810821,0.6486486486486491,1
1082620,2017-04-26,11,5,31,170.41666666666666,170.41666666666666,0.1,0.0,1,0,0,0,2,0.45454545454545453,0.4520547945205479,0.4,0.6666666666666666,0.6,0.6,3,4,174.6,165.6,6.6867873152837545,7.343088063238921,171.82142857142858,164.0,162.6,15.934133187408673,14.13679783621333,2017,27.988437661163342,126.85832799203554,32.254076038678804,9.920411290361342,35.70683635062834,111.43646453989508,1.4488095238095238,25.63259739525949,140.2428488639265,25.63259739525949,7.961420084795098,29.661655338849485,85.75620833128573,1.4166666666666667,29.690619063532058,130.38074573806898,25.720852795861074,140.66419916948178,57,146.15384615384613,0,8.769230769230768,45,118.42105263157893,1,7.105263157894736,27.7327935222672,1.663967611336032,0
1082621,2017-04-27,2,12,23,170.52631578947367,186.66666666666666,0.3,0.2,0,1,0,1,3,0.6,0.46875,0.0,0.42857142857142855,0.3,0.4,2,1,187.0,159.0,7.473946953725018,7.56771688246031,172.17241379310346,170.0,175.4,15.043044557736867,10.984156812418705,2017,28.35007185340279,132.8641444026134,29.94140950483188,11.327067349387018,41.237510360172436,110.1556142056066,1.2769444444444442,24.95622097237037,124.41828399049491,39.34128634559885,8.832264232992605,38.07007781964688,97.29777981033259,1.523888618808405,28.772097335519714,134.81715820534535,37.310471530784035,139.3538685980196,35,92.10526315789474,3,5.526315789473684,49,128.94736842105263,2,7.7368421052631575,36.84210526315789,2.2105263157894735,1
1082622,2017-04-28,1,5,14,153.63793103448276,163.13333333333333,0.0,0.4,0,0,0,7,11,0.4090909090909091,0.4594594594594595,0.25,0.6666666666666666,0.3,0.7,2,4,178.8,168.0,7.343088063238921,7.541540454940284,170.9,166.53333333333333,162.4,16.978100488637345,15.428733253363484,2017,27.790488126397435,139.02812266670063,32.483420232825054,8.41793254776521,33.012034126728274,106.38408034737806,1.5175925925925924,23.26622510382236,129.87803582427588,29.142538915727325,8.188673565676307,30.355444739952713,87.96253228344078,1.4566666666666666,30.8169487307118,147.52414757733249,25.720852795861074,140.66419916948178,47,130.55555555555557,1,7.833333333333334,53,143.24324324324326,1,8.594594594594595,12.687687687687685,0.7612612612612608,0
1082623,2017-04-28,13,9,39,167.85714285714286,167.85714285714286,0.4,0.3,1,0,0,10,9,0.4647887323943662,0.43661971830985913,0.5,0.4444444444444444,0.7,0.3,2,1,171.2,180.6,7.471884685926699,7.228981446498258,170.9,168.06666666666666,171.6,15.492865165434738,14.691253849248902,2017,32.603065800011464,129.81554476989848,37.14449482683386,8.110199912447104,28.41956264775414,92.84210162042977,1.2522222222222221,20.11063449324265,119.14900568191663,28.88093522638977,8.379053414827533,32.18143017586991,91.62566305181932,1.5516666666666665,34.13412295736763,143.25787811139153,30.55000655780707,137.23916029095065,59,163.88888888888889,3,9.833333333333332,60,166.66666666666669,0,10.0,2.7777777777778,0.16666666666666785,1
1082624,2017-04-29,12,11,31,171.30769230769232,171.30769230769232,0.1,0.3,0,1,0,2,1,0.46875,0.45454545454545453,0.42857142857142855,0.4,0.3,0.6,1,3,156.2,170.0,6.6867873152837545,7.473946953725018,171.6875,172.66666666666666,163.13333333333333,11.485789469973678,15.769443261007677,2017,21.33468247577338,118.5246651154287,37.90402308802309,8.187633105618273,36.70369748549576,101.1582056886729,1.4021120293847564,30.30041090768173,129.11441570099544,32.254076038678804,10.319244090732957,36.43767730496454,125.55709078120745,1.4319047619047618,37.310471530784035,139.3538685980196,29.690619063532058,130.38074573806898,43,116.21621621621621,1,6.972972972972972,39,105.40540540540539,2,6.324324324324324,-10.810810810810821,-0.6486486486486482,0
1082626,2017-04-30,1,9,39,172.75,172.75,0.5,0.3,1,0,0,9,10,0.40298507462686567,0.43661971830985913,0.25,0.4444444444444444,0.3,0.3,1,1,169.8,188.0,7.471884685926699,7.541540454940284,171.24242424242425,164.8,175.13333333333333,13.86530467150174,16.922667914225727,2017,19.924638822634808,118.26486196869041,32.483420232825054,8.253204960397403,31.179551784880925,102.88758567988295,1.5505050505050504,33.48397435897436,139.66624677284574,33.48397435897436,8.529553786998122,31.396128841607563,125.73735745712149,1.5166666666666666,30.8169487307118,147.52414757733249,30.55000655780707,137.23916029095065,50,131.57894736842107,0,7.894736842105264,25,67.56756756756756,3,4.054054054054054,-64.0113798008535,-3.8406827880512093,0
1082627,2017-04-30,5,13,43,156.75,155.2,0.4,0.0,0,1,0,14,5,0.4594594594594595,0.4722222222222222,0.6666666666666666,0.6,0.7,0.7,4,3,165.6,181.0,7.228981446498258,7.343088063238921,171.24242424242425,162.13333333333333,172.73333333333332,15.794125759453987,15.96465107868046,2017,22.67775432625261,128.60930975555388,29.93153759820426,8.177037004700383,32.8042958196133,82.53008646502929,1.473611111111111,34.174884881593286,130.5435426375,37.14449482683386,8.142857142857142,27.77445330969267,86.93497996671371,1.2361111111111112,25.720852795861074,140.66419916948178,34.13412295736763,143.25787811139153,79,202.56410256410254,0,12.153846153846153,44,122.22222222222223,2,7.333333333333334,-80.34188034188031,-4.820512820512819,0
1082628,2017-05-01,12,7,56,162.7962962962963,167.4,0.2,0.3,0,1,1,8,12,0.46153846153846156,0.5365853658536586,0.42857142857142855,0.5,0.2,0.7,1,4,159.2,163.6,7.176359235003536,7.473946953725018,169.34285714285716,173.06666666666666,166.73333333333332,15.76289189304741,14.458270149529906,2017,25.69814252523076,130.55494020897248,37.90402308802309,9.38268748347694,43.71626616361161,104.90680306750355,1.5924873737373737,26.093263383509314,135.6574303647225,31.890207379162735,8.282423117204576,30.616803500546826,120.59831421081432,1.4958333333333333,37.310471530784035,139.3538685980196,31.04772004241782,128.61832896325035,55,148.64864864864865,1,8.91891891891892,52,140.54054054054055,2,8.432432432432433,-8.108108108108098,-0.48648648648648596,0
1082629,2017-05-01,2,11,31,170.28571428571428,170.28571428571428,0.1,0.2,0,0,0,3,0,0.6363636363636364,0.45454545454545453,0.0,0.4,0.3,0.6,2,4,179.6,167.2,6.6867873152837545,7.56771688246031,169.34285714285716,169.0,163.0,12.567968338889068,12.971726246871613,2017,23.1470766940453,122.1105496858746,30.69333123788569,9.85774869837036,40.42271352073192,101.29570494460428,1.433433014354067,27.24792914510865,127.87201752571528,32.254076038678804,9.716013471169234,35.82524748421205,109.58953196390101,1.5085034013605443,28.772097335519714,134.81715820534535,29.690619063532058,130.38074573806898,43,113.1578947368421,4,6.789473684210526,55,152.77777777777777,1,9.166666666666666,39.619883040935676,2.3771929824561404,0
1082630,2017-05-02,13,1,16,161.25925925925927,158.13333333333333,0.3,0.5,0,0,0,10,10,0.4722222222222222,0.39705882352941174,0.6,0.25,0.7,0.3,4,0,188.4,145.6,7.541540454940284,7.228981446498258,168.9189189189189,176.93333333333334,159.33333333333334,15.421309690152112,17.14237924682074,2017,32.603065800011464,129.81554476989848,37.14449482683386,8.110199912447104,28.41956264775414,92.84210162042977,1.2522222222222221,27.790488126397435,139.02812266670063,32.483420232825054,8.41793254776521,33.012034126728274,106.38408034737806,1.5175925925925924,34.13412295736763,143.25787811139153,30.8169487307118,147.52414757733249,62,172.22222222222223,1,10.333333333333334,66,183.33333333333331,1,11.0,11.111111111111086,0.6666666666666661,0
1082631,2017-05-03,11,5,14,153.74576271186442,162.66666666666666,0.1,0.1,0,1,0,0,3,0.45454545454545453,0.4533333333333333,0.4,0.5,0.6,0.7,4,3,167.2,173.8,7.343088063238921,6.6867873152837545,169.3421052631579,162.93333333333334,165.53333333333333,15.797724553438048,13.36547539370029,2017,25.83803175197007,127.65962027327248,32.254076038678804,9.461060858891116,35.98491206150605,112.5032136935655,1.5199404761904765,20.76516639591094,126.45157610781015,31.858908871917,8.080886575876525,31.671908877912863,94.15078664060135,1.4611111111111108,29.690619063532058,130.38074573806898,25.720852795861074,140.66419916948178,41,113.88888888888889,3,6.833333333333333,74,194.73684210526315,2,11.68421052631579,80.84795321637426,4.850877192982456,1
1082632,2017-05-04,2,1,16,161.6909090909091,159.53333333333333,0.3,0.2,0,0,0,1,1,0.5833333333333334,0.39705882352941174,0.0,0.25,0.3,0.3,2,1,176.6,149.0,7.541540454940284,7.56771688246031,168.97435897435898,171.33333333333334,160.86666666666667,14.727749533351016,13.418048378595774,2017,24.32117454524729,125.44702749708586,30.69333123788569,10.119092358820419,36.996447838470324,106.01088805398726,1.4223765432098763,29.086516786159677,135.7784708181312,32.483420232825054,8.517732272198874,34.6623576187406,114.99422975018699,1.4944444444444445,28.772097335519714,134.81715820534535,30.8169487307118,147.52414757733249,63,165.78947368421052,1,9.947368421052632,58,161.11111111111111,2,9.666666666666668,-4.678362573099406,-0.280701754385964,0
1082633,2017-05-05,12,9,23,169.89655172413794,181.66666666666666,0.2,0.4,1,1,0,8,11,0.45454545454545453,0.43661971830985913,0.42857142857142855,0.4444444444444444,0.2,0.4,1,2,159.4,163.8,7.473946953725018,7.471884685926699,169.95,167.33333333333334,168.66666666666666,14.511690155298828,14.706791333764482,2017,24.59861897840474,121.50022588979074,39.34128634559885,8.469444940720164,35.64320034929115,98.04667857238924,1.4985442661913253,24.19988031625732,124.55835945597875,35.641618987073535,8.372575805405127,31.67686265332347,90.26318885418216,1.5537037037037034,37.310471530784035,139.3538685980196,30.55000655780707,137.23916029095065,46,127.77777777777777,3,7.666666666666666,35,97.22222222222221,2,5.833333333333333,30.555555555555557,1.833333333333333,0
1082634,2017-05-06,13,11,43,157.9111111111111,156.33333333333334,0.4,0.1,1,1,0,1,2,0.4657534246575342,0.5,0.6,0.4,0.6,0.6,3,4,193.6,163.0,7.228981446498258,6.6867873152837545,169.17073170731706,177.33333333333334,160.53333333333333,13.04369254426318,16.037851033166678,2017,24.442588241061074,122.64627759154007,37.14449482683386,8.041822355310622,29.065635238000063,88.61195075993837,1.3911111111111114,24.356028223973397,128.97354896966135,32.254076038678804,9.40272681032196,35.39676503078835,114.44730106094711,1.5603174603174603,34.13412295736763,143.25787811139153,29.690619063532058,130.38074573806898,47,130.55555555555557,2,7.833333333333334,35,94.5945945945946,1,5.675675675675675,35.960960960960975,2.1576576576576585,0
1082635,2017-05-06,7,1,16,162.51785714285714,161.13333333333333,0.4,0.1,0,0,0,10,9,0.5365853658536586,0.39705882352941174,0.5,0.25,0.7,0.4,4,2,167.6,152.4,7.541540454940284,7.176359235003536,169.17073170731706,165.93333333333334,162.66666666666666,16.315071552776484,13.124416441950359,2017,29.1649668625984,134.81434311696944,32.25207553662838,9.004677548684752,32.13142197790903,99.45749695823864,1.6022222222222222,19.621740871578552,118.18113807441941,32.483420232825054,8.26317817123069,30.896349956030164,106.28138607954847,1.5085858585858587,31.04772004241782,128.61832896325035,30.8169487307118,147.52414757733249,35,97.22222222222221,5,5.833333333333333,60,157.89473684210526,0,9.473684210526315,60.672514619883046,3.640350877192982,1
1082636,2017-05-07,12,5,23,169.35593220338984,178.8,0.1,0.1,1,0,0,9,10,0.45454545454545453,0.4533333333333333,0.42857142857142855,0.5,0.2,0.6,0,3,144.4,167.4,7.473946953725018,7.343088063238921,169.67441860465115,164.33333333333334,169.0,17.38303423468685,14.743545347577223,2017,29.8900788440279,139.5058058381591,39.34128634559885,9.392347762295165,44.77737921409698,107.4458308584138,1.5826839826839827,27.134729662799838,138.47650515361423,31.534956401623067,8.025400166317526,34.76192850810536,101.20268100961626,1.4518518518518517,37.310471530784035,139.3538685980196,25.720852795861074,140.66419916948178,40,108.10810810810811,3,6.486486486486487,105,276.3157894736842,0,16.57894736842105,-168.2076813655761,-10.092460881934564,0
1082637,2017-05-07,9,2,39,161.0,161.0,0.4,0.3,0,0,0,2,1,0.4444444444444444,0.5384615384615384,0.4444444444444444,0.0,0.5,0.3,3,2,159.6,175.6,7.471884685926699,7.56771688246031,169.67441860465115,165.8,174.66666666666666,12.84689746251474,16.284481303321915,2017,30.22710955710956,140.2928968149687,35.593162393162395,8.220566406934811,32.2398876708182,115.31125797504595,1.48,28.271743848418993,133.86765995644615,30.69333123788569,10.920371803723171,39.6530535052719,121.49980225065798,1.3418981481481482,30.55000655780707,137.23916029095065,28.772097335519714,134.81715820534535,44,115.78947368421053,1,6.947368421052632,58,156.75675675675674,0,9.405405405405405,-40.96728307254621,-2.4580369843527734,0
1082638,2017-05-08,7,13,43,157.69565217391303,153.86666666666667,0.3,0.2,0,1,1,11,8,0.5421686746987951,0.4657534246575342,0.6,0.6,0.8,0.5,4,2,174.8,185.0,7.228981446498258,7.176359235003536,169.84444444444443,169.46666666666667,176.66666666666666,17.291380332887204,15.282018626781614,2017,23.417451343600476,132.16724043985735,32.25207553662838,8.549050261698257,29.807064286801467,100.55752640334907,1.537037037037037,30.73681672116107,130.646745340565,34.03407969541652,7.6435332457804375,29.78478132387707,103.53712259532692,1.1566666666666667,31.04772004241782,128.61832896325035,34.13412295736763,143.25787811139153,43,119.44444444444444,1,7.166666666666666,36,94.73684210526315,2,5.684210526315789,-24.707602339181292,-1.4824561403508767,0
1082639,2017-05-09,9,5,39,163.8,163.8,0.5,0.1,0,0,0,6,14,0.4444444444444444,0.4605263157894737,0.4444444444444444,0.5,0.4,0.7,3,3,157.8,172.8,7.471884685926699,7.343088063238921,169.15217391304347,166.73333333333332,167.33333333333334,16.331526782662355,16.06548750383689,2017,23.30690547953129,133.54349884508545,28.88093522638977,8.266881526050403,32.74129857803375,115.10053119572655,1.495679012345679,25.666536377534662,132.8114818524628,31.534956401623067,8.177037004700383,32.8042958196133,90.06407785677929,1.473611111111111,30.55000655780707,137.23916029095065,25.720852795861074,140.66419916948178,41,107.89473684210526,2,6.473684210526316,61,169.44444444444443,1,10.166666666666666,-61.54970760233917,-3.69298245614035,1
1082640,2017-05-10,2,1,17,148.0,148.0,0.4,0.5,0,0,0,1,2,0.5714285714285714,0.39705882352941174,0.0,0.25,0.4,0.4,2,2,176.0,166.4,7.56771688246031,7.541540454940284,169.10638297872342,170.73333333333332,167.06666666666666,16.04441775331336,12.01983820548489,2017,26.92169880884893,134.04773783812598,30.69333123788569,10.591753920340807,38.318542348781065,116.66063275249924,1.3890873015873013,20.902327657149108,127.31116843480679,32.483420232825054,8.354789802854862,31.827712815540405,113.51067908865771,1.4899999999999998,28.772097335519714,134.81715820534535,30.8169487307118,147.52414757733249,50,131.57894736842107,2,7.894736842105264,64,177.77777777777777,2,10.666666666666666,-46.1988304093567,-2.7719298245614024,0
1082641,2017-05-11,9,7,56,162.78181818181818,167.73333333333332,0.2,0.5,0,0,0,9,10,0.4444444444444444,0.5357142857142857,0.4444444444444444,0.6,0.4,0.8,3,3,153.6,162.8,7.176359235003536,7.471884685926699,169.64583333333334,169.6,166.86666666666667,15.995865508175534,16.240921544486323,2017,26.199773257045983,137.45213193942124,28.88093522638977,8.220566406934811,32.2398876708182,107.94973880205137,1.48,25.378723670641442,133.5095740662681,32.25207553662838,8.592978721230748,30.295271266313623,105.93971720376771,1.5631944444444446,30.55000655780707,137.23916029095065,31.04772004241782,128.61832896325035,68,178.94736842105263,0,10.736842105263158,71,182.05128205128204,1,10.923076923076923,3.103913630229414,0.18623481781376583,1
1082642,2017-05-12,11,1,16,163.3859649122807,165.53333333333333,0.5,0.1,0,0,1,2,1,0.5384615384615384,0.4057971014492754,0.4,0.25,0.7,0.4,4,3,160.6,173.4,7.541540454940284,6.6867873152837545,170.87755102040816,161.26666666666668,166.33333333333334,15.342425026655972,13.036459392651006,2017,25.83803175197007,127.65962027327248,32.254076038678804,9.461060858891116,35.98491206150605,112.5032136935655,1.5199404761904765,21.788300571435514,123.33873569833388,32.483420232825054,8.320693765912253,32.082074068549176,110.17444381664228,1.4969135802469136,29.690619063532058,130.38074573806898,30.8169487307118,147.52414757733249,54,150.0,2,9.0,53,139.4736842105263,2,8.368421052631579,-10.5263157894737,-0.6315789473684212,0
1082644,2017-05-13,5,7,14,153.76666666666668,161.6,0.1,0.3,1,1,0,5,14,0.45454545454545453,0.5357142857142857,0.5,0.6,0.6,0.7,2,2,169.8,180.4,7.343088063238921,7.176359235003536,170.82,170.2,172.13333333333333,14.437163269476603,16.418267455096906,2017,22.572359138657767,125.6251943225099,31.534956401623067,8.12127579701808,32.493030672784656,93.42550470966586,1.4822222222222219,29.186026792945587,133.33727811204815,32.87922164990598,8.701515109142646,32.081338251915824,107.35507852394552,1.5365079365079366,25.720852795861074,140.66419916948178,31.04772004241782,128.61832896325035,53,139.4736842105263,3,8.368421052631579,51,127.49999999999999,1,7.6499999999999995,11.973684210526315,0.7184210526315793,0
1082643,2017-05-13,2,13,17,163.66666666666666,163.66666666666666,0.5,0.3,0,0,0,0,4,0.5714285714285714,0.4657534246575342,0.0,0.6,0.4,0.5,2,3,177.4,177.4,7.56771688246031,7.228981446498258,170.82,175.46666666666667,174.46666666666667,15.628899999672345,13.652453590700087,2017,20.839014944474116,120.3265006906045,30.69333123788569,9.5852825986755,39.51128672335251,96.31325980353846,1.4051501860712388,32.10450713998345,130.8626258321624,34.03407969541652,7.698974380354798,29.654587765957444,105.61691606467147,1.0986111111111112,28.772097335519714,134.81715820534535,34.13412295736763,143.25787811139153,61,169.44444444444443,0,10.166666666666666,47,127.02702702702702,2,7.621621621621621,42.41741741741741,2.545045045045045,0
1082646,2017-05-14,12,1,16,163.4655172413793,164.06666666666666,0.4,0.1,0,1,1,10,6,0.45454545454545453,0.4057971014492754,0.42857142857142855,0.25,0.1,0.4,0,4,149.8,193.6,7.541540454940284,7.473946953725018,170.53846153846155,160.8,169.46666666666667,16.21078353907347,13.798100468351535,2017,25.279868474985662,132.49369797410475,37.10104392135642,8.155634661685387,39.48123418539478,100.05015677262196,1.3765151515151515,18.757473194810874,112.53226644510515,32.483420232825054,8.173182847994369,32.20708020938337,100.82684062500302,1.4671717171717171,37.310471530784035,139.3538685980196,30.8169487307118,147.52414757733249,42,113.51351351351352,2,6.8108108108108105,37,100.0,1,6.0,-13.513513513513516,-0.8108108108108105,1
1082645,2017-05-14,9,11,31,169.66666666666666,169.66666666666666,0.0,0.6,0,0,0,2,1,0.4520547945205479,0.5,0.5,0.4,0.5,0.7,4,4,158.2,157.8,6.6867873152837545,7.471884685926699,170.53846153846155,173.0,165.6,11.575340570880229,15.729516205962879,2017,20.24377224834469,123.47029942272243,28.88093522638977,8.28892281433571,32.441966101232964,98.95344082959711,1.5404320987654323,29.690619063532058,130.38074573806898,29.690619063532058,10.666666666666666,22.597419227738374,121.51076470828792,1.2222222222222223,30.55000655780707,137.23916029095065,29.690619063532058,130.38074573806898,43,116.21621621621621,1,6.972972972972972,32,84.21052631578947,5,5.052631578947368,-32.005689900426745,-1.9203413940256038,0
1082647,2017-05-16,11,7,56,163.98214285714286,170.6,0.3,0.0,0,0,0,3,1,0.5,0.5411764705882353,0.4,0.6,0.8,0.7,4,3,141.0,183.0,7.176359235003536,6.6867873152837545,168.55555555555554,162.4,175.4,15.478351446985622,11.890936599829008,2017,30.30041090768173,129.11441570099544,32.254076038678804,10.319244090732957,36.43767730496454,125.55709078120745,1.4319047619047618,21.31709004196535,122.70547724106572,32.46935715126099,8.341612874163044,29.147096626731045,103.18336591746929,1.5015151515151515,29.690619063532058,130.38074573806898,31.04772004241782,128.61832896325035,42,110.5263157894737,3,6.631578947368421,33,89.1891891891892,2,5.351351351351351,-21.337126600284506,-1.2802275960170704,1
1082648,2017-05-17,5,13,23,169.16666666666666,181.93333333333334,0.3,0.1,1,1,0,14,6,0.45454545454545453,0.47297297297297297,0.5,0.6,0.5,0.6,1,3,172.4,166.8,7.228981446498258,7.343088063238921,168.43636363636364,170.33333333333334,173.93333333333334,14.862237265222705,15.500967677272989,2017,27.345756449669494,123.34443118616169,31.534956401623067,8.286143029598497,31.988331644714624,78.40568492809872,1.4944444444444442,28.083819252390846,128.44323527106718,37.14449482683386,8.299183291521313,31.49074602802114,98.7276993302535,1.3819444444444446,25.720852795861074,140.66419916948178,34.13412295736763,143.25787811139153,30,83.33333333333334,1,5.0,48,137.14285714285714,3,8.228571428571428,53.809523809523796,3.2285714285714278,1
1082649,2017-05-19,7,5,23,168.49180327868854,175.4,0.3,0.1,0,1,0,15,5,0.5411764705882353,0.46153846153846156,0.6,0.5,0.6,0.5,2,2,183.0,156.2,7.176359235003536,7.343088063238921,167.71428571428572,172.46666666666667,168.06666666666666,15.996415377085494,13.785426413380966,2017,28.117421209692612,131.17164678262245,32.46935715126099,8.669270544485947,31.998740781081278,106.13861078348656,1.5037037037037038,19.725056916029178,119.50959114870217,33.454246867255,8.200065057733052,32.130184826993336,91.45203757757447,1.4904040404040406,31.04772004241782,128.61832896325035,25.720852795861074,140.66419916948178,36,97.2972972972973,3,5.837837837837839,25,67.56756756756756,3,4.054054054054054,29.72972972972974,1.7837837837837842,1
1082650,2017-05-21,11,7,43,157.27659574468086,154.06666666666666,0.3,0.0,1,0,1,4,1,0.5333333333333333,0.5411764705882353,0.4,0.6,0.8,0.6,4,2,141.2,162.0,7.176359235003536,6.6867873152837545,166.64912280701753,161.73333333333332,168.13333333333333,14.746534180763694,13.370552086250614,2017,26.271339423854293,126.76040106548373,32.254076038678804,9.599837187873192,35.90622602947631,114.50253900579823,1.470408163265306,24.761772869953806,128.35512313998413,32.46935715126099,8.595945292069914,31.099882681489653,113.3409168492654,1.558641975308642,29.690619063532058,130.38074573806898,31.04772004241782,128.61832896325035,32,86.48648648648648,2,5.1891891891891895,38,102.7027027027027,1,6.162162162162161,16.21621621621621,0.9729729729729719,0
1136561,2018-04-07,0,7,56,163.94736842105263,171.26666666666668,0.2,0.2,0,1,0,10,12,0.5178571428571429,0.5411764705882353,0.6,0.6,0.4,0.6,2,3,155.4,160.2,7.176359235003536,7.4133771625965945,172.46666666666667,162.86666666666667,164.46666666666667,11.898567410271085,17.390849840274825,2018,23.355692907804574,128.35558558630188,32.79644794931419,8.000975279894039,29.1174970767565,104.4227855391263,1.4606060606060607,28.50051009213743,139.14375966838807,31.127451769567205,10.78748232123329,31.680239772333977,115.07775452026584,1.325,34.45731633272617,131.71087955418488,31.04772004241782,128.61832896325035,39,105.40540540540539,2,6.324324324324324,42,116.66666666666667,2,7.0,11.261261261261282,0.6756756756756763,1
1136562,2018-04-08,1,9,38,167.0,167.0,0.4,0.5,0,0,0,9,11,0.4057971014492754,0.44594594594594594,0.25,0.5,0.4,0.5,3,3,188.8,159.4,7.541540454940284,7.471884685926699,165.0,169.66666666666666,163.8,15.660845762715827,17.200970651986285,2018,25.528888254430484,133.5131408973396,32.44243257850407,7.892914851398885,31.940754479283314,102.90895378056754,1.4277777777777778,30.042397551190117,135.7657967175389,36.07788724239628,8.525282920236513,31.576375456694606,131.18474925686527,1.5425925925925927,30.8169487307118,147.52414757733249,30.55000655780707,137.23916029095065,45,118.42105263157893,1,7.105263157894736,73,202.77777777777777,2,12.166666666666666,-84.35672514619884,-5.06140350877193,0
1136563,2018-04-08,5,12,14,154.08196721311475,160.93333333333334,0.1,0.1,1,1,0,11,9,0.45569620253164556,0.4626865671641791,0.5,0.42857142857142855,0.5,0.2,2,1,146.6,155.2,7.473946953725018,7.343088063238921,165.0,163.0,162.33333333333334,13.547596032193095,15.485778412232515,2018,25.54632454115567,142.74293108062795,31.154465502291597,8.350417929894789,28.936191870716673,121.25319700124201,1.498611111111111,27.526163496734828,129.31272171188405,36.55048773448774,10.536402970787476,38.88533012495778,105.25960162861061,1.542857142857143,25.720852795861074,140.66419916948178,37.310471530784035,139.3538685980196,52,140.54054054054055,1,8.432432432432433,68,178.94736842105263,2,10.736842105263158,38.40682788051208,2.304409672830724,1
1136564,2018-04-09,13,10,42,167.0,167.0,0.3,0.3,1,1,0,5,11,0.47297297297297297,0.4126984126984127,0.6,0.5,0.6,0.5,2,2,150.6,185.2,7.369295210659598,7.228981446498258,169.0,171.66666666666666,172.13333333333333,15.011074341372604,13.91733053753577,2018,31.879578479323282,126.76406392986252,31.879578479323282,9.226404550314568,26.93075256107171,84.90511111408945,1.5796296296296297,21.770738053997047,128.40692179975193,33.45636500583738,8.444702960432563,28.41989611062921,123.59651992507578,1.5001443001443002,34.13412295736763,143.25787811139153,34.64819296282663,142.39612625551993,48,126.3157894736842,1,7.578947368421052,57,146.15384615384613,1,8.769230769230768,19.838056680161927,1.190283400809716,1
1136565,2018-04-10,5,0,26,167.0,167.0,0.1,0.2,0,0,0,6,10,0.4625,0.5263157894736842,0.5,0.6,0.5,0.5,2,3,150.2,164.6,7.343088063238921,7.4133771625965945,158.0,162.86666666666667,161.66666666666666,17.823970513687243,15.449133495354257,2018,27.230939925771054,143.43704391233544,31.154465502291597,8.592788208289768,29.469799929324733,131.51305662691047,1.509722222222222,27.980029544062166,132.75113212717454,32.79644794931419,8.047423765775891,32.089780803860954,117.46807637615304,1.4769841269841268,25.720852795861074,140.66419916948178,34.45731633272617,131.71087955418488,64,172.97297297297297,2,10.378378378378379,75,208.33333333333334,1,12.5,-35.360360360360374,-2.121621621621621,0
1136566,2018-04-11,10,1,47,155.6969696969697,158.86666666666667,0.3,0.3,1,0,0,10,6,0.4126984126984127,0.4057971014492754,0.5,0.25,0.4,0.4,1,2,172.4,180.4,7.369295210659598,7.541540454940284,166.8,168.6,171.53333333333333,16.972949133266724,17.58761795084827,2018,25.75395827050812,138.31886304626752,33.45636500583738,8.354167678800625,28.287116442321608,120.81540329599109,1.4849206349206352,26.386089889993897,146.9299094320703,28.078004910796462,8.149371211816375,32.26542363994118,108.29840867766563,1.4361111111111111,34.64819296282663,142.39612625551993,30.8169487307118,147.52414757733249,51,141.66666666666669,2,8.5,60,162.16216216216216,4,9.72972972972973,-20.495495495495476,-1.2297297297297298,1
1136567,2018-04-12,7,13,42,125.0,125.0,0.2,0.3,0,0,0,11,9,0.5411764705882353,0.48,0.6,0.6,0.5,0.6,3,3,147.2,138.6,7.176359235003536,7.228981446498258,164.5,163.6,166.13333333333333,15.28834224281507,12.271192355739508,2018,21.88899778990443,126.36685977448403,31.127451769567205,9.74998678338849,31.732323909349084,99.57072129063985,1.3816666666666666,22.240901779912,119.64396328487807,33.56057021486047,8.265569789548083,31.183674478216815,75.76568077553706,1.4934343434343433,31.04772004241782,128.61832896325035,34.13412295736763,143.25787811139153,54,145.94594594594594,3,8.756756756756756,56,155.55555555555557,0,9.333333333333334,-9.609609609609635,-0.5765765765765778,0
1136568,2018-04-13,9,12,25,157.0,157.0,0.5,0.1,0,0,0,12,8,0.4533333333333333,0.4626865671641791,0.5,0.42857142857142855,0.6,0.2,3,1,165.0,159.0,7.471884685926699,7.473946953725018,162.0,163.4,163.53333333333333,12.037334636829488,15.534896507043918,2018,20.802029381504507,122.52684564989694,32.97556102173174,8.298750904308532,33.600720509353785,102.70640373745097,1.5839646464646469,26.081486809642975,128.92023643617017,36.55048773448774,10.17890167105708,38.66248437215857,108.71452465018643,1.55,30.55000655780707,137.23916029095065,37.310471530784035,139.3538685980196,50,138.88888888888889,3,8.333333333333332,41,113.88888888888889,2,6.833333333333333,25.0,1.4999999999999991,0
1136570,2018-04-14,13,5,14,154.43548387096774,159.2,0.2,0.2,0,1,0,6,15,0.4868421052631579,0.4625,0.6,0.5,0.6,0.4,4,2,138.4,157.2,7.343088063238921,7.228981446498258,161.125,162.13333333333333,165.0,15.416784789047885,15.927459198020077,2018,27.475344108074456,128.21283433329816,33.56057021486047,8.477620479139047,33.01897585275245,81.02237364500498,1.4849206349206348,24.329328812829495,135.0269542777866,34.12819944031124,8.316444452437374,29.169497740688243,115.19553973348451,1.5098765432098764,34.13412295736763,143.25787811139153,25.720852795861074,140.66419916948178,49,136.11111111111111,1,8.166666666666668,46,114.99999999999999,2,6.8999999999999995,-21.11111111111113,-1.2666666666666684,1
1136569,2018-04-14,1,7,56,163.9655172413793,166.6,0.2,0.3,0,1,0,9,11,0.4,0.5411764705882353,0.25,0.6,0.4,0.5,2,2,168.6,142.0,7.176359235003536,7.541540454940284,161.125,171.26666666666668,162.86666666666667,13.50132971390866,16.630620455830023,2018,30.749130262352104,139.70615140392385,32.802016724053125,8.147531699132971,32.05348843913971,115.03307005142703,1.4133333333333333,25.93041601475672,135.49850734012432,31.127451769567205,10.347584598278702,31.39753796253801,106.64058093558849,1.4700617283950619,30.8169487307118,147.52414757733249,31.04772004241782,128.61832896325035,84,221.0526315789474,0,13.263157894736842,53,147.22222222222223,1,8.833333333333334,-73.83040935672517,-4.4298245614035086,1
1136571,2018-04-15,10,12,25,156.0,156.0,0.3,0.1,0,0,0,7,8,0.4126984126984127,0.47058823529411764,0.5,0.42857142857142855,0.4,0.3,2,2,162.8,157.6,7.369295210659598,7.473946953725018,162.1,166.86666666666667,160.0,14.99789824697688,15.340101282270727,2018,27.759247611889112,133.5566915719968,33.45636500583738,8.36923346611325,26.454016801756165,120.88720128122037,1.5018518518518518,25.314742777812736,128.38488902514695,36.55048773448774,8.90502718265326,38.245321208134094,102.21499150359446,1.58125,34.64819296282663,142.39612625551993,37.310471530784035,139.3538685980196,52,133.33333333333331,1,8.0,64,172.97297297297297,1,10.378378378378379,-39.639639639639654,-2.378378378378379,1
1136572,2018-04-15,0,9,38,166.0,166.0,0.4,0.2,1,1,0,10,6,0.5344827586206896,0.4533333333333333,0.6666666666666666,0.5,0.6,0.6,3,3,179.0,158.2,7.471884685926699,7.4133771625965945,162.1,164.73333333333332,162.86666666666667,15.977226685997696,16.084975517464073,2018,27.12968940800774,130.61458101314778,31.4105549607722,8.132789315657567,30.06637063837632,114.59330828709925,1.4674603174603174,25.824603544807854,130.81571703104535,36.608952225435445,8.175047120512929,35.99506760513683,97.90326765747076,1.5098958333333334,34.45731633272617,131.71087955418488,30.55000655780707,137.23916029095065,75,202.7027027027027,0,12.162162162162163,53,139.4736842105263,2,8.368421052631579,-63.22901849217641,-3.7937411095305844,0
1136573,2018-04-16,1,5,14,154.17460317460316,161.86666666666667,0.2,0.4,0,1,0,7,12,0.4084507042253521,0.4625,0.25,0.5,0.5,0.3,2,2,168.4,150.2,7.343088063238921,7.541540454940284,169.58333333333334,170.53333333333333,162.73333333333332,14.555522203392929,17.275296734997376,2018,22.14697468331401,124.07810601273022,32.802016724053125,8.051756171599989,31.918071215376816,101.7982398616079,1.4722222222222223,26.412898849031116,139.09647710223626,34.12819944031124,8.524469564122358,29.1924841964368,121.0994457403317,1.4944444444444445,30.8169487307118,147.52414757733249,25.720852795861074,140.66419916948178,50,138.88888888888889,1,8.333333333333332,56,136.58536585365854,3,8.195121951219512,-2.3035230352303415,-0.13821138211381978,0
1136574,2018-04-17,12,7,56,164.47457627118644,168.13333333333333,0.3,0.1,0,1,0,8,13,0.463768115942029,0.5411764705882353,0.375,0.6,0.2,0.4,2,2,173.4,148.4,7.176359235003536,7.473946953725018,171.92307692307693,160.66666666666666,166.33333333333334,12.027667884532324,13.84355774252143,2018,22.70225225911681,122.14899768364762,36.55048773448774,9.967318518229446,38.79828282411192,95.9680862421329,1.6011111111111114,25.67171801660131,137.98314944521246,31.127451769567205,10.155667653638176,30.98336313196532,103.83199013262362,1.3347222222222221,37.310471530784035,139.3538685980196,31.04772004241782,128.61832896325035,60,157.89473684210526,2,9.473684210526315,55,148.64864864864865,2,8.91891891891892,-9.246088193456615,-0.5547652916073957,0
1136575,2018-04-18,5,10,47,155.61764705882354,158.13333333333333,0.4,0.2,0,1,0,6,7,0.4625,0.4126984126984127,0.5,0.5,0.4,0.4,2,3,164.6,174.8,7.369295210659598,7.343088063238921,174.85714285714286,164.86666666666667,168.73333333333332,17.105193747950363,15.997400666171435,2018,26.612209195243345,141.90561326457848,29.566621748871643,8.13352422959648,29.4962189716312,118.7955404630007,1.4311111111111112,22.85326858836292,130.11524592886823,33.45636500583738,8.296054131604466,28.149569993799332,118.2135676429137,1.5018518518518518,25.720852795861074,140.66419916948178,34.64819296282663,142.39612625551993,48,133.33333333333331,0,8.0,53,147.22222222222223,1,8.833333333333334,13.888888888888914,0.8333333333333339,1
1136576,2018-04-19,13,9,38,181.5,181.5,0.4,0.2,1,0,1,11,9,0.4935064935064935,0.4533333333333333,0.6,0.5,0.7,0.6,4,3,138.4,164.2,7.471884685926699,7.228981446498258,173.86666666666667,162.33333333333334,166.13333333333333,15.090298675427585,16.01509867233574,2018,27.475344108074456,128.21283433329816,33.56057021486047,8.477620479139047,33.01897585275245,81.02237364500498,1.4849206349206348,31.3040578883247,135.769928480026,36.58854030251441,8.4963748624853,40.62656619385342,111.93930084602582,1.4680555555555554,34.13412295736763,143.25787811139153,30.55000655780707,137.23916029095065,49,136.11111111111111,0,8.166666666666668,40,108.10810810810811,3,6.486486486486487,-28.003003003003002,-1.680180180180181,0
1136577,2018-04-20,10,0,31,163.625,166.6,0.3,0.4,1,1,0,6,11,0.4126984126984127,0.5254237288135594,0.5,0.6666666666666666,0.4,0.5,2,3,167.0,181.0,7.4133771625965945,7.369295210659598,175.0625,168.6,165.8,16.929035358083574,15.666381003957582,2018,24.78228206554106,136.23512147230213,37.11615653389239,8.473631025163977,29.679624909798996,131.98144275418466,1.4966089466089465,27.980029544062166,132.75113212717454,32.79644794931419,8.047423765775891,32.089780803860954,117.46807637615304,1.4769841269841268,34.64819296282663,142.39612625551993,34.45731633272617,131.71087955418488,69,186.48648648648648,1,11.18918918918919,35,92.10526315789474,3,5.526315789473684,-94.38122332859174,-5.662873399715505,0
1136579,2018-04-21,12,1,25,176.33333333333334,176.33333333333334,0.5,0.2,1,1,0,11,6,0.45714285714285713,0.4027777777777778,0.3333333333333333,0.2,0.2,0.5,2,1,184.4,174.8,7.541540454940284,7.473946953725018,176.76470588235293,164.4,171.33333333333334,16.493245107550845,14.655180681795278,2018,29.456516148883797,133.25631762371617,36.55048773448774,9.503413257135424,44.3436313489505,102.56230017259429,1.6657407407407405,29.406588143796824,139.2742383770882,32.802016724053125,8.079448086459923,32.528948699283085,118.44422504285586,1.4379629629629627,37.310471530784035,139.3538685980196,30.8169487307118,147.52414757733249,28,75.67567567567568,2,4.54054054054054,43,116.21621621621621,2,6.972972972972972,40.54054054054053,2.4324324324324316,1
1136578,2018-04-21,9,5,14,154.890625,162.73333333333332,0.2,0.4,0,1,0,7,14,0.4533333333333333,0.4691358024691358,0.5,0.5,0.7,0.5,3,3,156.8,175.2,7.343088063238921,7.471884685926699,176.76470588235293,167.66666666666666,163.06666666666666,16.39094318860348,16.815367353035228,2018,35.9292307955791,139.724096338509,35.9292307955791,8.271985629688245,34.91223404255319,120.42744012492297,1.475925925925926,26.412898849031116,139.09647710223626,34.12819944031124,8.524469564122358,29.1924841964368,121.0994457403317,1.4944444444444445,30.55000655780707,137.23916029095065,25.720852795861074,140.66419916948178,50,131.57894736842107,1,7.894736842105264,73,197.2972972972973,0,11.837837837837839,65.71834992887622,3.943100995732575,1
1136580,2018-04-22,0,13,42,136.0,136.0,0.4,0.2,0,0,0,10,6,0.5254237288135594,0.48717948717948717,0.6666666666666666,0.6,0.6,0.6,3,3,194.0,146.2,7.4133771625965945,7.228981446498258,177.3684210526316,166.6,164.66666666666666,16.39461835961377,13.818704628288776,2018,32.50792027805062,135.1088707230239,34.31708286994911,9.621227525637476,33.91054687018193,115.43564246584842,1.7122222222222223,24.42868169310847,132.95290133834595,31.56438965930491,8.24105006651749,33.940314008267826,74.97350146455383,1.4960317460317458,34.45731633272617,131.71087955418488,34.13412295736763,143.25787811139153,27,72.97297297297297,1,4.378378378378378,40,108.10810810810811,3,6.486486486486487,-35.135135135135144,-2.108108108108109,1
1136581,2018-04-22,7,10,47,155.74285714285713,155.73333333333332,0.3,0.5,0,1,1,10,6,0.5411764705882353,0.40625,0.6,0.42857142857142855,0.4,0.4,2,2,169.6,171.8,7.176359235003536,7.369295210659598,177.3684210526316,168.8,169.93333333333334,16.135692704341086,14.604881699638714,2018,24.597082681423387,135.35010109415708,31.127451769567205,10.005098218882962,30.78701347465986,102.6048666498742,1.4,27.439475391456515,146.12327588005166,37.11615653389239,8.388242362705817,29.307098924435742,122.25266740893753,1.520138888888889,31.04772004241782,128.61832896325035,34.64819296282663,142.39612625551993,43,119.44444444444444,1,7.166666666666666,43,116.21621621621621,2,6.972972972972972,3.2282282282282324,0.19369369369369416,0
1136582,2018-04-23,9,1,0,167.0,167.0,0.5,0.5,0,0,0,12,9,0.4605263157894737,0.4027777777777778,0.5,0.2,0.7,0.4,4,1,180.4,177.4,7.471884685926699,7.541540454940284,177.0952380952381,167.86666666666667,171.73333333333332,15.251946704035014,15.631354403524018,2018,23.570088840703107,123.01700075888533,35.1202759613905,8.343520676355096,35.55814848326321,96.27775769064412,1.564969135802469,24.172334679596606,130.42052866523693,32.44243257850407,8.065658971017797,34.258224991563466,110.02043308906053,1.4435802469135803,30.55000655780707,137.23916029095065,30.8169487307118,147.52414757733249,51,141.66666666666669,2,8.5,48,123.07692307692308,3,7.384615384615385,18.589743589743605,1.115384615384615,1
1136583,2018-04-24,13,7,56,165.28333333333333,169.86666666666667,0.1,0.3,0,0,0,10,11,0.4810126582278481,0.5411764705882353,0.6,0.6,0.5,0.4,3,1,157.0,177.2,7.228981446498258,7.176359235003536,175.54545454545453,165.33333333333334,166.73333333333332,12.383832058593654,14.825827087956867,2018,21.424231753707605,118.41101758055453,33.56057021486047,8.329405152375198,30.342194745827996,75.40022405266346,1.5106060606060603,21.488522193891864,123.49032053465172,31.127451769567205,9.561742845049665,29.851559787786595,97.82533822579894,1.3792929292929295,34.13412295736763,143.25787811139153,31.04772004241782,128.61832896325035,51,134.21052631578948,4,8.052631578947368,22,59.45945945945946,3,3.5675675675675675,74.75106685633003,4.485064011379801,1
1136584,2018-04-25,0,12,25,175.75,175.75,0.2,0.4,1,1,0,12,7,0.5254237288135594,0.4647887323943662,0.6666666666666666,0.3333333333333333,0.6,0.3,4,2,190.0,187.0,7.473946953725018,7.4133771625965945,173.04347826086956,169.8,166.13333333333333,14.794460165807697,16.009516228015354,2018,27.980029544062166,132.75113212717454,32.79644794931419,8.047423765775891,32.089780803860954,117.46807637615304,1.4769841269841268,23.809841148502912,128.83536137190555,36.55048773448774,8.973029812468798,42.72306693773631,91.96563512552358,1.6259259259259258,34.45731633272617,131.71087955418488,37.310471530784035,139.3538685980196,52,144.44444444444443,1,8.666666666666666,55,148.64864864864865,2,8.91891891891892,4.204204204204217,0.25225225225225323,1
1136585,2018-04-26,9,13,42,151.33333333333334,151.33333333333334,0.1,0.5,0,1,0,10,11,0.4605263157894737,0.4810126582278481,0.5,0.6,0.7,0.6,4,3,175.8,155.6,7.228981446498258,7.471884685926699,174.375,166.8,162.6,13.593503144121156,15.144071555214326,2018,20.874332596226626,113.50572219290711,37.44922895877881,8.633865078227778,40.88479664211971,93.8212074679593,1.6489718614718614,26.724473027935083,130.7518705427476,33.56057021486047,8.349997862176936,30.18088061465721,84.37495525736006,1.4682539682539684,30.55000655780707,137.23916029095065,34.13412295736763,143.25787811139153,37,100.0,3,6.0,44,122.22222222222223,0,7.333333333333334,22.22222222222223,1.333333333333334,0
1136586,2018-04-27,1,5,0,143.0,143.0,0.4,0.3,1,0,0,7,13,0.3972602739726027,0.4691358024691358,0.2,0.5,0.3,0.4,1,2,172.8,178.2,7.541540454940284,7.343088063238921,172.68,168.53333333333333,167.06666666666666,17.179094055404693,16.17159363078263,2018,26.886184007826905,141.80908573677152,30.22056308996791,7.941620941733346,32.05348843913971,127.21157143510084,1.36,22.30662419982332,128.42866663942493,34.12819944031124,8.254747618204997,28.818130727229775,116.75089614557824,1.4909090909090907,30.8169487307118,147.52414757733249,25.720852795861074,140.66419916948178,57,158.33333333333331,0,9.5,51,141.66666666666669,4,8.5,16.66666666666663,1.0,1
1136587,2018-04-28,0,7,31,166.0,169.4,0.5,0.2,0,0,0,11,12,0.5333333333333333,0.5348837209302325,0.7142857142857143,0.6,0.7,0.4,4,1,198.0,167.8,7.4133771625965945,7.176359235003536,174.46153846153845,172.46666666666667,165.13333333333333,15.963010591173658,17.39193651170019,2018,28.189815888837547,133.16036025015555,32.79644794931419,8.118489022272017,32.29886191822993,115.93595265327015,1.4935185185185187,29.77301103368177,141.1962456462899,30.614014711575688,8.341807423455773,31.54229519003455,115.16222393030222,1.5138888888888888,34.45731633272617,131.71087955418488,31.04772004241782,128.61832896325035,51,141.66666666666669,1,8.5,50,131.57894736842107,0,7.894736842105264,10.087719298245617,0.6052631578947363,0
1136588,2018-04-29,13,10,47,156.05555555555554,154.26666666666668,0.1,0.4,0,1,1,6,11,0.4810126582278481,0.4153846153846154,0.6,0.42857142857142855,0.7,0.4,3,3,152.6,180.2,7.228981446498258,7.369295210659598,174.25925925925927,158.66666666666666,170.13333333333333,15.829667672094565,17.127064329589768,2018,26.58331866134796,131.94575729667838,33.56057021486047,8.324166635627886,28.997290862435285,84.81750870266437,1.4930555555555556,24.49641983590096,142.56853745862364,33.45636500583738,8.33534601167148,41.2575828192348,113.54455403538299,1.5069444444444444,34.13412295736763,143.25787811139153,34.64819296282663,142.39612625551993,39,108.33333333333333,1,6.5,43,119.44444444444444,1,7.166666666666666,-11.111111111111114,-0.6666666666666661,1
1136589,2018-04-29,5,12,25,181.6,181.6,0.3,0.4,1,1,0,12,9,0.4634146341463415,0.4647887323943662,0.4,0.3333333333333333,0.4,0.3,2,2,181.6,192.8,7.473946953725018,7.343088063238921,174.25925925925927,169.53333333333333,170.33333333333334,15.80427978320728,15.701324051729582,2018,28.766960174318196,146.04884166228112,34.12819944031124,8.350941625800553,28.932518600546945,120.85685040563654,1.4896825396825395,26.370871780673394,131.12084060377197,31.797380816248744,9.241094416555713,45.361308116627264,93.92292946986151,1.6296296296296298,25.720852795861074,140.66419916948178,37.310471530784035,139.3538685980196,40,108.10810810810811,0,6.486486486486487,51,134.21052631578948,0,8.052631578947368,26.102418207681367,1.5661450924608813,1
1136590,2018-04-30,1,0,31,166.16666666666666,169.66666666666666,0.5,0.4,1,1,0,5,11,0.3972602739726027,0.5333333333333333,0.2,0.7142857142857143,0.4,0.6,2,3,186.0,191.4,7.4133771625965945,7.541540454940284,173.48275862068965,173.66666666666666,170.93333333333334,14.491016616425748,17.057005734137828,2018,26.27559220232027,139.42136794442544,30.964869508187377,7.921019247394489,33.34227348827439,127.6267758729059,1.372222222222222,32.50792027805062,135.1088707230239,34.31708286994911,9.621227525637476,33.91054687018193,115.43564246584842,1.7122222222222223,30.8169487307118,147.52414757733249,34.45731633272617,131.71087955418488,56,155.55555555555557,0,9.333333333333334,59,159.45945945945945,2,9.567567567567567,3.903903903903881,0.23423423423423273,0
1136591,2018-05-01,7,12,25,180.5,180.5,0.3,0.2,1,1,0,14,8,0.5402298850574713,0.4647887323943662,0.6,0.3333333333333333,0.4,0.3,2,1,172.2,196.8,7.473946953725018,7.176359235003536,174.73333333333332,165.73333333333332,171.26666666666668,16.02279382776473,12.426430410467434,2018,29.18012478840094,142.2682546281556,35.38003735664756,10.090767694577675,33.79943183999156,111.30269957024483,1.3590277777777777,21.66753705532146,125.39222254486238,31.797380816248744,8.879116598356857,41.98470176395708,88.21685712617085,1.6351851851851853,31.04772004241782,128.61832896325035,37.310471530784035,139.3538685980196,43,116.21621621621621,1,6.972972972972972,40,100.0,3,6.0,-16.21621621621621,-0.9729729729729719,0
1136592,2018-05-02,10,1,0,181.0,181.0,0.4,0.3,0,1,0,11,6,0.4090909090909091,0.3918918918918919,0.42857142857142855,0.16666666666666666,0.4,0.3,2,1,179.8,189.4,7.541540454940284,7.369295210659598,174.48387096774192,171.73333333333332,177.06666666666666,17.383420044253747,15.412127149747253,2018,25.024328561101793,140.5355679639167,32.39676655567887,8.913195625267397,32.16830251604188,115.84292246062574,1.5935185185185183,25.85179151321346,137.3713042871921,30.964869508187377,8.08446022739766,36.49852348827439,121.67269424025285,1.3663492063492062,34.64819296282663,142.39612625551993,30.8169487307118,147.52414757733249,62,172.22222222222223,1,10.333333333333334,79,213.51351351351352,0,12.81081081081081,41.29129129129129,2.4774774774774766,0
1136593,2018-05-03,0,5,14,155.44615384615383,164.53333333333333,0.6,0.4,0,0,0,11,6,0.5333333333333333,0.46987951807228917,0.7142857142857143,0.4,0.7,0.5,4,3,194.2,189.0,7.4133771625965945,7.343088063238921,175.15625,175.13333333333333,170.53333333333333,16.288508757766518,15.372266938769696,2018,31.54348547761049,134.30668616740135,34.31708286994911,9.28786164249775,33.398004744759454,117.30650517378207,1.6564814814814814,29.223129036602938,142.77548845883538,34.68456014884586,8.24548693589661,30.52889209022852,125.45704782278848,1.4666666666666668,34.45731633272617,131.71087955418488,25.720852795861074,140.66419916948178,57,158.33333333333331,1,9.5,56,147.36842105263156,2,8.842105263157894,10.964912280701753,0.6578947368421062,0
1136594,2018-05-04,9,7,20,156.8,156.8,0.4,0.2,1,0,0,10,10,0.45454545454545453,0.5340909090909091,0.5,0.6,0.7,0.4,4,2,171.2,166.8,7.471884685926699,7.176359235003536,175.21212121212122,162.4,166.06666666666666,12.704964971296091,16.867614085068755,2018,29.499020196000398,137.0545850197448,37.56656350644122,8.249166655499808,33.19067047757207,130.01222145512762,1.5190476190476192,28.50051009213743,139.14375966838807,31.127451769567205,10.78748232123329,31.680239772333977,115.07775452026584,1.325,30.55000655780707,137.23916029095065,31.04772004241782,128.61832896325035,49,128.94736842105263,0,7.7368421052631575,39,105.40540540540539,1,6.324324324324324,23.54196301564724,1.4125177809388338,0
1136595,2018-05-05,0,12,31,168.52631578947367,173.4,0.3,0.6,1,1,0,13,7,0.5333333333333333,0.4647887323943662,0.7142857142857143,0.3333333333333333,0.6,0.4,3,2,188.8,186.8,7.473946953725018,7.4133771625965945,175.1764705882353,176.4,168.2,15.11742386759491,14.577217360742829,2018,29.95854829737429,133.86459724864025,32.79644794931419,8.036276069326796,32.479408533554405,113.66425153793575,1.488888888888889,20.525811368162017,117.14654303351271,35.391158594026514,8.854987359029266,40.603576750044155,94.56298762614685,1.625,34.45731633272617,131.71087955418488,37.310471530784035,139.3538685980196,47,127.02702702702702,1,7.621621621621621,42,116.66666666666667,1,7.0,-10.360360360360346,-0.621621621621621,1
1136596,2018-05-05,1,13,42,146.5,146.5,0.5,0.1,0,1,1,11,10,0.3918918918918919,0.4810126582278481,0.16666666666666666,0.6,0.3,0.7,2,3,188.6,155.2,7.541540454940284,7.228981446498258,175.1764705882353,185.66666666666666,157.0,15.546353132928388,15.894407551180601,2018,25.571024661018036,135.31939847657222,30.964869508187377,8.094843683452586,32.9346137138383,115.67832236562887,1.4063492063492065,30.923008795582945,128.66274456789537,33.56057021486047,8.704253487588364,29.309105876393108,92.74426212051118,1.5322222222222224,30.8169487307118,147.52414757733249,34.13412295736763,143.25787811139153,60,162.16216216216216,1,9.72972972972973,61,160.5263157894737,0,9.631578947368421,1.6358463726884622,0.09815078236130859,0
1136598,2018-05-06,10,9,20,159.66666666666666,159.66666666666666,0.4,0.4,0,0,0,9,5,0.40298507462686567,0.45454545454545453,0.42857142857142855,0.5,0.4,0.6,1,3,175.6,166.6,7.369295210659598,7.471884685926699,173.5,174.4,161.46666666666667,15.984213990729602,16.63881688503522,2018,22.275084586669482,134.06066270946536,33.45636500583738,8.30987440890074,28.30487744419903,122.96291794932938,1.471666666666667,30.204514387688537,138.2664786273397,37.56656350644122,8.38706631350261,33.67152296457482,135.8112669113241,1.540740740740741,34.64819296282663,142.39612625551993,30.55000655780707,137.23916029095065,45,125.0,2,7.5,34,89.47368421052632,2,5.368421052631579,35.526315789473685,2.1315789473684212,0
1136597,2018-05-06,5,7,56,164.50819672131146,169.66666666666666,0.2,0.4,0,1,0,5,16,0.47619047619047616,0.5393258426966292,0.4,0.6,0.5,0.4,3,2,184.4,159.0,7.176359235003536,7.343088063238921,173.5,168.4,163.53333333333333,18.26579471946126,16.390074721148107,2018,28.766960174318196,146.04884166228112,34.12819944031124,8.350941625800553,28.932518600546945,120.85685040563654,1.4896825396825395,30.454675916883165,136.8725572388171,35.03578341905868,7.995756215669807,32.585232791486334,110.1623709755436,1.4398148148148149,25.720852795861074,140.66419916948178,31.04772004241782,128.61832896325035,56,155.55555555555557,0,9.333333333333334,47,127.02702702702702,2,7.621621621621621,-28.528528528528554,-1.7117117117117129,0
1136599,2018-05-07,12,13,42,149.8,149.8,0.1,0.3,0,1,0,9,11,0.4647887323943662,0.4875,0.3333333333333333,0.6,0.4,0.7,2,4,169.6,149.2,7.228981446498258,7.473946953725018,173.1315789473684,167.93333333333334,154.06666666666666,16.19175974627935,13.035264303353095,2018,26.732204937665834,133.36829000061903,33.95571649265767,8.942802283071098,42.49087734038434,108.02339286435925,1.5928571428571427,21.816533146008997,116.57179137246125,33.56057021486047,8.236800205194823,28.98454254685568,77.72353391273803,1.5222222222222221,37.310471530784035,139.3538685980196,34.13412295736763,143.25787811139153,38,100.0,2,6.0,55,148.64864864864865,1,8.91891891891892,48.648648648648646,2.9189189189189193,0
1136600,2018-05-08,9,10,47,155.9189189189189,154.93333333333334,0.3,0.3,0,0,1,6,9,0.46153846153846156,0.40298507462686567,0.5,0.42857142857142855,0.6,0.3,3,1,158.4,174.0,7.369295210659598,7.471884685926699,172.43589743589743,157.8,175.86666666666667,16.118379195765822,16.260745059409583,2018,24.39972940963312,126.94673451552234,37.56656350644122,8.542866499097364,37.727921344857876,116.64095508968174,1.6189594356261023,22.56553845357396,138.9133742183931,33.45636500583738,7.875899491734894,40.46878657409069,127.46979522772504,1.4104938271604937,30.55000655780707,137.23916029095065,34.64819296282663,142.39612625551993,63,170.27027027027026,1,10.216216216216216,33,89.1891891891892,3,5.351351351351351,-81.08108108108107,-4.864864864864865,0
1136601,2018-05-09,5,7,14,155.77272727272728,165.8,0.2,0.4,1,1,0,5,17,0.47058823529411764,0.5393258426966292,0.4,0.6,0.5,0.4,2,3,188.6,161.8,7.176359235003536,7.343088063238921,172.075,170.13333333333333,166.4,11.93966515433847,16.931709621741977,2018,22.614220571705406,125.67900871202528,31.154465502291597,8.468108542858115,29.108396160721018,121.12421434338079,1.498989898989899,27.519917741312604,143.37955489306617,31.127451769567205,10.526175322961866,33.29734837628626,113.25485534843646,1.3761904761904764,25.720852795861074,140.66419916948178,31.04772004241782,128.61832896325035,47,130.55555555555557,1,7.833333333333334,47,130.55555555555557,2,7.833333333333334,-0.0,-0.0,0
1136602,2018-05-10,13,1,0,186.0,186.0,0.5,0.1,0,0,1,11,11,0.4875,0.3918918918918919,0.6,0.16666666666666666,0.8,0.3,5,2,142.0,186.4,7.541540454940284,7.228981446498258,173.0,149.86666666666667,184.2,15.354277246347669,15.174164735707256,2018,32.01915607344633,126.0502344039475,32.01915607344633,9.226404550314568,26.93075256107171,94.0331173670957,1.5796296296296297,26.120483331501532,140.00298256475227,32.802016724053125,8.20945410725413,30.7388341849343,123.27497299860384,1.4527777777777777,34.13412295736763,143.25787811139153,30.8169487307118,147.52414757733249,38,105.55555555555556,2,6.333333333333334,51,141.66666666666669,1,8.5,36.11111111111113,2.166666666666666,1
1136603,2018-05-11,10,0,47,155.97368421052633,157.06666666666666,0.5,0.3,1,0,1,6,12,0.40298507462686567,0.5409836065573771,0.42857142857142855,0.7142857142857143,0.4,0.7,2,3,164.8,177.8,7.4133771625965945,7.369295210659598,173.33333333333334,173.93333333333334,174.4,17.307567790647948,17.25428591951629,2018,26.14936588141914,140.5112991106041,33.45636500583738,7.717523684914606,29.715917406076983,130.25678236426532,1.4101851851851854,28.189815888837547,133.16036025015555,32.79644794931419,8.118489022272017,32.29886191822993,115.93595265327015,1.4935185185185187,34.64819296282663,142.39612625551993,34.45731633272617,131.71087955418488,55,137.5,1,8.25,57,154.05405405405406,2,9.243243243243244,16.554054054054063,0.9932432432432439,1
1136604,2018-05-12,9,5,20,158.57142857142858,158.57142857142858,0.5,0.3,1,1,0,8,14,0.45569620253164556,0.46511627906976744,0.5,0.3333333333333333,0.6,0.4,2,2,151.8,192.4,7.343088063238921,7.471884685926699,173.3953488372093,163.86666666666667,173.6,13.81129255619609,17.27662784880627,2018,22.045644176178914,121.40688629946553,36.58854030251441,8.285081218535982,35.89897437847099,90.69255918092168,1.5784722222222223,27.636999243437515,143.13826490978053,34.12819944031124,8.790407255908816,30.87845377547858,117.47742267636053,1.5683531746031747,30.55000655780707,137.23916029095065,25.720852795861074,140.66419916948178,59,163.88888888888889,1,9.833333333333332,58,156.75675675675674,2,9.405405405405405,-7.132132132132142,-0.4279279279279269,0
1136605,2018-05-12,12,1,0,186.25,186.25,0.5,0.3,0,1,0,12,6,0.4583333333333333,0.3918918918918919,0.3333333333333333,0.16666666666666666,0.3,0.3,1,2,164.0,195.2,7.541540454940284,7.473946953725018,173.3953488372093,168.73333333333332,182.8,16.1841763418946,13.918466777082678,2018,26.39076405096633,133.3598660942652,33.95571649265767,10.295723170642797,42.49087734038434,106.32444661919452,1.519047619047619,29.48105069693587,143.3006808966321,32.802016724053125,8.24013921233964,35.01324414356329,147.7198522146501,1.4296296296296298,37.310471530784035,139.3538685980196,30.8169487307118,147.52414757733249,44,115.78947368421053,2,6.947368421052632,58,156.75675675675674,2,9.405405405405405,40.96728307254621,2.4580369843527734,1
1136607,2018-05-13,7,10,56,164.7741935483871,172.2,0.3,0.3,1,0,0,10,7,0.5393258426966292,0.4117647058823529,0.6,0.42857142857142855,0.5,0.5,4,2,180.2,166.6,7.176359235003536,7.369295210659598,175.15555555555557,165.06666666666666,173.06666666666666,19.29363437026072,12.576743445376842,2018,27.519917741312604,143.37955489306617,31.127451769567205,10.526175322961866,33.29734837628626,113.25485534843646,1.3761904761904764,29.199416611520892,132.3850064979481,33.45636500583738,7.431443560165728,22.69806442080378,130.84815591286875,1.286111111111111,31.04772004241782,128.61832896325035,34.64819296282663,142.39612625551993,51,130.76923076923077,0,7.846153846153847,51,130.76923076923077,1,7.846153846153847,0.0,0.0,0
1136606,2018-05-13,0,13,31,166.45,169.86666666666667,0.1,0.5,1,1,0,11,6,0.5409836065573771,0.49382716049382713,0.7142857142857143,0.6,0.6,0.8,2,5,172.0,155.8,7.228981446498258,7.4133771625965945,175.15555555555557,178.2,150.0,15.56062265584123,15.611333249411572,2018,31.796011458674386,134.93871998272724,32.79644794931419,8.026534407046844,34.539151377325524,121.66364775575303,1.473611111111111,27.242538741330208,125.3049034662764,33.552489406779664,8.67180722566222,32.79594801868738,86.86283298506952,1.4981481481481482,34.45731633272617,131.71087955418488,34.13412295736763,143.25787811139153,29,78.37837837837837,1,4.702702702702703,53,147.22222222222223,0,8.833333333333334,68.84384384384386,4.130630630630631,1
1136608,2018-05-14,9,12,20,169.375,169.375,0.4,0.3,1,0,0,12,9,0.45,0.4657534246575342,0.45454545454545453,0.3333333333333333,0.5,0.4,1,2,172.2,159.2,7.471884685926699,7.473946953725018,175.08510638297872,171.0,170.33333333333334,14.47963068843206,15.089512551249529,2018,22.281393695516183,122.79720103879191,37.56656350644122,8.406830739214321,35.01031646894975,101.99164072268796,1.5965909090909094,29.980996693595117,126.85497795560485,29.980996693595117,8.48068598440815,62.07306442080378,140.65874545874547,1.5194444444444444,30.55000655780707,137.23916029095065,37.310471530784035,139.3538685980196,47,130.55555555555557,3,7.833333333333334,66,178.3783783783784,0,10.702702702702702,-47.822822822822815,-2.869369369369368,0
1136609,2018-05-15,5,10,14,156.5820895522388,172.93333333333334,0.3,0.5,1,1,0,7,7,0.46511627906976744,0.42028985507246375,0.3333333333333333,0.42857142857142855,0.5,0.5,3,3,197.6,170.0,7.369295210659598,7.343088063238921,173.27083333333334,178.8,170.86666666666667,17.924830810318806,15.799121519193104,2018,26.986623604731772,147.27107116310503,30.21154928510353,8.321172932267624,28.52191689370351,120.65361331767332,1.485185185185185,21.92758121084021,131.4672223391166,33.45636500583738,8.216036888801503,29.692291637129436,122.37804615078807,1.4555555555555557,25.720852795861074,140.66419916948178,34.64819296282663,142.39612625551993,68,183.7837837837838,1,11.027027027027028,51,137.83783783783784,2,8.27027027027027,-45.945945945945965,-2.756756756756758,1
1136610,2018-05-16,7,9,56,164.82539682539684,172.06666666666666,0.3,0.4,1,0,0,11,10,0.5393258426966292,0.45,0.6,0.45454545454545453,0.5,0.5,3,1,180.0,163.4,7.176359235003536,7.471884685926699,172.6326530612245,164.73333333333332,164.26666666666668,15.945017755425354,13.546306290285088,2018,24.301010776917416,138.69452360885484,31.127451769567205,9.900421730327999,32.008312127193875,102.57612601663281,1.4283333333333332,30.39002533727608,134.11414516201734,37.56656350644122,8.698298473933244,45.64891937996991,131.5725530339411,1.5674319727891157,31.04772004241782,128.61832896325035,30.55000655780707,137.23916029095065,60,162.16216216216216,3,9.72972972972973,57,158.33333333333331,1,9.5,3.828828828828847,0.22972972972972983,1
1136611,2018-05-17,13,12,25,178.57142857142858,178.57142857142858,0.3,0.1,1,1,0,12,9,0.49382716049382713,0.47297297297297297,0.6,0.3333333333333333,0.7,0.4,4,3,165.2,141.8,7.473946953725018,7.228981446498258,172.9,152.06666666666666,165.4,12.469720506258827,14.637456016062814,2018,28.71604648959625,125.48325505155046,33.552489406779664,8.92973302723031,33.43767730496454,90.07539958208342,1.56,24.455554908231896,130.7085744212671,33.95571649265767,10.063036696657928,41.897602779219284,96.0338907917952,1.5256944444444445,34.13412295736763,143.25787811139153,37.310471530784035,139.3538685980196,44,122.22222222222223,2,7.333333333333334,56,155.55555555555557,1,9.333333333333334,33.33333333333334,2.0,0
1136612,2018-05-18,0,1,0,185.2,185.2,0.5,0.4,0,1,0,12,5,0.5483870967741935,0.3918918918918919,0.7142857142857143,0.16666666666666666,0.6,0.3,3,1,174.0,187.6,7.541540454940284,7.4133771625965945,173.7843137254902,181.46666666666667,180.73333333333332,16.238039665450753,17.70978060733198,2018,26.31065085105439,133.56795489699203,32.79644794931419,8.019967671609404,31.801569567014695,113.70123349580057,1.479861111111111,25.47370513619318,142.03186794209762,31.064912770138488,8.225620681367163,33.93311796613539,128.46778993131127,1.437301587301587,34.45731633272617,131.71087955418488,30.8169487307118,147.52414757733249,39,102.63157894736842,1,6.157894736842106,44,122.22222222222223,0,7.333333333333334,19.590643274853804,1.1754385964912277,0
1136613,2018-05-19,10,12,47,156.48717948717947,157.46666666666667,0.2,0.3,1,1,1,8,8,0.42028985507246375,0.47297297297297297,0.42857142857142855,0.3333333333333333,0.4,0.5,3,3,159.2,152.0,7.369295210659598,7.473946953725018,173.55769230769232,169.86666666666667,170.73333333333332,15.445783390970758,13.97463905082053,2018,26.305594432050935,147.6200763516202,34.20094921268574,8.347793093105304,27.75415804469401,122.85835317923603,1.462962962962963,20.265078894298522,116.65739534707929,33.95571649265767,9.55730587533135,38.24216848467244,86.00771024073163,1.548989898989899,34.64819296282663,142.39612625551993,37.310471530784035,139.3538685980196,45,125.0,1,7.5,55,152.77777777777777,1,9.166666666666666,-27.77777777777777,-1.666666666666666,1
1136614,2018-05-19,13,5,42,149.16666666666666,149.16666666666666,0.2,0.5,1,1,1,7,15,0.4878048780487805,0.47126436781609193,0.5,0.3333333333333333,0.6,0.6,3,3,178.6,191.0,7.228981446498258,7.343088063238921,173.55769230769232,157.4,176.73333333333332,15.43759795655745,17.83439063528664,2018,22.219907646337727,128.45892225533584,33.56057021486047,8.257701324076558,28.678389786798302,84.69959500028892,1.5098765432098764,26.986623604731772,147.27107116310503,30.21154928510353,8.321172932267624,28.52191689370351,120.65361331767332,1.485185185185185,34.13412295736763,143.25787811139153,25.720852795861074,140.66419916948178,60,150.0,0,9.0,66,169.23076923076923,1,10.153846153846153,-19.230769230769226,-1.1538461538461533,0
1136616,2018-05-20,9,0,31,167.04761904761904,169.46666666666667,0.3,0.3,0,0,0,7,10,0.4444444444444444,0.5396825396825397,0.45454545454545453,0.7142857142857143,0.4,0.6,1,2,165.8,164.2,7.471884685926699,7.4133771625965945,173.35185185185185,165.53333333333333,179.8,13.24317253933409,15.800464169460705,2018,23.28086090538667,120.70802337080595,39.71127844609998,8.539099193825509,39.50411812184231,92.81721540395853,1.6126082251082252,25.877575766954582,134.92173085151074,34.31708286994911,9.114736141380481,32.609800896503025,105.17255142600239,1.6484126984126983,30.55000655780707,137.23916029095065,34.45731633272617,131.71087955418488,29,78.37837837837837,3,4.702702702702703,33,86.8421052631579,3,5.210526315789474,-8.463726884779533,-0.5078236130867717,0
1136615,2018-05-20,7,1,0,181.33333333333334,181.33333333333334,0.4,0.2,0,0,1,11,10,0.5393258426966292,0.3918918918918919,0.6,0.16666666666666666,0.6,0.3,4,2,183.8,177.8,7.541540454940284,7.176359235003536,173.35185185185185,166.33333333333334,178.53333333333333,16.529779104380676,14.904170006621086,2018,24.37828350419014,135.15926140270656,31.127451769567205,9.799485033096774,31.6558056907256,106.60390379441057,1.3988888888888888,28.112179801749182,146.05319091061318,31.064912770138488,8.176713103618368,35.561043808173416,139.390872764981,1.401851851851852,31.04772004241782,128.61832896325035,30.8169487307118,147.52414757733249,46,124.32432432432432,2,7.45945945945946,57,150.0,1,9.0,25.675675675675677,1.5405405405405403,0
1136617,2018-05-22,0,13,56,165.15625,172.86666666666667,0.1,0.2,1,1,0,12,6,0.546875,0.4878048780487805,0.7142857142857143,0.5,0.6,0.6,3,2,159.4,180.4,7.228981446498258,7.4133771625965945,173.0,180.73333333333332,158.6,16.10617502729693,14.20953710428312,2018,25.442053444376278,135.20928234279555,34.31708286994911,8.76045715270966,31.24441453211643,107.04718812842384,1.6266666666666665,23.256324673558517,124.48204096191037,33.56057021486047,8.39487228430346,29.207017624072144,87.78704437532505,1.5013888888888889,34.45731633272617,131.71087955418488,34.13412295736763,143.25787811139153,47,130.55555555555557,3,7.833333333333334,33,89.1891891891892,3,5.351351351351351,-41.36636636636638,-2.481981981981983,1
1136618,2018-05-23,5,10,14,156.36764705882354,170.2,0.4,0.2,1,0,0,8,7,0.4772727272727273,0.42028985507246375,0.3333333333333333,0.42857142857142855,0.6,0.5,3,4,190.0,161.6,7.343088063238921,7.369295210659598,172.40350877192984,179.66666666666666,167.53333333333333,17.24020277451172,16.445441791192145,2018,27.636999243437515,143.13826490978053,34.12819944031124,8.790407255908816,30.87845377547858,117.47742267636053,1.5683531746031747,27.213001839458343,144.5621308479215,34.20094921268574,8.302585925578507,28.859319832059196,134.2340145548974,1.4324074074074076,25.720852795861074,140.66419916948178,34.64819296282663,142.39612625551993,46,117.94871794871796,3,7.076923076923077,51,137.83783783783784,1,8.27027027027027,-19.889119889119883,-1.1933471933471935,1
1136619,2018-05-25,13,5,14,156.55072463768116,170.06666666666666,0.1,0.4,0,0,0,7,16,0.4878048780487805,0.4772727272727273,0.5,0.3333333333333333,0.6,0.6,1,4,179.0,187.6,7.228981446498258,7.343088063238921,172.3448275862069,159.33333333333334,183.8,15.977893179402246,15.893882911194137,2018,22.062948177294007,132.26120872189225,33.56057021486047,8.247739536433402,31.301042137730796,80.71216098761752,1.512962962962963,23.344429476948513,131.0886064740991,34.12819944031124,8.277762733599669,28.893492187049524,115.30217623632655,1.4838888888888888,34.13412295736763,143.25787811139153,25.720852795861074,140.66419916948178,45,118.42105263157893,0,7.105263157894736,67,186.11111111111111,1,11.166666666666668,-67.69005847953218,-4.061403508771932,1
1136620,2018-05-27,13,0,56,164.75384615384615,170.26666666666668,0.1,0.2,0,0,0,6,13,0.4878048780487805,0.5538461538461539,0.5,0.7142857142857143,0.6,0.6,1,3,176.4,161.8,7.228981446498258,7.4133771625965945,172.3728813559322,162.6,176.53333333333333,13.148693247321184,15.832761941354255,2018,23.77019709058978,130.09509017617145,33.56057021486047,8.496491957473363,32.75359480944587,84.29757108030091,1.472222222222222,31.97407232208557,134.52293449930679,33.03386243386243,9.894145960297314,34.539151377325524,113.87642442733977,1.761111111111111,34.13412295736763,143.25787811139153,34.45731633272617,131.71087955418488,42,107.6923076923077,1,6.461538461538462,35,94.5945945945946,1,5.675675675675675,13.097713097713097,0.7858627858627862,0
1175356,2019-03-23,12,0,26,202.0,202.0,0.2,0.1,0,0,0,7,14,0.4666666666666667,0.5606060606060606,0.3333333333333333,0.7142857142857143,0.5,0.6,3,4,159.4,162.2,7.473946953725018,7.4133771625965945,168.33333333333334,171.13333333333333,177.4,14.900264902921009,15.506384540762067,2019,21.687696039452188,118.38907093652738,36.4867354576207,8.457647614676805,39.67785245200534,102.44447835129652,1.5634199134199134,28.326483115713387,131.14753622343758,30.84691124426224,7.9454339709973,33.79837992538983,124.2476266423635,1.4544444444444444,37.310471530784035,139.3538685980196,34.45731633272617,131.71087955418488,33,89.1891891891892,2,5.351351351351351,16,44.44444444444444,1,2.6666666666666665,44.74474474474475,2.6846846846846844,0
1175357,2019-03-24,5,13,14,156.8,170.33333333333334,0.1,0.3,1,1,0,16,8,0.47191011235955055,0.4878048780487805,0.3333333333333333,0.5,0.6,0.5,4,1,180.4,176.2,7.228981446498258,7.343088063238921,70.0,183.66666666666666,164.66666666666666,18.5864668354955,15.820355542776086,2019,30.4386465191607,142.63852231974582,34.12819944031124,8.605239783369136,29.389153645082548,117.25845940283784,1.535185185185185,31.776921302098394,136.1379529037412,34.27119733924612,7.6743215147992485,33.353550320837556,104.12886574930985,1.2033333333333331,25.720852795861074,140.66419916948178,34.13412295736763,143.25787811139153,54,138.46153846153845,0,8.307692307692307,47,130.55555555555557,1,7.833333333333334,-7.9059829059828814,-0.4743589743589727,1
1175358,2019-03-24,1,7,56,164.95454545454547,171.6,0.3,0.1,0,0,0,11,11,0.3918918918918919,0.5333333333333333,0.16666666666666666,0.6,0.4,0.5,2,3,173.4,183.8,7.541540454940284,7.176359235003536,70.0,178.93333333333334,170.8,15.875922351114136,16.89521913709331,2019,25.899263560948853,132.90566369582248,33.781823010602835,8.059482265047144,29.671805740248224,130.88371792279452,1.4625496031746033,23.400966116488064,136.16671899948864,31.45528455284553,8.37152391882891,33.09763317696705,102.33750505187922,1.4933333333333334,30.8169487307118,147.52414757733249,31.04772004241782,128.61832896325035,45,118.42105263157893,2,7.105263157894736,46,127.77777777777777,3,7.666666666666666,-9.35672514619884,-0.5614035087719298,1
1175359,2019-03-25,10,9,47,156.675,157.6,0.2,0.1,1,1,0,10,6,0.4142857142857143,0.4444444444444444,0.42857142857142855,0.45454545454545453,0.5,0.3,3,0,163.8,166.0,7.471884685926699,7.369295210659598,154.66666666666666,166.8,160.4,12.283280685216804,15.665263041114303,2019,22.71500086189622,131.72899474461576,34.07484599258184,8.95176280501605,29.151439410559636,122.472836298252,1.444949494949495,30.37576250202497,140.23171902223964,39.59489407581657,10.72425177934381,33.15418144208038,109.02815518809204,1.5185185185185184,34.64819296282663,142.39612625551993,30.55000655780707,137.23916029095065,32,82.05128205128204,1,4.923076923076923,64,177.77777777777777,0,10.666666666666666,95.72649572649573,5.743589743589743,0
1175360,2019-03-26,0,1,0,180.28571428571428,180.28571428571428,0.4,0.1,0,0,1,12,6,0.5671641791044776,0.3918918918918919,0.7142857142857143,0.16666666666666666,0.7,0.5,4,3,140.4,183.4,7.541540454940284,7.4133771625965945,162.0,168.6,182.4,16.387790464218867,16.37073885685047,2019,28.693851976206968,132.07710660968067,32.79644794931419,8.118489022272017,32.29886191822994,116.31941596415282,1.4935185185185185,25.899263560948853,132.90566369582248,33.781823010602835,8.059482265047144,29.671805740248224,130.88371792279452,1.4625496031746033,34.45731633272617,131.71087955418488,30.8169487307118,147.52414757733249,43,113.1578947368421,1,6.789473684210526,58,161.11111111111111,1,9.666666666666668,47.95321637426902,2.877192982456142,1
1175361,2019-03-27,9,5,14,157.14084507042253,170.93333333333334,0.2,0.1,0,1,0,8,15,0.4444444444444444,0.4777777777777778,0.45454545454545453,0.3333333333333333,0.3,0.7,1,4,171.2,167.6,7.343088063238921,7.471884685926699,159.0,167.8,182.26666666666668,16.247799704126578,13.732526445039897,2019,30.433954687166672,135.20075110688398,39.71127844609998,10.72425177934381,33.15418144208038,101.85411561462172,1.5185185185185184,26.986623604731772,147.27107116310503,30.21154928510353,8.321172932267624,28.52191689370351,120.65361331767332,1.485185185185185,30.55000655780707,137.23916029095065,25.720852795861074,140.66419916948178,53,143.24324324324326,2,8.594594594594595,51,134.21052631578948,2,8.052631578947368,-9.032716927453777,-0.5419630156472266,0
1175362,2019-03-28,7,12,25,183.5,183.5,0.2,0.2,0,0,0,14,9,0.5274725274725275,0.4666666666666667,0.5,0.3333333333333333,0.5,0.4,2,3,190.2,144.2,7.176359235003536,7.473946953725018,168.83333333333334,176.4,165.06666666666666,15.114962313032516,17.278476260458792,2019,22.887329752851702,129.32345274065545,31.45528455284553,8.065590829055573,29.836889207190826,99.16232467669886,1.4355555555555557,29.006175408935068,139.36111966641087,36.4867354576207,8.55598909625791,44.37714464872612,123.06181691538835,1.5361678004535146,31.04772004241782,128.61832896325035,37.310471530784035,139.3538685980196,52,144.44444444444443,0,8.666666666666666,60,166.66666666666669,1,10.0,-22.222222222222257,-1.333333333333334,1
1175363,2019-03-29,13,10,42,152.42857142857142,152.42857142857142,0.1,0.1,1,0,1,7,11,0.4878048780487805,0.4084507042253521,0.5,0.42857142857142855,0.4,0.4,1,2,168.8,165.4,7.369295210659598,7.228981446498258,171.42857142857142,167.53333333333333,170.73333333333332,18.080659556508106,17.145391223776972,2019,29.849824451343203,138.0853154217605,36.552758715722746,7.98075350708442,31.801892504914708,92.71411397241438,1.3309523809523809,30.793493266573158,136.8331411394925,33.45636500583738,7.63718353250321,26.081992992232355,130.16997208119653,1.4333333333333333,34.13412295736763,143.25787811139153,34.64819296282663,142.39612625551993,35,94.5945945945946,1,5.675675675675675,69,186.48648648648648,0,11.18918918918919,91.89189189189189,5.513513513513514,1
1175364,2019-03-30,9,7,38,185.33333333333334,185.33333333333334,0.2,0.2,1,1,0,10,12,0.43902439024390244,0.5274725274725275,0.4166666666666667,0.5,0.2,0.6,1,2,165.8,185.6,7.176359235003536,7.471884685926699,174.75,171.26666666666668,177.86666666666667,17.24875248704093,16.38710641397183,2019,35.590181523650614,139.42837166855983,39.71127844609998,8.336377669015715,34.03320774231678,115.70011069381104,1.4861111111111112,25.546662191064627,136.60910796921894,31.45528455284553,8.08338874207355,30.84704147120882,100.13219877516649,1.4250000000000003,30.55000655780707,137.23916029095065,31.04772004241782,128.61832896325035,62,172.22222222222223,1,10.333333333333334,38,105.55555555555556,0,6.333333333333334,-66.66666666666667,-4.0,1
1175367,2019-03-31,0,10,26,136.0,136.0,0.0,0.2,1,0,0,12,7,0.5735294117647058,0.4084507042253521,0.7142857142857143,0.42857142857142855,0.7,0.4,5,1,137.4,171.4,7.4133771625965945,7.369295210659598,174.88888888888889,165.26666666666668,173.73333333333332,14.517131690823268,17.038550790591852,2019,28.412060476093092,131.82262900676753,32.79644794931419,8.047423765775891,32.089780803860954,117.79675921405247,1.4769841269841268,24.91533615043048,137.11643856658847,34.07484599258184,9.080487234960934,28.952464001207836,115.22774268102853,1.4419753086419753,34.45731633272617,131.71087955418488,34.64819296282663,142.39612625551993,29,80.55555555555556,3,4.833333333333334,45,115.38461538461537,3,6.9230769230769225,-34.829059829059815,-2.0897435897435885,1
1175366,2019-03-31,12,13,42,158.125,158.125,0.2,0.1,0,1,0,10,12,0.4605263157894737,0.4939759036144578,0.3333333333333333,0.5,0.4,0.4,2,2,145.4,174.0,7.228981446498258,7.473946953725018,174.88888888888889,165.8,167.86666666666667,16.277880607861658,15.605023354465578,2019,22.73108446920425,121.44134715953533,36.4867354576207,8.95618133901698,38.865379316393906,103.00616666298484,1.6290764790764791,32.40448496095633,139.76141896218877,34.27119733924612,7.46051344674953,33.842905690645054,103.09650165222921,1.125,37.310471530784035,139.3538685980196,34.13412295736763,143.25787811139153,59,163.88888888888889,0,9.833333333333332,30,83.33333333333334,3,5.0,-80.55555555555554,-4.833333333333332,0
1175368,2019-04-01,9,1,38,183.0,183.0,0.2,0.4,0,0,0,13,9,0.4457831325301205,0.3918918918918919,0.4166666666666667,0.16666666666666666,0.3,0.5,2,3,183.4,175.4,7.471884685926699,7.541540454940284,180.0,172.66666666666666,181.13333333333333,14.652779846783444,13.1308028228309,2019,21.14194953919722,120.35527955105351,34.80394866967722,9.888831043077579,31.77853141353713,100.0074729599531,1.6314975845410629,22.802286370793723,129.8482905749409,33.781823010602835,8.213818866423065,28.649069584687286,107.9677945098502,1.5134920634920634,30.55000655780707,137.23916029095065,30.8169487307118,147.52414757733249,54,150.0,2,9.0,49,125.64102564102564,1,7.538461538461538,24.358974358974365,1.4615384615384617,1
1175369,2019-04-02,10,12,47,157.34146341463415,160.26666666666668,0.2,0.1,1,1,0,9,8,0.4027777777777778,0.45454545454545453,0.42857142857142855,0.3,0.4,0.4,1,1,178.0,174.0,7.473946953725018,7.369295210659598,178.83333333333334,170.93333333333334,170.86666666666667,15.93552655245223,14.312635559913396,2019,30.150818745988538,134.88159722897984,33.66542483489721,9.803836068602944,27.144820162107397,121.08070286418956,1.41,30.08445115256147,140.31873273904804,35.70789514189514,8.46420711515326,40.962476837655224,141.8933145196303,1.540740740740741,34.64819296282663,142.39612625551993,37.310471530784035,139.3538685980196,48,129.72972972972974,0,7.783783783783784,55,148.64864864864865,0,8.91891891891892,18.918918918918905,1.135135135135135,1
1175370,2019-04-03,0,7,56,165.67164179104478,174.06666666666666,0.2,0.0,0,1,0,11,13,0.5735294117647058,0.5274725274725275,0.7142857142857143,0.5,0.8,0.5,5,2,141.8,187.2,7.176359235003536,7.4133771625965945,177.23076923076923,163.33333333333334,179.8,16.033589906273154,16.989542587490998,2019,23.336236450912224,129.34408605797415,32.79644794931419,8.168422153321131,31.1499667709224,105.4577314498367,1.5433333333333334,28.092289257320612,138.7777560464543,31.45528455284553,8.067069621592866,31.553560474138045,106.22251288590455,1.4388888888888889,34.45731633272617,131.71087955418488,31.04772004241782,128.61832896325035,40,108.10810810810811,1,6.486486486486487,34,89.47368421052632,3,5.368421052631579,-18.634423897581797,-1.118065433854908,0
1175371,2019-04-04,1,13,0,176.125,176.125,0.3,0.3,1,0,0,11,12,0.38666666666666666,0.4939759036144578,0.16666666666666666,0.5,0.4,0.4,3,3,172.4,192.4,7.541540454940284,7.228981446498258,176.71428571428572,182.0,171.13333333333333,17.20906163259353,16.820834754468688,2019,24.524625003594302,133.63584866257827,33.781823010602835,8.099699812404246,28.74014158291241,125.73129423825122,1.525925925925926,27.162957724495374,136.24371210525285,34.27119733924612,7.765434950240129,36.70015499107444,94.87872105371858,1.2841269841269842,30.8169487307118,147.52414757733249,34.13412295736763,143.25787811139153,36,100.0,2,6.0,62,167.56756756756758,0,10.054054054054054,-67.56756756756758,-4.054054054054054,0
1175372,2019-04-05,5,12,25,183.88888888888889,183.88888888888889,0.2,0.3,1,1,0,13,9,0.4777777777777778,0.45454545454545453,0.3333333333333333,0.3,0.7,0.3,4,0,182.8,162.0,7.473946953725018,7.343088063238921,173.53333333333333,187.6,166.93333333333334,17.28155964920589,16.526894634454045,2019,28.766960174318196,146.04884166228112,34.12819944031124,8.350941625800553,28.932518600546945,120.85685040563654,1.4896825396825395,30.48624704345112,138.01513234808212,35.70789514189514,8.451137780784286,42.87574643686476,148.27197742355636,1.5455555555555556,25.720852795861074,140.66419916948178,37.310471530784035,139.3538685980196,53,147.22222222222223,0,8.833333333333334,59,155.26315789473685,1,9.31578947368421,8.040935672514621,0.4824561403508767,1
1178394,2019-04-06,13,7,42,166.22222222222223,166.22222222222223,0.2,0.3,1,1,0,11,11,0.5,0.5274725274725275,0.5,0.5,0.4,0.6,3,2,183.4,184.0,7.176359235003536,7.228981446498258,175.5,171.86666666666667,178.2,12.081423379253776,17.416095615101874,2019,21.03496280139585,121.88214582392334,34.27119733924612,7.775440678732929,33.47291755836899,81.86998643589395,1.396969696969697,26.140704759025553,135.4178183103653,31.79953849043441,10.088392898573474,31.369020408960623,105.96183598121948,1.354861111111111,34.13412295736763,143.25787811139153,31.04772004241782,128.61832896325035,30,83.33333333333334,2,5.0,39,105.40540540540539,2,6.324324324324324,22.072072072072046,1.3243243243243237,0
1178393,2019-04-06,9,0,26,149.0,149.0,0.0,0.2,0,0,1,7,11,0.4457831325301205,0.5652173913043478,0.4166666666666667,0.7142857142857143,0.4,0.7,3,4,179.4,148.0,7.4133771625965945,7.471884685926699,175.5,170.6,162.53333333333333,14.069975003682552,12.816860519402095,2019,29.560114470533104,135.37043079046182,39.71127844609998,10.54149497207189,33.40334196246115,100.69015411512574,1.5825396825396825,32.50792027805062,135.1088707230239,34.31708286994911,9.621227525637476,33.91054687018193,115.43564246584842,1.7122222222222223,30.55000655780707,137.23916029095065,34.45731633272617,131.71087955418488,54,145.94594594594594,0,8.756756756756756,46,124.32432432432432,2,7.45945945945946,-21.621621621621614,-1.2972972972972965,0
1178395,2019-04-07,1,12,25,186.0,186.0,0.3,0.2,1,1,0,6,13,0.38666666666666666,0.45454545454545453,0.16666666666666666,0.3,0.4,0.3,2,0,165.8,170.2,7.473946953725018,7.541540454940284,172.44444444444446,177.66666666666666,166.4,16.44300026960497,14.334605163018756,2019,26.097147573488037,136.96968297923138,33.781823010602835,8.053515672413422,29.447413379137117,127.0727060180326,1.488888888888889,20.374545433147468,115.4439673382299,35.70789514189514,8.329969028366499,36.621417428182724,100.68131838210785,1.5133333333333332,30.8169487307118,147.52414757733249,37.310471530784035,139.3538685980196,40,105.26315789473684,2,6.315789473684211,53,135.8974358974359,1,8.153846153846153,30.634278002699077,1.8380566801619427,1
1178396,2019-04-07,10,5,47,157.35714285714286,162.53333333333333,0.1,0.4,1,0,0,7,9,0.410958904109589,0.4835164835164835,0.42857142857142855,0.42857142857142855,0.5,0.7,1,4,176.8,189.4,7.369295210659598,7.343088063238921,172.44444444444446,170.8,187.93333333333334,16.644952310366634,14.693107411657678,2019,30.150818745988538,134.88159722897984,33.66542483489721,9.803836068602944,27.144820162107397,121.08070286418956,1.41,29.79666445437531,144.0488164022668,33.48327190407936,8.103453510345854,30.095273714539005,108.77623107484209,1.4416666666666667,34.64819296282663,142.39612625551993,25.720852795861074,140.66419916948178,28,77.77777777777779,1,4.666666666666667,65,175.67567567567568,0,10.54054054054054,-97.89789789789789,-5.873873873873873,0
1178397,2019-04-08,9,13,38,179.6,179.6,0.3,0.2,1,1,0,10,12,0.44047619047619047,0.49411764705882355,0.4166666666666667,0.5,0.3,0.4,3,3,180.8,175.0,7.228981446498258,7.471884685926699,169.6,168.4,172.13333333333333,17.366419380186393,14.521962787334415,2019,31.124731250104713,136.16877639839595,39.71127844609998,9.298410800750538,33.737877482603416,101.58358004996852,1.6796296296296296,26.808299163426422,135.03117562984772,34.263116531165316,7.840924108613485,37.090657013396374,98.46456850206562,1.263888888888889,30.55000655780707,137.23916029095065,34.13412295736763,143.25787811139153,27,69.23076923076923,1,4.153846153846153,38,105.55555555555556,1,6.333333333333334,36.32478632478633,2.1794871794871806,1
1178398,2019-04-09,5,0,26,151.75,151.75,0.4,0.0,0,0,0,7,11,0.4891304347826087,0.5652173913043478,0.42857142857142855,0.7142857142857143,0.8,0.8,4,4,183.4,144.4,7.343088063238921,7.4133771625965945,168.66666666666666,186.53333333333333,159.53333333333333,13.040094370252678,15.924794458288215,2019,22.9095364390992,125.46171489198535,34.12819944031124,8.304426071483336,29.191313243638096,110.91648056116264,1.4831088664421999,30.053331931742527,132.246278282422,33.03386243386243,9.621227525637476,33.91054687018193,117.02018716091943,1.7122222222222223,25.720852795861074,140.66419916948178,34.45731633272617,131.71087955418488,29,78.37837837837837,4,4.702702702702703,40,105.26315789473684,2,6.315789473684211,-26.884779516358464,-1.613086770981508,0
1178399,2019-04-10,7,9,56,165.73529411764707,175.93333333333334,0.2,0.2,1,1,0,12,11,0.5274725274725275,0.4470588235294118,0.5,0.4166666666666667,0.6,0.4,3,3,176.4,174.0,7.471884685926699,7.176359235003536,165.9090909090909,173.06666666666666,165.66666666666666,14.438590473235687,13.233842142410538,2019,25.025313036926512,134.25594560394853,31.79953849043441,10.26350776420593,31.727353742293957,103.48617604333127,1.3902777777777777,31.174879087017256,135.8256415789062,39.71127844609998,9.298410800750538,33.737877482603416,96.80309712074417,1.6796296296296296,31.04772004241782,128.61832896325035,30.55000655780707,137.23916029095065,50,138.88888888888889,0,8.333333333333332,50,138.88888888888889,1,8.333333333333332,-0.0,-0.0,1
1178400,2019-04-11,10,0,47,156.93023255813952,159.86666666666667,0.1,0.0,1,0,0,7,13,0.410958904109589,0.5714285714285714,0.42857142857142855,0.7142857142857143,0.4,0.8,1,4,170.8,152.0,7.369295210659598,7.4133771625965945,167.2608695652174,166.46666666666667,155.46666666666667,15.033397064503419,14.06891659759811,2019,26.2980521998132,134.34544877028222,34.07484599258184,9.193573950864643,32.17468622343006,119.39460359788944,1.4679012345679014,28.172660404504164,129.3436251485652,34.31708286994911,8.936466468214043,32.693019663770535,111.6792836422413,1.597222222222222,34.64819296282663,142.39612625551993,34.45731633272617,131.71087955418488,54,145.94594594594594,3,8.756756756756756,24,66.66666666666666,4,4.0,79.27927927927928,4.756756756756756,0
1178401,2019-04-12,5,1,14,157.98611111111111,173.0,0.3,0.1,1,0,0,13,8,0.4891304347826087,0.39473684210526316,0.42857142857142855,0.16666666666666666,0.8,0.4,4,2,170.2,160.8,7.343088063238921,7.541540454940284,166.58333333333334,181.0,174.26666666666668,16.237959417117082,15.815771041366542,2019,23.486554293650457,134.46650261002648,32.002234790074745,8.464720347109205,28.618901612585326,120.00373844176366,1.4916666666666667,28.60004618731408,133.8760789390759,33.781823010602835,8.280997578321323,28.71690307328605,135.899516442039,1.4433333333333334,25.720852795861074,140.66419916948178,30.8169487307118,147.52414757733249,41,113.88888888888889,1,6.833333333333333,57,158.33333333333331,2,9.5,-44.44444444444443,-2.666666666666667,0
1178402,2019-04-13,7,10,56,166.18840579710144,178.4,0.3,0.1,1,0,0,10,8,0.532608695652174,0.410958904109589,0.5,0.42857142857142855,0.6,0.3,4,1,173.2,164.2,7.176359235003536,7.369295210659598,167.04,175.06666666666666,165.4,15.202715644740321,12.692150894343655,2019,29.805881661823097,141.14698874343972,31.79953849043441,10.948342401681737,31.57489459546004,112.20535046929037,1.3537037037037036,26.72828871228203,138.95801380508541,34.07484599258184,9.284327355834765,29.0270479372873,114.74827400822059,1.3847222222222222,31.04772004241782,128.61832896325035,34.64819296282663,142.39612625551993,57,158.33333333333331,0,9.5,59,163.88888888888889,0,9.833333333333332,-5.555555555555571,-0.33333333333333215,0
1178403,2019-04-13,12,9,38,174.66666666666666,174.66666666666666,0.2,0.3,1,1,0,10,12,0.45454545454545453,0.4470588235294118,0.3,0.4166666666666667,0.3,0.4,0,3,186.0,169.8,7.471884685926699,7.473946953725018,167.04,164.73333333333332,169.26666666666668,12.648808623378288,15.365450788543603,2019,32.38722056901978,137.57879567462362,35.70789514189514,8.775659855439507,47.27760987534924,168.55334174281543,1.588888888888889,28.724627930977764,134.8419696457534,36.29262493372216,10.876818502917518,33.73787748260341,100.55215940090083,1.5935185185185186,37.310471530784035,139.3538685980196,30.55000655780707,137.23916029095065,60,166.66666666666669,0,10.0,63,175.0,1,10.5,8.333333333333314,0.5,1
1178404,2019-04-14,0,5,14,158.26027397260273,176.13333333333333,0.2,0.0,0,1,0,12,7,0.5774647887323944,0.4891304347826087,0.7142857142857143,0.42857142857142855,0.9,0.7,4,3,152.8,169.6,7.343088063238921,7.4133771625965945,168.0,151.46666666666667,178.26666666666668,15.981018563473826,15.430752780326017,2019,30.23304046229047,132.7113957741844,34.31708286994911,9.179531948854947,33.11202247288061,119.06203844827579,1.6365079365079365,26.539511205160004,141.64708814188498,34.12819944031124,8.304313973923366,28.687698567145244,116.99974410493198,1.4749999999999999,34.45731633272617,131.71087955418488,25.720852795861074,140.66419916948178,49,132.43243243243242,1,7.945945945945946,44,122.22222222222223,2,7.333333333333334,-10.210210210210192,-0.6126126126126117,1
1178405,2019-04-14,13,1,42,163.2,163.2,0.1,0.2,1,1,0,13,11,0.49411764705882355,0.4025974025974026,0.5,0.16666666666666666,0.4,0.5,3,2,168.8,153.8,7.541540454940284,7.228981446498258,168.0,172.06666666666666,174.53333333333333,14.79867241817968,16.371514733061534,2019,21.68004192233912,118.54621430801895,36.552758715722746,8.144330346768047,34.108430547963735,82.52001223028279,1.467222222222222,24.482039282437157,133.33502426303323,33.781823010602835,8.010597907579118,27.812286644640803,119.56424269076486,1.4809082892416225,34.13412295736763,143.25787811139153,30.8169487307118,147.52414757733249,51,137.83783783783784,2,8.27027027027027,40,108.10810810810811,0,6.486486486486487,-29.729729729729726,-1.7837837837837833,0
1178406,2019-04-15,12,7,56,166.4857142857143,180.06666666666666,0.3,0.2,0,0,0,9,15,0.46153846153846156,0.532608695652174,0.3,0.5,0.3,0.5,1,3,183.2,173.2,7.473946953725018,7.176359235003536,167.31034482758622,162.6,179.66666666666666,11.722992112838677,16.564547320482898,2019,23.17180733255988,126.4615701692045,35.70789514189514,8.368638214732284,38.085113347195666,119.0037250672119,1.5326388888888889,29.069954536581875,138.62270371593445,31.79953849043441,10.78748232123329,31.680239772333977,115.50088231839364,1.325,37.310471530784035,139.3538685980196,31.04772004241782,128.61832896325035,45,121.62162162162163,1,7.297297297297297,67,176.3157894736842,0,10.578947368421051,-54.69416785206256,-3.281650071123754,0
1178407,2019-04-16,9,10,38,174.42857142857142,174.42857142857142,0.2,0.1,0,0,0,7,10,0.4470588235294118,0.4189189189189189,0.4166666666666667,0.42857142857142855,0.4,0.3,2,2,169.2,162.0,7.471884685926699,7.369295210659598,167.43333333333334,172.0,167.8,15.872962504072925,14.563228175964998,2019,26.761334849734908,130.9383978772609,39.71127844609998,8.75047995135414,32.60233394252285,101.59230092548887,1.6083333333333334,22.565468199461517,127.43523618077745,33.45636500583738,8.249146801906875,27.42907070265752,112.11842664969677,1.4694444444444443,30.55000655780707,137.23916029095065,34.64819296282663,142.39612625551993,39,108.33333333333333,1,6.5,54,135.0,1,8.100000000000001,-26.66666666666667,-1.6000000000000014,1
1178408,2019-04-17,0,13,42,162.45454545454547,162.45454545454547,0.0,0.2,0,1,1,14,6,0.5833333333333334,0.4883720930232558,0.7142857142857143,0.5,0.9,0.4,4,2,150.0,160.2,7.4133771625965945,7.228981446498258,167.90322580645162,150.4,171.53333333333333,15.930546885227578,14.571150311892149,2019,28.04773214003947,131.59519000844722,33.03386243386243,9.179531948854946,33.11202247288061,119.86517324971281,1.6365079365079365,30.943744306846167,133.75633981958168,36.552758715722746,8.260556963708236,37.48212174940899,93.47923259542588,1.2722222222222224,34.45731633272617,131.71087955418488,34.13412295736763,143.25787811139153,41,113.88888888888889,0,6.833333333333333,68,183.7837837837838,1,11.027027027027028,-69.89489489489492,-4.193693693693695,0
1178409,2019-04-18,1,7,0,170.88888888888889,170.88888888888889,0.2,0.1,1,0,1,12,11,0.4025974025974026,0.5376344086021505,0.16666666666666666,0.5,0.6,0.6,3,4,155.4,172.2,7.176359235003536,7.541540454940284,166.78125,175.33333333333334,179.8,15.67506571428368,18.119234206121494,2019,23.701231201629074,129.79797536828016,33.781823010602835,7.937065838925098,27.53919171062633,118.82987520639739,1.4685185185185186,27.728820423170532,143.81355484489004,31.45528455284553,8.280537876788843,33.61421829873271,111.32795131024159,1.4944444444444445,30.8169487307118,147.52414757733249,31.04772004241782,128.61832896325035,57,154.05405405405406,0,9.243243243243244,48,133.33333333333331,0,8.0,-20.72072072072075,-1.2432432432432439,0
1178410,2019-04-19,12,5,14,158.2972972972973,176.2,0.3,0.2,0,0,0,9,14,0.46153846153846156,0.4891304347826087,0.3,0.42857142857142855,0.2,0.6,1,2,171.2,158.2,7.473946953725018,7.343088063238921,166.8181818181818,162.33333333333334,177.33333333333334,15.142611756527943,17.49394746278979,2019,23.996647043451123,126.00429107225781,29.5193461222873,8.451137780784286,42.87574643686476,131.49802359960253,1.5455555555555556,29.29073043264812,147.8437603378382,34.12819944031124,8.321172932267624,28.52191689370351,117.10771741463456,1.4851851851851852,37.310471530784035,139.3538685980196,25.720852795861074,140.66419916948178,42,110.5263157894737,1,6.631578947368421,37,102.77777777777777,3,6.166666666666666,7.748538011695928,0.46491228070175517,1
1178411,2019-04-20,7,10,47,156.79545454545453,160.33333333333334,0.2,0.1,0,0,0,10,9,0.5376344086021505,0.41333333333333333,0.5,0.42857142857142855,0.6,0.3,4,2,171.8,163.4,7.176359235003536,7.369295210659598,168.1764705882353,179.86666666666667,166.86666666666667,16.213222259257556,15.21926045440452,2019,27.573761913105194,144.35077074173424,31.45528455284553,8.2865788538572,33.36705253763011,107.23672882869194,1.480952380952381,23.892922961367535,126.11560185281363,31.159638671375195,8.90327465037443,34.09880475400992,119.41599511591593,1.3611111111111112,31.04772004241782,128.61832896325035,34.64819296282663,142.39612625551993,46,124.32432432432432,1,7.45945945945946,60,166.66666666666669,1,10.0,-42.34234234234236,-2.5405405405405403,0
1178412,2019-04-20,1,9,0,170.6,170.6,0.2,0.1,1,1,0,9,14,0.3974358974358974,0.4470588235294118,0.16666666666666666,0.4166666666666667,0.6,0.5,3,2,155.8,172.4,7.471884685926699,7.541540454940284,168.1764705882353,171.93333333333334,172.53333333333333,15.077273908536768,16.190530774610302,2019,26.68978768069332,134.3909501279895,33.781823010602835,8.085178341019649,33.701805766632894,134.32912433806902,1.4493197278911563,26.52004165201106,130.9033287484913,39.71127844609998,8.913478055996396,33.008665626718205,106.24111796871028,1.6374664519592057,30.8169487307118,147.52414757733249,30.55000655780707,137.23916029095065,50,138.88888888888889,2,8.333333333333332,60,166.66666666666669,1,10.0,27.7777777777778,1.6666666666666679,1
1178413,2019-04-21,13,5,42,159.91666666666666,159.91666666666666,0.3,0.2,1,1,0,8,17,0.4942528735632184,0.4838709677419355,0.5,0.375,0.5,0.5,2,1,140.4,159.8,7.343088063238921,7.228981446498258,167.83333333333334,170.6,179.73333333333332,15.91751256747229,16.81481358070951,2019,36.55275871572275,137.1235806792463,36.552758715722746,8.287629040110486,31.396128841607563,95.18242179026493,1.1907407407407407,25.537449983012497,139.35493733553233,34.68456014884586,8.614636244073756,33.0126588537162,126.19027147442175,1.5366666666666666,34.13412295736763,143.25787811139153,25.720852795861074,140.66419916948178,61,164.86486486486487,2,9.891891891891891,72,184.6153846153846,0,11.076923076923077,19.750519750519743,1.1850311850311854,1
1178414,2019-04-21,12,0,25,182.63636363636363,182.63636363636363,0.3,0.0,0,0,0,7,15,0.46153846153846156,0.5833333333333334,0.3,0.7142857142857143,0.2,0.8,2,4,182.2,142.4,7.473946953725018,7.4133771625965945,167.83333333333334,165.4,150.73333333333332,13.98679743216654,15.811232508356296,2019,23.17180733255988,126.4615701692045,35.70789514189514,8.368638214732284,38.085113347195666,119.0037250672119,1.5326388888888889,29.279997361025906,132.31848459144788,34.31708286994911,9.041495795053903,32.00307430857928,114.38761697557464,1.6256944444444443,37.310471530784035,139.3538685980196,34.45731633272617,131.71087955418488,49,132.43243243243242,1,7.945945945945946,32,86.48648648648648,4,5.1891891891891895,45.94594594594594,2.756756756756756,1
1178415,2019-04-22,10,1,47,156.88888888888889,159.66666666666666,0.1,0.1,1,0,0,11,7,0.42105263157894735,0.4050632911392405,0.42857142857142855,0.16666666666666666,0.3,0.6,2,4,164.0,162.6,7.369295210659598,7.541540454940284,167.42105263157896,167.46666666666667,168.73333333333332,15.107552154349648,14.997213512039302,2019,22.648410121595457,123.96017181379837,29.428527560264087,8.965561460937147,34.54925073941032,117.79226433181542,1.3351851851851853,27.50929774868766,134.4584394849854,33.781823010602835,8.205179141354725,33.93075256107171,133.67552296095843,1.4408730158730159,34.64819296282663,142.39612625551993,30.8169487307118,147.52414757733249,52,144.44444444444443,1,8.666666666666666,59,163.88888888888889,0,9.833333333333332,-19.444444444444457,-1.166666666666666,0
1178416,2019-04-23,13,0,26,143.0,143.0,0.2,0.0,0,0,0,7,14,0.5,0.5753424657534246,0.5,0.7142857142857143,0.5,0.7,2,3,146.4,142.6,7.228981446498258,7.4133771625965945,168.02564102564102,168.73333333333332,149.73333333333332,14.149748827888889,17.23230881419247,2019,31.776921302098394,136.1379529037412,34.27119733924612,7.6743215147992485,33.353550320837556,104.12886574930985,1.2033333333333331,30.053331931742527,132.246278282422,33.03386243386243,9.621227525637476,33.91054687018193,117.02018716091943,1.7122222222222223,34.13412295736763,143.25787811139153,34.45731633272617,131.71087955418488,54,142.10526315789474,1,8.526315789473685,49,136.11111111111111,1,8.166666666666668,5.994152046783626,0.3596491228070171,0
1178417,2019-04-24,9,12,25,180.83333333333334,180.83333333333334,0.3,0.2,1,1,0,12,11,0.4470588235294118,0.46153846153846156,0.4166666666666667,0.3,0.5,0.3,2,3,173.0,173.4,7.473946953725018,7.471884685926699,168.2,173.26666666666668,167.66666666666666,15.23108353505773,14.80241864838586,2019,26.02143905835022,128.9190456289293,39.71127844609998,8.80388103016251,32.88937620287745,103.65479658985254,1.5917874396135268,26.9052058695426,130.31873273904804,35.70789514189514,8.46420711515326,40.962476837655224,139.19688594820173,1.540740740740741,30.55000655780707,137.23916029095065,37.310471530784035,139.3538685980196,70,179.4871794871795,1,10.76923076923077,68,174.35897435897436,1,10.461538461538462,-5.128205128205138,-0.3076923076923084,0
1178418,2019-04-25,5,10,14,159.02666666666667,180.06666666666666,0.3,0.2,1,0,0,10,7,0.4838709677419355,0.42105263157894735,0.375,0.42857142857142855,0.4,0.3,0,2,163.8,174.4,7.343088063238921,7.369295210659598,169.02439024390245,178.26666666666668,169.66666666666666,17.22012118197665,15.488015934152617,2019,27.237644672887292,150.0311459543402,34.68456014884586,8.389780689492776,29.00826146778627,140.97458176726963,1.4819444444444445,22.769288744745634,129.94105700291004,31.159638671375195,8.712548789225101,32.48160708691121,130.11776371770213,1.3703703703703702,25.720852795861074,140.66419916948178,34.64819296282663,142.39612625551993,32,88.88888888888889,2,5.333333333333333,55,152.77777777777777,1,9.166666666666666,-63.888888888888886,-3.833333333333333,0
1178419,2019-04-26,0,7,26,148.33333333333334,148.33333333333334,0.2,0.0,1,1,0,11,14,0.581081081081081,0.5376344086021505,0.7142857142857143,0.5,0.7,0.6,3,3,156.0,176.8,7.176359235003536,7.4133771625965945,169.16666666666666,149.46666666666667,179.0,15.596521779985565,17.731365032034038,2019,23.146747297917432,128.8721682095246,30.84691124426224,7.803159880911382,31.186362490941164,96.52864264305913,1.4469135802469135,27.263531544594642,138.36067625176295,29.153310104529613,8.262878738444199,31.761561293901792,95.69083422835706,1.4777777777777779,34.45731633272617,131.71087955418488,31.04772004241782,128.61832896325035,45,121.62162162162163,1,7.297297297297297,40,111.11111111111111,3,6.666666666666667,-10.510510510510514,-0.6306306306306304,0
1178420,2019-04-27,10,13,47,157.6304347826087,160.53333333333333,0.2,0.2,1,1,0,11,8,0.42857142857142855,0.5,0.42857142857142855,0.5,0.4,0.5,3,2,179.2,154.2,7.228981446498258,7.369295210659598,168.8372093023256,169.6,168.46666666666667,15.927419239372343,13.903446409050757,2019,25.045526792568708,127.36401312162779,31.159638671375195,9.17256917835065,27.083831151118385,98.1416283715175,1.238888888888889,24.13394912915723,127.53032400450901,35.1483142712783,7.996525438772017,33.42536163882335,79.89780040253703,1.3753086419753089,34.64819296282663,142.39612625551993,34.13412295736763,143.25787811139153,51,141.66666666666669,1,8.5,60,166.66666666666669,0,10.0,25.0,1.5,1
1178422,2019-04-28,7,5,14,159.23684210526315,180.2,0.3,0.1,0,1,0,18,5,0.5376344086021505,0.4838709677419355,0.5,0.375,0.7,0.4,3,0,168.4,177.2,7.343088063238921,7.176359235003536,168.63636363636363,177.26666666666668,175.93333333333334,14.720771344669833,17.863027200273564,2019,24.076941083930304,128.24764629812069,31.45528455284553,8.239477958527635,32.61814159808846,96.80601904421256,1.5080246913580249,32.00223423631809,147.18201888923363,34.12819944031124,8.712019451654427,29.459698257221934,132.48238607395376,1.5763888888888888,31.04772004241782,128.61832896325035,25.720852795861074,140.66419916948178,50,138.88888888888889,0,8.333333333333332,41,113.88888888888889,2,6.833333333333333,-25.0,-1.4999999999999991,0
1178421,2019-04-28,1,12,0,169.9090909090909,169.9090909090909,0.2,0.4,1,1,1,7,13,0.4125,0.46153846153846156,0.16666666666666666,0.3,0.6,0.4,4,4,171.0,184.0,7.541540454940284,7.473946953725018,168.63636363636363,168.4,171.4,15.649953257862501,17.175964673562376,2019,26.68978768069332,134.3909501279895,33.781823010602835,8.085178341019649,33.701805766632894,134.32912433806902,1.4493197278911563,29.50375989364772,138.87073756480515,40.03196921596922,8.587306806202236,40.201141555696076,151.9871676321834,1.5607066544566546,30.8169487307118,147.52414757733249,37.310471530784035,139.3538685980196,59,163.88888888888889,1,9.833333333333332,64,177.77777777777777,1,10.666666666666666,-13.888888888888886,-0.8333333333333339,1
1178423,2019-04-29,13,9,42,159.84615384615384,159.84615384615384,0.2,0.3,1,0,0,12,11,0.5,0.4418604651162791,0.5,0.38461538461538464,0.5,0.4,2,1,156.2,183.4,7.228981446498258,7.471884685926699,170.41304347826087,164.6,176.2,16.981546851936322,15.29437681474869,2019,26.316284195591393,139.12263634849478,35.1483142712783,8.118935980263668,33.70777066041508,96.03377286912078,1.3694444444444445,23.04527828702775,124.17406621697357,39.71127844609998,8.192577364212926,32.34171677807843,108.20269440306829,1.567777777777778,34.13412295736763,143.25787811139153,30.55000655780707,137.23916029095065,77,197.43589743589746,0,11.846153846153847,44,112.82051282051282,1,6.769230769230769,84.61538461538464,5.0769230769230775,1
1178425,2019-05-01,0,1,26,149.28571428571428,149.28571428571428,0.0,0.1,1,0,0,13,6,0.5733333333333334,0.4125,0.7142857142857143,0.16666666666666666,0.6,0.6,2,4,156.8,172.8,7.4133771625965945,7.541540454940284,171.29787234042553,149.0,170.0,16.71805691434077,13.768079481330092,2019,31.54348547761049,134.30668616740135,34.31708286994911,9.28786164249775,33.398004744759454,117.30650517378207,1.6564814814814814,22.63307805385813,127.8760173055061,33.781823010602835,8.03363015543947,31.197783316556126,111.93002520844453,1.444011544011544,34.45731633272617,131.71087955418488,30.8169487307118,147.52414757733249,27,72.97297297297297,1,4.378378378378378,59,163.88888888888889,2,9.833333333333332,-90.91591591591592,-5.454954954954954,1
1178427,2019-05-03,5,9,38,175.375,175.375,0.3,0.4,1,1,0,16,8,0.4838709677419355,0.4367816091954023,0.375,0.35714285714285715,0.4,0.4,1,1,188.0,186.4,7.471884685926699,7.343088063238921,171.45833333333334,175.06666666666666,174.0,16.13893570296907,15.634373300423965,2019,30.98656999775012,143.8124396312501,34.12819944031124,8.675526318723167,29.84698437409906,113.19067076392489,1.5644444444444443,26.401214782593225,135.6364170445709,39.59489407581657,8.910899843587146,32.11867740148655,97.60717575654016,1.6784722222222221,25.720852795861074,140.66419916948178,30.55000655780707,137.23916029095065,41,113.88888888888889,2,6.833333333333333,62,172.22222222222223,1,10.333333333333334,58.33333333333334,3.500000000000001,1
1178428,2019-05-04,10,1,0,171.33333333333334,171.33333333333334,0.1,0.1,0,1,1,11,8,0.4358974358974359,0.4074074074074074,0.42857142857142855,0.16666666666666666,0.5,0.6,3,3,173.8,177.6,7.369295210659598,7.541540454940284,171.69387755102042,169.06666666666666,169.46666666666667,16.085245309460102,17.021482504121913,2019,21.19694366046462,130.05207698603473,29.480151491888012,7.8953728087694754,42.53667415622203,107.74767059732105,1.4022222222222223,26.68978768069332,134.3909501279895,33.781823010602835,8.085178341019649,33.701805766632894,134.32912433806902,1.4493197278911563,34.64819296282663,142.39612625551993,30.8169487307118,147.52414757733249,30,81.08108108108108,4,4.864864864864865,46,127.77777777777777,2,7.666666666666666,-46.69669669669669,-2.801801801801801,0
1178429,2019-05-04,12,13,25,182.46153846153845,182.46153846153845,0.2,0.4,1,1,0,10,13,0.45569620253164556,0.5,0.3,0.5,0.4,0.5,3,3,186.8,167.6,7.228981446498258,7.473946953725018,171.69387755102042,171.8,167.26666666666668,15.95433556673568,16.029748458517258,2019,24.310612864498907,130.3562215386209,35.68675607830325,8.196922372757202,41.01518827286779,117.15020900986292,1.5276709401709403,22.65622267765029,131.39460376929037,31.56438965930491,8.170582911043303,31.747936594731634,88.21498605311885,1.5179012345679013,37.310471530784035,139.3538685980196,34.13412295736763,143.25787811139153,52,144.44444444444443,1,8.666666666666666,49,122.50000000000001,3,7.3500000000000005,-21.944444444444414,-1.3166666666666655,1
1178430,2019-05-05,0,9,38,176.22222222222223,176.22222222222223,0.0,0.3,0,0,0,12,7,0.5733333333333334,0.4367816091954023,0.7142857142857143,0.35714285714285715,0.6,0.3,2,1,160.4,188.4,7.4133771625965945,7.471884685926699,170.64705882352942,150.73333333333332,180.33333333333334,14.261302022973783,15.274052575955052,2019,29.64552391611391,132.60744476318493,34.31708286994911,9.244419161947445,32.169900050141024,112.63430244159242,1.661111111111111,31.06653906496301,141.1997443137516,39.59489407581657,9.298410800750538,33.737877482603416,108.75761962343883,1.6796296296296296,34.45731633272617,131.71087955418488,30.55000655780707,137.23916029095065,42,113.51351351351352,1,6.8108108108108105,68,178.94736842105263,0,10.736842105263158,-65.43385490753911,-3.926031294452347,0
1178431,2019-05-05,7,5,56,166.54929577464787,176.13333333333333,0.3,0.2,1,1,0,18,6,0.5319148936170213,0.48936170212765956,0.42857142857142855,0.375,0.6,0.4,3,2,177.4,192.4,7.343088063238921,7.176359235003536,170.64705882352942,178.73333333333332,177.8,16.0818825758681,17.530227399564296,2019,31.45528455284553,138.21457383243447,31.45528455284553,8.157415732246747,31.197419227738376,118.72972360186718,1.4407407407407407,30.451379556105994,143.00135277906878,34.68456014884586,8.594427498173276,29.675864387443262,125.40521010039163,1.5325396825396826,31.04772004241782,128.61832896325035,25.720852795861074,140.66419916948178,49,132.43243243243242,0,7.945945945945946,46,121.05263157894737,0,7.2631578947368425,-11.379800853485051,-0.6827880512091031,1
1181764,2019-05-07,7,0,26,153.0,153.0,0.0,0.2,0,0,1,15,11,0.5368421052631579,0.5733333333333334,0.42857142857142855,0.7142857142857143,0.7,0.6,3,2,169.8,168.0,7.4133771625965945,7.176359235003536,169.9245283018868,176.4,152.8,14.838631666485147,12.320066403127308,2019,29.069954536581875,138.62270371593445,31.79953849043441,10.78748232123329,31.680239772333977,115.50088231839364,1.325,31.589933565042184,132.90249852015603,34.31708286994911,9.34201392902222,33.49147719875287,109.12097189614353,1.6537037037037037,31.04772004241782,128.61832896325035,34.45731633272617,131.71087955418488,32,86.48648648648648,3,5.1891891891891895,44,118.91891891891892,2,7.135135135135135,32.432432432432435,1.9459459459459456,1
1181766,2019-05-08,1,13,11,158.0,158.0,0.1,0.1,1,1,0,12,13,0.4146341463414634,0.5,0.16666666666666666,0.5,0.7,0.4,4,2,167.0,176.2,7.228981446498258,7.541540454940284,169.2037037037037,165.06666666666666,169.66666666666666,15.210136903317764,16.472945655858673,2019,24.648791091717705,129.56385468138106,33.781823010602835,7.87091547950962,31.840655230156788,123.05694751680305,1.4013668430335096,22.2469493244745,129.65716295581876,30.735535904364202,8.518256969345193,35.285695132490176,86.99439290498945,1.5290123456790126,30.8169487307118,147.52414757733249,34.13412295736763,143.25787811139153,54,150.0,1,9.0,55,148.64864864864865,0,8.91891891891892,-1.3513513513513544,-0.0810810810810807,1
1181767,2019-05-10,0,1,11,158.33333333333334,158.33333333333334,0.1,0.0,1,1,0,14,6,0.5733333333333334,0.42168674698795183,0.7142857142857143,0.16666666666666666,0.5,0.8,2,4,162.0,166.8,7.541540454940284,7.4133771625965945,169.07272727272726,149.66666666666666,165.06666666666666,16.926353895192854,13.142060276630186,2019,30.85804950707116,134.18540998790198,34.31708286994911,9.363563391105663,32.29886191822994,109.80747983265148,1.6851851851851851,21.873361542574226,123.05651448995836,33.781823010602835,7.9276027677768885,31.75227560789052,114.98598736223279,1.429906204906205,34.45731633272617,131.71087955418488,30.8169487307118,147.52414757733249,41,110.8108108108108,2,6.648648648648649,42,116.66666666666667,0,7.0,5.855855855855864,0.35135135135135087,1
1181768,2019-05-12,7,0,42,163.57142857142858,163.57142857142858,0.2,0.0,0,1,1,16,11,0.5416666666666666,0.5789473684210527,0.42857142857142855,0.7142857142857143,0.7,0.5,3,2,162.4,156.4,7.176359235003536,7.4133771625965945,168.67857142857142,172.73333333333332,154.8,14.72271419242881,13.60168762114826,2019,24.09476786660857,133.86345754572153,31.79953849043441,9.878307308225127,30.76150796915436,100.57718753886176,1.351851851851852,28.046201064729605,134.3616502321841,34.31708286994911,9.092308374400226,31.915006801509172,114.43821221366989,1.6715277777777777,31.04772004241782,128.61832896325035,34.45731633272617,131.71087955418488,45,121.62162162162163,2,7.297297297297297,53,143.24324324324326,1,8.594594594594595,-21.621621621621628,-1.2972972972972974,1
1216492,2020-09-19,7,0,51,146.66666666666666,146.66666666666666,0.2,0.0,0,0,0,17,11,0.5416666666666666,0.5714285714285714,0.42857142857142855,0.7142857142857143,0.7,0.4,4,2,160.0,155.2,7.176359235003536,7.4133771625965945,169.16071428571428,171.06666666666666,154.93333333333334,13.348202745558051,16.31734074694562,2020,22.56134022569504,125.41529442293931,31.865149051490516,8.118206290723672,29.920519104991754,101.24026270396031,1.416666666666667,29.66080072628767,132.46753829973565,33.59750615037239,9.395668976085517,31.588923199272866,111.06029136249508,1.6912698412698413,31.04772004241782,128.61832896325035,34.45731633272617,131.71087955418488,51,134.21052631578948,2,8.052631578947368,37,97.36842105263158,2,5.842105263157895,36.842105263157904,2.2105263157894735,0
1216534,2020-09-21,13,12,13,148.85714285714286,148.85714285714286,0.3,0.1,1,1,0,13,11,0.5,0.4625,0.5,0.3,0.3,0.5,1,4,176.8,187.6,7.473946953725018,7.228981446498258,162.0,168.86666666666667,177.6,14.273904090450788,17.108699913277817,2020,23.098381818159883,128.2356041131285,34.263116531165316,7.981067118438591,31.157939453057306,100.60761477017846,1.436868686868687,31.949671796660777,136.54568231709476,36.4867354576207,8.98391941689715,53.428451536643024,138.96746790570322,1.5442460317460316,34.13412295736763,143.25787811139153,37.310471530784035,139.3538685980196,53,132.5,0,7.949999999999999,48,126.3157894736842,1,7.578947368421052,-6.184210526315795,-0.3710526315789471,0
1216496,2020-09-22,10,0,50,158.16666666666666,158.16666666666666,0.1,0.0,0,0,0,7,14,0.4358974358974359,0.5769230769230769,0.42857142857142855,0.7142857142857143,0.5,0.4,3,2,160.4,151.8,7.369295210659598,7.4133771625965945,162.5,167.26666666666668,154.06666666666666,14.744005423214029,10.281659877981387,2020,26.752834521858517,136.93354345749958,32.760887786049075,12.891160413821773,36.25726204256761,122.96952685895059,1.4027777777777777,30.277208363781504,132.54252680741325,37.00508703336311,9.287404577449593,31.5648239045647,107.37618151560979,1.6694444444444443,34.64819296282663,142.39612625551993,34.45731633272617,131.71087955418488,54,145.94594594594594,1,8.756756756756756,53,143.24324324324326,0,8.594594594594595,2.7027027027026804,0.1621621621621614,1
1216508,2020-09-23,5,7,51,148.85714285714286,148.85714285714286,0.1,0.2,1,1,0,6,19,0.48936170212765956,0.5416666666666666,0.375,0.42857142857142855,0.3,0.6,2,3,176.4,161.4,7.176359235003536,7.343088063238921,180.33333333333334,175.2,167.66666666666666,16.261362658643904,16.496112064847914,2020,22.56563612237273,133.75498684151228,32.002234790074745,8.328867590069924,29.044475303725456,126.51276784381606,1.4753086419753088,28.751424250767535,137.39393313907325,31.865149051490516,8.22532463295217,31.709356657859757,112.863383342051,1.457142857142857,25.720852795861074,140.66419916948178,31.04772004241782,128.61832896325035,59,155.26315789473685,1,9.31578947368421,33,91.66666666666666,2,5.5,-63.59649122807019,-3.8157894736842106,0
1216510,2020-09-24,9,12,13,150.625,150.625,0.3,0.3,0,0,0,12,12,0.4431818181818182,0.4625,0.35714285714285715,0.3,0.3,0.6,1,4,186.0,177.6,7.471884685926699,7.473946953725018,184.0,179.26666666666668,173.93333333333334,17.24820559020203,13.591756128552948,2020,30.120570472818827,145.0797180520123,34.61606127667127,8.453442456532596,32.05348843913971,118.49147572575289,1.4833333333333332,20.762944664564152,114.89712831594659,36.4867354576207,8.411293412134762,42.51854650401732,109.52255028189106,1.5860119047619046,30.55000655780707,137.23916029095065,37.310471530784035,139.3538685980196,50,131.57894736842107,0,7.894736842105264,40,100.0,3,6.0,31.57894736842107,1.8947368421052637,1
1216539,2020-09-25,1,0,13,156.77777777777777,156.77777777777777,0.1,0.1,0,0,0,6,15,0.42168674698795183,0.569620253164557,0.16666666666666666,0.625,0.7,0.4,3,2,158.0,161.0,7.541540454940284,7.4133771625965945,188.4,163.26666666666668,157.13333333333333,15.078610728791128,15.597955353839813,2020,30.811157298425194,140.04115830415526,33.781823010602835,8.497429554110418,29.151313668600903,159.7677813071002,1.5000000000000002,30.277208363781504,132.54252680741325,37.00508703336311,9.287404577449593,31.5648239045647,107.37618151560979,1.6694444444444443,30.8169487307118,147.52414757733249,34.45731633272617,131.71087955418488,36,97.2972972972973,0,5.837837837837839,34,91.8918918918919,2,5.513513513513514,5.4054054054054035,0.32432432432432456,1
1216545,2020-09-26,13,5,51,154.625,154.625,0.1,0.3,0,1,1,9,17,0.4943820224719101,0.4842105263157895,0.5,0.375,0.3,0.2,1,2,174.4,183.6,7.228981446498258,7.343088063238921,186.16666666666666,167.86666666666667,176.93333333333334,17.28150980011465,17.498311430310906,2020,27.856960181622295,140.55957868324154,34.263116531165316,7.997895775585465,34.49842932874847,108.9089232404707,1.3212962962962964,26.91167395510419,139.94967106836245,30.924115780796313,8.13352422959648,29.4962189716312,122.28498025145527,1.4311111111111112,34.13412295736763,143.25787811139153,25.720852795861074,140.66419916948178,40,111.11111111111111,1,6.666666666666667,52,140.54054054054055,2,8.432432432432433,-29.429429429429433,-1.7657657657657664,0
1216527,2020-09-27,10,9,50,166.42857142857142,166.42857142857142,0.4,0.2,1,1,0,10,8,0.4358974358974359,0.4431818181818182,0.42857142857142855,0.35714285714285715,0.5,0.4,3,2,171.4,194.6,7.471884685926699,7.369295210659598,179.85714285714286,170.73333333333332,182.8,16.182536659737575,15.693402911975218,2020,27.245568849308302,136.49022385495084,34.07484599258184,9.457354637196538,36.25726204256762,117.18880950042018,1.4673611111111111,31.768768646579083,148.41807680296247,34.61606127667127,8.434414623916213,32.21782833852274,123.08187712472359,1.4749999999999999,34.64819296282663,142.39612625551993,30.55000655780707,137.23916029095065,60,157.89473684210526,0,9.473684210526315,69,168.29268292682926,1,10.097560975609756,10.397946084723998,0.6238767650834411,1
1216532,2020-09-29,13,1,51,153.22222222222223,153.22222222222223,0.1,0.1,0,0,0,13,13,0.4943820224719101,0.42168674698795183,0.5,0.16666666666666666,0.3,0.7,1,3,170.8,155.6,7.228981446498258,7.541540454940284,185.25,165.26666666666668,160.73333333333332,16.77700229805182,14.521008389506829,2020,30.691895274214573,141.27727362635702,36.552758715722746,9.128488434974456,38.55954043985958,105.43919797662778,1.448148148148148,25.0720477674901,132.55485714778013,33.781823010602835,8.420888971491792,28.93867058881846,133.72424561831164,1.6160493827160496,34.13412295736763,143.25787811139153,30.8169487307118,147.52414757733249,38,105.55555555555556,0,6.333333333333334,34,94.44444444444444,1,5.666666666666666,11.111111111111114,0.6666666666666679,1
1216504,2020-09-30,5,10,13,158.6,158.6,0.3,0.3,0,0,0,10,8,0.4895833333333333,0.4430379746835443,0.375,0.5,0.3,0.6,3,4,177.0,177.8,7.343088063238921,7.369295210659598,182.66666666666666,174.8,174.33333333333334,14.811210066793281,14.781265932108806,2020,23.43281499664368,136.59402357929574,32.002234790074745,8.490600109265955,32.42086805002447,122.78130521623446,1.4791666666666665,22.94383029200444,125.50181813825216,34.07484599258184,9.222340576043777,34.74662499048358,119.72612618002486,1.4904040404040406,25.720852795861074,140.66419916948178,34.64819296282663,142.39612625551993,42,110.5263157894737,1,6.631578947368421,39,105.40540540540539,2,6.324324324324324,5.12091038406831,0.30725462304409756,1
1216503,2020-10-01,9,7,51,154.1,154.1,0.2,0.5,1,1,0,11,13,0.4431818181818182,0.5416666666666666,0.35714285714285715,0.42857142857142855,0.3,0.7,2,4,198.8,154.0,7.176359235003536,7.471884685926699,181.8,185.4,168.2,11.731085528838124,14.969591067072372,2020,20.69974883794198,128.43594111313345,34.61606127667127,9.428914130721413,33.395690854774884,104.00287353765918,1.5055555555555553,29.805881661823097,141.14698874343972,31.79953849043441,10.948342401681737,31.57489459546004,112.20535046929037,1.3537037037037036,30.55000655780707,137.23916029095065,31.04772004241782,128.61832896325035,41,107.89473684210526,2,6.473684210526316,41,110.8108108108108,2,6.648648648648649,2.916073968705547,0.1749644381223332,0
1216516,2020-10-02,0,13,13,160.0,160.0,0.1,0.1,1,0,1,15,7,0.5625,0.4943820224719101,0.625,0.5,0.4,0.4,2,1,169.8,160.8,7.228981446498258,7.4133771625965945,182.63636363636363,158.13333333333333,162.86666666666667,14.668794288934349,14.482200359634788,2020,28.999425064912007,132.6488262867451,33.59750615037239,9.479041524807258,31.588923199272866,118.49566551215494,1.7134920634920636,28.359970385417004,137.27737857955677,36.552758715722746,9.042926342406409,37.53619592582358,104.41031709216936,1.4579365079365079,34.45731633272617,131.71087955418488,34.13412295736763,143.25787811139153,42,110.5263157894737,1,6.631578947368421,36,94.73684210526315,3,5.684210526315789,-15.789473684210549,-0.9473684210526319,0
1216514,2020-10-03,10,12,51,157.45454545454547,157.45454545454547,0.3,0.3,0,1,1,10,8,0.4375,0.4567901234567901,0.5,0.2727272727272727,0.6,0.6,3,3,177.6,186.6,7.369295210659598,7.473946953725018,181.08333333333334,173.66666666666666,176.73333333333332,16.093045180387332,14.672536117584068,2020,26.266402182641635,139.31463316566715,34.07484599258184,9.184938223822677,47.97841588872146,109.40755950042018,1.4375,32.31823728680958,134.76633782681668,34.72987193796832,8.656822348044516,55.63556442080378,134.83787413566827,1.487847222222222,34.64819296282663,142.39612625551993,37.310471530784035,139.3538685980196,38,105.55555555555556,3,6.333333333333334,50,138.88888888888889,1,8.333333333333332,-33.33333333333333,-1.9999999999999982,0
1216515,2020-10-03,1,5,50,173.5,173.5,0.1,0.3,0,0,0,9,13,0.4166666666666667,0.4895833333333333,0.16666666666666666,0.375,0.6,0.4,3,3,152.2,165.4,7.541540454940284,7.343088063238921,181.08333333333334,161.73333333333332,174.33333333333334,16.083870564203025,15.543963591145832,2020,30.355209698373198,142.0070877024423,33.781823010602835,8.502783592925036,29.52544953076868,151.47315108925017,1.502777777777778,22.008212781628668,132.1669585918189,32.002234790074745,8.829161310120188,32.26964065751366,114.51968987815958,1.5433333333333334,30.8169487307118,147.52414757733249,25.720852795861074,140.66419916948178,57,158.33333333333331,1,9.5,59,159.45945945945945,1,9.567567567567567,-1.1261261261261382,-0.06756756756756666,1
1216538,2020-10-04,7,13,50,179.55555555555554,179.55555555555554,0.3,0.1,0,1,1,12,11,0.5416666666666666,0.4943820224719101,0.42857142857142855,0.5,0.7,0.4,4,2,165.6,158.6,7.176359235003536,7.228981446498258,182.5,169.2,158.4,16.082608021977315,12.789979413069048,2020,28.723305438886346,139.90146977405803,31.79953849043441,10.435388377666726,31.709356657859757,110.81352683567941,1.3357142857142856,24.938707125165603,133.46840251773745,36.552758715722746,8.698929277072407,35.05753411805816,93.80061699761322,1.4907407407407407,31.04772004241782,128.61832896325035,34.13412295736763,143.25787811139153,48,129.72972972972974,2,7.783783783783784,56,151.35135135135135,1,9.08108108108108,-21.621621621621614,-1.2972972972972965,1
1216513,2020-10-04,9,0,13,160.33333333333334,160.33333333333334,0.5,0.1,0,1,1,8,12,0.43820224719101125,0.5555555555555556,0.35714285714285715,0.625,0.3,0.3,2,1,194.6,173.2,7.471884685926699,7.4133771625965945,182.5,183.6,161.86666666666667,11.91577830991062,12.684448952627726,2020,27.886346102452322,141.1938878631524,34.61606127667127,10.789609749277474,31.943928506217684,106.77529323523008,1.511111111111111,33.074603174603176,136.86025408348456,33.074603174603176,11.84932147870847,30.600238333847262,106.87730772913841,2.05,30.55000655780707,137.23916029095065,34.45731633272617,131.71087955418488,46,127.77777777777777,0,7.666666666666666,60,157.89473684210526,0,9.473684210526315,-30.11695906432749,-1.807017543859649,0
1216519,2020-10-05,1,12,13,161.69230769230768,161.69230769230768,0.2,0.3,0,0,0,8,13,0.4166666666666667,0.4634146341463415,0.16666666666666666,0.2727272727272727,0.7,0.7,3,3,174.8,177.0,7.541540454940284,7.473946953725018,183.8125,165.86666666666667,182.33333333333334,16.62404903217976,13.842475543970123,2020,30.355209698373198,142.0070877024423,33.781823010602835,8.502783592925036,29.52544953076868,151.47315108925017,1.502777777777778,22.176672847129066,117.69957394073522,36.4867354576207,8.542268338330462,41.83929606158725,107.33142418082488,1.5468098472408818,30.8169487307118,147.52414757733249,37.310471530784035,139.3538685980196,63,175.0,0,10.5,43,113.1578947368421,3,6.789473684210526,61.842105263157904,3.7105263157894743,1
1216511,2020-10-06,10,7,51,157.16666666666666,157.16666666666666,0.4,0.3,1,0,1,10,10,0.4375,0.5416666666666666,0.5,0.42857142857142855,0.5,0.7,2,4,176.4,181.0,7.176359235003536,7.369295210659598,184.52941176470588,170.73333333333332,171.73333333333332,11.899933371556589,11.645704940179076,2020,23.772227546810974,128.37032086952075,35.26667394957109,11.903332982245628,41.005443333687786,120.15151143818386,1.4377777777777778,29.069954536581875,138.62270371593445,31.79953849043441,10.78748232123329,31.680239772333977,115.50088231839364,1.325,34.64819296282663,142.39612625551993,31.04772004241782,128.61832896325035,57,150.0,1,9.0,31,86.11111111111111,3,5.166666666666667,-63.888888888888886,-3.833333333333333,0
1216501,2020-10-07,0,5,51,159.92307692307693,159.92307692307693,0.4,0.1,1,0,1,13,7,0.5609756097560976,0.4845360824742268,0.625,0.3333333333333333,0.4,0.4,2,2,179.0,174.4,7.343088063238921,7.4133771625965945,185.0,163.66666666666666,175.0,15.22401898648799,13.206060312117305,2020,28.999425064912007,132.6488262867451,33.59750615037239,9.479041524807258,31.588923199272866,118.49566551215494,1.7134920634920636,21.189284346935153,125.18079407766903,32.002234790074745,8.713128012023434,31.546946052285147,109.79062716196326,1.5287878787878788,34.45731633272617,131.71087955418488,25.720852795861074,140.66419916948178,52,133.33333333333331,1,8.0,54,145.94594594594594,1,8.756756756756756,12.612612612612622,0.7567567567567561,0
1216542,2020-10-08,9,13,13,164.14285714285714,164.14285714285714,0.2,0.5,1,0,1,11,13,0.43820224719101125,0.4888888888888889,0.35714285714285715,0.42857142857142855,0.3,0.3,2,2,193.6,167.8,7.228981446498258,7.471884685926699,184.05263157894737,183.73333333333332,163.66666666666666,13.089733575189943,15.629254942571325,2020,19.37248132029474,118.36949656216674,35.26777067838067,8.783360376676528,30.888430968526105,96.75741276497192,1.6381313131313129,28.359970385417004,137.27737857955677,36.552758715722746,9.042926342406409,37.53619592582358,104.41031709216936,1.4579365079365079,30.55000655780707,137.23916029095065,34.13412295736763,143.25787811139153,58,152.63157894736844,0,9.157894736842106,45,125.0,2,7.5,-27.63157894736844,-1.6578947368421062,0
1216500,2020-10-09,1,10,50,182.4,182.4,0.3,0.4,0,0,0,9,11,0.4166666666666667,0.43209876543209874,0.16666666666666666,0.5,0.7,0.5,3,2,181.6,192.0,7.541540454940284,7.369295210659598,184.9,170.33333333333334,171.93333333333334,11.575572691913067,15.13317379360884,2020,23.89267709212358,132.90536728298198,33.781823010602835,8.242146996968359,28.732193519933464,131.07332177798122,1.5499999999999998,21.17702504255543,124.72984293759336,35.26667394957109,11.481537097152213,40.75364675659626,102.03113111660873,1.4863636363636366,30.8169487307118,147.52414757733249,34.64819296282663,142.39612625551993,51,130.76923076923077,3,7.846153846153847,41,107.89473684210526,1,6.473684210526316,22.874493927125513,1.3724696356275308,1
1216523,2020-10-10,9,5,51,160.42857142857142,160.42857142857142,0.3,0.6,1,0,1,8,17,0.43333333333333335,0.4845360824742268,0.3333333333333333,0.3333333333333333,0.2,0.5,1,3,199.8,181.2,7.343088063238921,7.471884685926699,184.85714285714286,186.06666666666666,172.46666666666667,15.899223258056043,15.469064233827371,2020,28.8672258548838,144.89084825666723,35.26777067838067,9.211202047110495,31.943928506217684,110.94216149768658,1.597222222222222,27.16837414919384,142.48867613751443,32.002234790074745,9.11307715509007,29.595766415495707,126.0809360251453,1.5746031746031746,30.55000655780707,137.23916029095065,25.720852795861074,140.66419916948178,25,69.44444444444444,2,4.166666666666666,47,130.55555555555557,0,7.833333333333334,61.11111111111113,3.666666666666668,0
1216525,2020-10-10,12,0,13,166.6,166.6,0.4,0.1,0,1,1,8,15,0.4578313253012048,0.5542168674698795,0.2727272727272727,0.625,0.6,0.3,3,1,178.8,180.0,7.473946953725018,7.4133771625965945,184.85714285714286,182.93333333333334,164.06666666666666,14.783790111757563,15.103185851091629,2020,29.28618483055065,134.81687518194113,36.4867354576207,8.76599827623834,50.70747029762987,137.9560542216222,1.5535383597883596,24.835930073618762,132.3945011363765,33.59750615037239,9.119236282631011,30.58385792475176,108.15768014422274,1.6927777777777777,37.310471530784035,139.3538685980196,34.45731633272617,131.71087955418488,36,87.8048780487805,1,5.2682926829268295,26,70.27027027027027,2,4.216216216216217,17.53460777851022,1.0520764667106128,1
1216529,2020-10-11,1,7,51,160.66666666666666,160.66666666666666,0.2,0.5,0,1,1,12,12,0.4166666666666667,0.5416666666666666,0.16666666666666666,0.42857142857142855,0.7,0.8,4,4,189.0,189.8,7.541540454940284,7.176359235003536,183.2608695652174,172.66666666666666,175.53333333333333,12.988230623560302,17.9556096088888,2020,30.172084043066754,135.53723089555623,32.71670091833876,7.791518796710794,23.87208790027939,154.83714802569293,1.3633333333333335,28.723305438886346,139.90146977405803,31.79953849043441,10.435388377666726,31.709356657859757,110.81352683567941,1.3357142857142856,30.8169487307118,147.52414757733249,31.04772004241782,128.61832896325035,46,121.05263157894737,2,7.2631578947368425,44,118.91891891891892,1,7.135135135135135,2.1337126600284506,0.1280227596017074,0
1216507,2020-10-11,13,10,13,166.75,170.2,0.3,0.4,0,1,1,8,12,0.4888888888888889,0.4268292682926829,0.42857142857142855,0.5,0.4,0.4,3,1,175.4,185.6,7.228981446498258,7.369295210659598,183.2608695652174,168.0,173.66666666666666,13.688735621217898,16.35679641517445,2020,30.658672773293308,129.25856780128896,36.552758715722746,8.38439893886554,31.39612884160756,98.40852385876923,1.3211111111111111,28.6876961839559,137.14190650662835,34.07484599258184,9.442695905451984,37.901741991122684,115.69987592364949,1.4896825396825395,34.13412295736763,143.25787811139153,34.64819296282663,142.39612625551993,26,72.22222222222221,1,4.333333333333333,36,100.0,3,6.0,-27.777777777777786,-1.666666666666667,0
1216540,2020-10-12,5,12,50,182.54545454545453,182.54545454545453,0.4,0.3,1,0,1,14,10,0.4845360824742268,0.4578313253012048,0.3333333333333333,0.2727272727272727,0.6,0.7,4,3,175.0,177.6,7.473946953725018,7.343088063238921,181.4,174.13333333333333,178.8,13.364101769129762,15.124423408688283,2020,21.317861904435688,115.69065485654377,32.002234790074745,8.9105107801597,31.885036490846993,103.84877975972627,1.56,32.31823728680958,134.76633782681668,34.72987193796832,8.656822348044516,55.63556442080378,134.83787413566827,1.487847222222222,25.720852795861074,140.66419916948178,37.310471530784035,139.3538685980196,47,130.55555555555557,0,7.833333333333334,43,113.1578947368421,1,6.789473684210526,-17.397660818713476,-1.0438596491228083,0
1216528,2020-10-13,0,13,13,166.23529411764707,169.66666666666666,0.1,0.3,0,1,1,15,8,0.5476190476190477,0.4888888888888889,0.625,0.42857142857142855,0.3,0.4,1,3,170.6,178.6,7.4133771625965945,7.228981446498258,181.8846153846154,166.53333333333333,168.53333333333333,16.571179752607538,12.846876065919737,2020,27.23241259202345,134.28199389879245,33.59750615037239,9.215844327192912,30.468857702607917,108.60930256123082,1.6909722222222219,22.81910558483976,118.3948099142568,36.552758715722746,8.103345440910003,31.567318436495952,87.60269551334451,1.3983333333333334,34.45731633272617,131.71087955418488,34.13412295736763,143.25787811139153,44,118.91891891891892,2,7.135135135135135,40,105.26315789473684,2,6.315789473684211,13.655761024182084,0.8193456614509245,1
1216543,2020-10-14,10,1,13,166.27777777777777,171.46666666666667,0.2,0.3,1,0,1,11,10,0.43373493975903615,0.4166666666666667,0.5,0.16666666666666666,0.5,0.6,1,3,172.6,186.4,7.541540454940284,7.369295210659598,181.33333333333334,174.93333333333334,171.6,17.46719518187719,14.845715495591083,2020,25.468398076600085,134.85480361355542,34.07484599258184,9.112305485319402,35.49760289009673,110.2224784520801,1.4950617283950618,28.77219124801017,135.27869474396587,32.71670091833876,7.720461253760527,25.28142741689949,152.0727454548662,1.386111111111111,34.64819296282663,142.39612625551993,30.8169487307118,147.52414757733249,47,114.6341463414634,2,6.878048780487804,50,138.88888888888889,2,8.333333333333332,24.25474254742548,1.4552845528455283,0
1216531,2020-10-15,12,9,50,183.5,183.5,0.4,0.6,0,1,1,12,13,0.4578313253012048,0.42857142857142855,0.2727272727272727,0.3333333333333333,0.7,0.2,3,0,183.8,191.4,7.473946953725018,7.471884685926699,180.60714285714286,181.2,186.33333333333334,16.298173856184697,16.81069251883638,2020,27.09434081727035,135.86773258043385,36.4867354576207,8.742936876449797,45.59440480655573,123.11138590431187,1.574780206622879,35.502893245938054,146.9748235415933,39.59489407581657,8.336377669015715,34.03320774231678,126.46117005401653,1.4861111111111112,37.310471530784035,139.3538685980196,30.55000655780707,137.23916029095065,57,150.0,1,9.0,56,151.35135135135135,0,9.08108108108108,-1.3513513513513544,-0.0810810810810807,0
1216526,2020-10-16,7,5,51,160.75,160.6,0.4,0.5,1,0,1,20,6,0.5463917525773195,0.47959183673469385,0.42857142857142855,0.3333333333333333,0.8,0.6,5,3,189.8,185.4,7.343088063238921,7.176359235003536,180.27586206896552,173.2,179.86666666666667,15.408040481604111,17.0812713485641,2020,30.627177700348433,140.41466171760942,31.45528455284553,8.341807423455773,31.54229519003455,115.79691562749392,1.5138888888888888,27.16837414919384,142.48867613751443,32.002234790074745,9.11307715509007,29.595766415495707,126.0809360251453,1.5746031746031746,31.04772004241782,128.61832896325035,25.720852795861074,140.66419916948178,33,82.5,2,4.949999999999999,51,141.66666666666669,0,8.5,59.166666666666686,3.5500000000000007,1
1216522,2020-10-17,12,10,13,166.0,169.93333333333334,0.3,0.4,1,0,1,9,10,0.4578313253012048,0.42857142857142855,0.2727272727272727,0.5,0.6,0.4,3,1,176.8,170.0,7.369295210659598,7.473946953725018,179.2,178.93333333333334,175.6,14.310939032668898,16.523749628289185,2020,29.639775014632846,132.03107974012633,34.72987193796832,8.344970073557564,48.388451536643025,126.26773520597051,1.4389957264957265,27.028966025225746,137.89019615103115,34.07484599258184,9.225885138545195,32.153903872824515,103.46214143591497,1.4769841269841268,37.310471530784035,139.3538685980196,34.64819296282663,142.39612625551993,52,130.0,1,7.800000000000001,47,123.6842105263158,1,7.421052631578948,-6.315789473684205,-0.3789473684210529,1
1216509,2020-10-17,0,1,50,182.53846153846155,182.53846153846155,0.1,0.2,0,1,1,15,7,0.5476190476190477,0.4166666666666667,0.625,0.16666666666666666,0.4,0.7,2,4,169.0,186.2,7.4133771625965945,7.541540454940284,179.2,166.93333333333334,172.0,17.386744654235805,14.037006464228561,2020,30.104267514002277,134.2336884320555,33.59750615037239,9.63728948110878,31.62105559221708,116.64573674830775,1.7462962962962962,28.77219124801017,135.27869474396587,32.71670091833876,7.720461253760527,25.28142741689949,152.0727454548662,1.386111111111111,34.45731633272617,131.71087955418488,30.8169487307118,147.52414757733249,39,105.40540540540539,1,6.324324324324324,41,113.88888888888889,2,6.833333333333333,-8.483483483483496,-0.5090090090090094,0
1216533,2020-10-19,10,0,51,160.0,156.8,0.1,0.3,1,0,1,8,14,0.42857142857142855,0.5476190476190477,0.5,0.625,0.3,0.3,1,2,174.6,172.0,7.4133771625965945,7.369295210659598,179.125,174.93333333333334,167.2,14.366973428617795,13.514003026251439,2020,30.39066581400085,136.18513771567058,34.07484599258184,9.815657583402192,32.4240459304289,103.30255356583652,1.45,28.999425064912007,132.6488262867451,33.59750615037239,9.479041524807258,31.588923199272866,118.49566551215494,1.7134920634920636,34.64819296282663,142.39612625551993,34.45731633272617,131.71087955418488,43,119.44444444444444,2,7.166666666666666,31,86.11111111111111,3,5.166666666666667,-33.33333333333333,-1.9999999999999991,1
1216546,2020-10-20,9,1,13,166.55,172.33333333333334,0.2,0.5,1,0,1,14,10,0.43478260869565216,0.4235294117647059,0.3333333333333333,0.16666666666666666,0.3,0.7,1,4,181.0,176.4,7.541540454940284,7.471884685926699,177.4848484848485,187.73333333333332,172.73333333333332,16.289808586634614,16.797720674570925,2020,27.981462092470277,138.50871718232617,39.59489407581657,8.4539498217409,38.3665368283622,101.37018237354803,1.481746031746032,30.355209698373198,142.0070877024423,33.781823010602835,8.502783592925036,29.52544953076868,151.47315108925017,1.502777777777778,30.55000655780707,137.23916029095065,30.8169487307118,147.52414757733249,53,139.4736842105263,1,8.368421052631579,57,146.15384615384613,3,8.769230769230768,6.680161943319831,0.4008097165991895,1
1216494,2020-10-21,5,12,51,158.05555555555554,156.26666666666668,0.3,0.3,0,1,1,14,11,0.47959183673469385,0.4642857142857143,0.3333333333333333,0.2727272727272727,0.5,0.6,2,3,180.2,181.4,7.343088063238921,7.473946953725018,177.08823529411765,177.86666666666667,180.8,16.013590812716224,14.281094814638317,2020,24.347682731715174,132.89397408788102,31.366983298173636,8.897505132216027,30.05202310243741,133.8935269513277,1.5305555555555554,26.687718768291056,127.06611440690813,29.274983049079434,8.298824145197424,52.63653221040189,113.41186958466369,1.4195779914529914,25.720852795861074,140.66419916948178,37.310471530784035,139.3538685980196,17,45.94594594594595,4,2.756756756756757,44,115.78947368421053,0,6.947368421052632,-69.84352773826458,-4.190611664295875,0
1216518,2020-10-22,10,13,13,166.42857142857142,175.0,0.3,0.2,0,0,0,13,8,0.43529411764705883,0.4835164835164835,0.5,0.42857142857142855,0.4,0.3,2,2,161.0,179.6,7.369295210659598,7.228981446498258,174.42857142857142,171.13333333333333,169.33333333333334,17.8238275865551,14.54510800527162,2020,26.921178605405863,138.39804459779418,34.07484599258184,9.232843670984327,36.67038017443575,110.26516921097107,1.4944444444444445,32.398424354895724,134.29270839025554,34.263116531165316,7.764776893499061,33.102652186761226,111.82017309572822,1.1527777777777777,34.64819296282663,142.39612625551993,34.13412295736763,143.25787811139153,47,127.02702702702702,1,7.621621621621621,58,148.71794871794873,2,8.923076923076923,-21.690921690921712,-1.3014553014553023,0
1216521,2020-10-23,0,7,50,182.28571428571428,182.28571428571428,0.1,0.4,0,0,0,12,17,0.5476190476190477,0.5510204081632653,0.625,0.42857142857142855,0.3,0.9,1,5,161.4,180.4,7.4133771625965945,7.176359235003536,173.86111111111111,165.2,170.6,7.888872965378834,14.812429347084118,2020,24.422334773298584,128.31075872304308,37.00508703336311,9.16898219822208,30.427528895822682,104.80371159814895,1.6694444444444443,30.174917491749177,135.81490099583658,30.174917491749177,16.26477689349906,31.396128841607563,106.40417153483467,1.0916666666666666,34.45731633272617,131.71087955418488,31.04772004241782,128.61832896325035,24,63.1578947368421,5,3.789473684210526,52,144.44444444444443,0,8.666666666666666,-81.28654970760232,-4.87719298245614,0
1216498,2020-10-24,9,13,13,165.86363636363637,173.8,0.4,0.2,0,0,0,11,14,0.44086021505376344,0.4891304347826087,0.3333333333333333,0.42857142857142855,0.4,0.4,2,2,175.6,177.6,7.471884685926699,7.228981446498258,172.24324324324326,185.53333333333333,170.8,15.34157791237477,13.266315583358901,2020,24.323616515785446,129.36958314341877,39.59489407581657,8.94993412037633,37.07756496291216,92.1502165930761,1.6222222222222222,20.074597445363146,118.73265049118405,34.263116531165316,8.432612595805228,33.08171981863107,81.58510575016652,1.4777777777777774,30.55000655780707,137.23916029095065,34.13412295736763,143.25787811139153,47,130.55555555555557,1,7.833333333333334,52,136.8421052631579,0,8.210526315789474,-6.286549707602319,-0.3771929824561404,1
1216497,2020-10-24,5,1,51,154.1578947368421,150.06666666666666,0.3,0.2,0,0,0,13,10,0.47959183673469385,0.4235294117647059,0.3333333333333333,0.16666666666666666,0.4,0.6,2,3,151.4,170.0,7.343088063238921,7.541540454940284,172.24324324324326,172.73333333333332,172.8,17.521091088313725,14.991839771553465,2020,26.918551825331928,139.5990540090345,31.366983298173636,8.777936857997068,29.812870616627265,119.1412581308645,1.525925925925926,24.884422173389616,131.5974228999055,33.781823010602835,7.967486345764433,26.846612579676094,129.4768065972555,1.4949999999999999,25.720852795861074,140.66419916948178,30.8169487307118,147.52414757733249,36,100.0,2,6.0,36,92.3076923076923,2,5.538461538461538,7.692307692307693,0.4615384615384617,1
1216541,2020-10-25,10,7,51,156.15,158.33333333333334,0.4,0.2,1,0,1,10,11,0.43529411764705883,0.5555555555555556,0.5,0.42857142857142855,0.3,0.9,2,5,155.0,165.0,7.176359235003536,7.369295210659598,171.6153846153846,170.66666666666666,166.8,12.634344862523028,13.632238735537523,2020,28.26899264485956,132.9035235938636,30.090364176885917,10.13718353250321,32.681025202634245,93.53737103525877,1.4333333333333333,28.89896165259134,138.19250602104336,31.865149051490516,10.51922557441758,31.79451792094655,114.82457452659936,1.342063492063492,34.64819296282663,142.39612625551993,31.04772004241782,128.61832896325035,59,147.5,1,8.850000000000001,55,148.64864864864865,2,8.91891891891892,1.1486486486486456,0.06891891891891788,1
1216544,2020-10-25,0,12,13,164.1304347826087,171.33333333333334,0.3,0.1,1,0,1,15,9,0.5476190476190477,0.47058823529411764,0.625,0.2727272727272727,0.2,0.7,1,4,150.8,159.0,7.473946953725018,7.4133771625965945,171.6153846153846,160.86666666666667,174.86666666666667,16.697143350372155,13.000720193563035,2020,34.952490771711076,134.5648378252211,37.00508703336311,10.397165340248591,31.396128841607563,113.08712089461517,1.8041666666666667,26.045040355240864,135.17063739478354,34.72987193796832,8.05915329356155,41.13419139192159,111.83968941386539,1.4750667735042735,34.45731633272617,131.71087955418488,37.310471530784035,139.3538685980196,46,117.94871794871796,1,7.076923076923077,48,133.33333333333331,1,8.0,15.384615384615358,0.9230769230769234,1
1216520,2020-10-26,9,5,50,177.73333333333332,177.73333333333332,0.4,0.4,1,1,0,8,18,0.44086021505376344,0.47959183673469385,0.3333333333333333,0.3333333333333333,0.5,0.5,3,2,165.2,156.8,7.343088063238921,7.471884685926699,171.53658536585365,182.4,171.46666666666667,16.643355015530577,12.524875664715571,2020,34.713817615685954,144.25621625635767,39.59489407581657,9.453989222266184,34.03320774231678,107.50664122931676,1.648611111111111,20.096069590676915,118.41003954444501,31.366983298173636,8.667496194231658,31.889899377530238,110.18333249584506,1.5090909090909093,30.55000655780707,137.23916029095065,25.720852795861074,140.66419916948178,54,145.94594594594594,3,8.756756756756756,36,100.0,0,6.0,-45.94594594594594,-2.756756756756756,1
1216524,2020-10-27,13,1,13,163.33333333333334,167.26666666666668,0.2,0.3,0,0,0,14,13,0.4838709677419355,0.4186046511627907,0.42857142857142855,0.16666666666666666,0.4,0.6,2,2,161.2,172.0,7.228981446498258,7.541540454940284,171.0,168.6,173.0,15.96732380298297,15.419649047668164,2020,32.42321917453311,128.62668741741865,35.1483142712783,8.348110226832395,31.396128841607563,85.61423676053494,1.2722222222222221,23.513111066717837,128.724929909005,33.781823010602835,8.055619652016388,26.94103379076366,121.47242158192059,1.5595959595959596,34.13412295736763,143.25787811139153,30.8169487307118,147.52414757733249,77,213.88888888888889,0,12.833333333333332,54,138.46153846153845,2,8.307692307692307,75.42735042735043,4.5256410256410255,1
1216499,2020-10-28,12,7,51,158.0,162.53333333333333,0.3,0.5,0,0,0,9,16,0.47058823529411764,0.5555555555555556,0.2727272727272727,0.42857142857142855,0.6,0.8,3,4,154.2,162.4,7.473946953725018,7.176359235003536,172.11627906976744,173.13333333333333,168.6,13.000911022878924,16.542607937915545,2020,27.2497943513868,136.7595157225954,36.4867354576207,8.353731560324722,40.20074835034941,126.39607491782225,1.5431885574742716,28.89896165259134,138.19250602104336,31.865149051490516,10.51922557441758,31.79451792094655,114.82457452659936,1.342063492063492,37.310471530784035,139.3538685980196,31.04772004241782,128.61832896325035,54,150.0,0,9.0,45,121.62162162162163,1,7.297297297297297,28.378378378378372,1.7027027027027026,0
1216536,2020-10-29,0,5,13,165.56,170.2,0.3,0.0,1,1,0,13,8,0.5529411764705883,0.47959183673469385,0.625,0.3333333333333333,0.3,0.5,2,1,146.0,153.8,7.343088063238921,7.4133771625965945,171.9318181818182,159.2,170.8,15.386321064294803,16.729325017143065,2020,31.04774049518018,134.51419739677496,35.48445211272819,8.392215112275133,31.62105559221708,117.57051004264628,1.5546296296296296,27.43415553282419,140.3960942270305,32.55859549860937,8.742453562140074,30.03905036305302,127.01903758155733,1.5246031746031743,34.45731633272617,131.71087955418488,25.720852795861074,140.66419916948178,48,133.33333333333331,0,8.0,44,118.91891891891892,0,7.135135135135135,-14.414414414414395,-0.8648648648648649,1
1216537,2020-10-30,10,9,51,158.27272727272728,162.66666666666666,0.4,0.2,1,1,0,11,8,0.4418604651162791,0.44680851063829785,0.5,0.3333333333333333,0.3,0.5,2,4,162.4,154.8,7.471884685926699,7.369295210659598,171.93333333333334,170.93333333333334,180.2,15.019080108335826,14.598476170127087,2020,30.39066581400085,136.18513771567058,34.07484599258184,9.815657583402192,32.4240459304289,103.30255356583652,1.45,30.202322021047255,143.29364332542414,39.59489407581657,9.067475286990824,37.635959633089236,93.79552688600621,1.5814814814814817,34.64819296282663,142.39612625551993,30.55000655780707,137.23916029095065,53,132.5,1,7.949999999999999,66,183.33333333333331,1,11.0,50.833333333333314,3.0500000000000007,1
1216535,2020-10-31,1,7,13,165.80769230769232,170.06666666666666,0.4,0.5,0,0,0,12,13,0.41379310344827586,0.56,0.14285714285714285,0.42857142857142855,0.5,0.8,2,4,183.4,156.6,7.541540454940284,7.176359235003536,172.2173913043478,175.13333333333333,168.8,9.754599520724376,16.76322514331122,2020,23.688131637578124,131.78318864860825,33.781823010602835,8.356262554459846,31.099381019933464,126.63039137505082,1.5435897435897437,31.79953849043441,140.07791055703134,31.79953849043441,13.509851262332708,31.396128841607563,123.30583636581333,1.1722222222222223,30.8169487307118,147.52414757733249,31.04772004241782,128.61832896325035,22,59.45945945945946,2,3.5675675675675675,38,105.55555555555556,0,6.333333333333334,-46.0960960960961,-2.7657657657657664,0
1216502,2020-10-31,13,12,50,175.9375,178.0,0.3,0.3,1,1,0,13,12,0.4838709677419355,0.47058823529411764,0.42857142857142855,0.2727272727272727,0.5,0.5,2,2,164.8,148.2,7.473946953725018,7.228981446498258,172.2173913043478,171.53333333333333,169.86666666666667,16.15999234202362,15.180975582593959,2020,28.188447940567674,133.37862047079656,35.1483142712783,8.46021622919786,33.32526371029983,93.60331345446878,1.401851851851852,23.90005291886434,128.43433599891785,34.689376623376624,8.253631415650432,38.00747820105114,111.95261631539523,1.535214043619216,34.13412295736763,143.25787811139153,37.310471530784035,139.3538685980196,30,81.08108108108108,2,4.864864864864865,58,145.0,1,8.7,63.91891891891892,3.8351351351351344,1
1216530,2020-11-01,5,10,13,163.74074074074073,166.46666666666667,0.3,0.2,0,0,0,11,8,0.47959183673469385,0.4482758620689655,0.3333333333333333,0.5,0.4,0.4,1,3,149.4,167.2,7.343088063238921,7.369295210659598,169.83333333333334,170.6,171.6,15.033746560233553,13.967093793619112,2020,23.823940127735554,136.73312859408452,32.002234790074745,8.880533430458627,32.307008137978144,120.63034325086515,1.537037037037037,22.269598426309162,124.03524336058572,34.07484599258184,9.095080061796674,36.56208831503781,99.26427890668025,1.5545454545454547,25.720852795861074,140.66419916948178,34.64819296282663,142.39612625551993,55,152.77777777777777,1,9.166666666666666,41,107.89473684210526,5,6.473684210526316,44.88304093567251,2.69298245614035,1
1216506,2020-11-01,9,0,51,159.43478260869566,162.0,0.3,0.0,0,0,0,8,13,0.44680851063829785,0.5581395348837209,0.3333333333333333,0.625,0.4,0.4,4,2,159.0,147.0,7.471884685926699,7.4133771625965945,169.83333333333334,181.66666666666666,161.93333333333334,11.825988206244652,14.576303127701411,2020,25.104782347502745,130.3188720930176,39.59489407581657,9.165715343402866,37.789036643026,96.41090346531902,1.64375,35.05555032831116,133.602245227664,35.05555032831116,11.019702524665414,31.396128841607563,110.22532298619255,1.9000000000000001,30.55000655780707,137.23916029095065,34.45731633272617,131.71087955418488,53,147.22222222222223,1,8.833333333333334,57,150.0,0,9.0,-2.7777777777777715,-0.16666666666666607,0
1216505,2020-11-02,12,1,51,159.16666666666666,162.73333333333332,0.2,0.4,0,0,0,13,9,0.47058823529411764,0.41379310344827586,0.2727272727272727,0.14285714285714285,0.5,0.5,2,1,138.0,173.2,7.473946953725018,7.541540454940284,169.92,167.13333333333333,170.53333333333333,17.067395496821625,15.660756391797287,2020,26.21457174096513,135.08032200267064,36.4867354576207,8.782296380582027,42.63417753382846,119.790944091223,1.6051621510673235,30.69792050317868,137.53740417685816,33.781823010602835,7.914524628425348,25.126094723834086,158.248199140614,1.388888888888889,37.310471530784035,139.3538685980196,30.8169487307118,147.52414757733249,40,108.10810810810811,1,6.486486486486487,53,147.22222222222223,1,8.833333333333334,-39.114114114114116,-2.346846846846847,0
1216495,2020-11-03,13,7,50,172.64705882352942,173.26666666666668,0.5,0.3,1,1,0,11,13,0.48936170212765956,0.5643564356435643,0.42857142857142855,0.42857142857142855,0.6,0.9,3,4,157.2,146.2,7.176359235003536,7.228981446498258,169.5686274509804,168.86666666666667,165.8,13.78002165593539,17.692783381213513,2020,32.1453084055634,133.61459508442292,32.1453084055634,7.264776893499061,31.396128841607563,82.92207792207793,0.9249999999999999,24.228310921217556,128.53412388952412,31.865149051490516,9.696254361608487,30.26249507840791,109.92216666277844,1.346666666666667,34.13412295736763,143.25787811139153,31.04772004241782,128.61832896325035,48,133.33333333333331,2,8.0,56,147.36842105263156,0,8.842105263157894,14.035087719298247,0.8421052631578938,1
1237177,2020-11-05,7,1,13,164.71428571428572,167.33333333333334,0.4,0.3,0,0,0,14,12,0.5643564356435643,0.42045454545454547,0.42857142857142855,0.14285714285714285,0.8,0.5,3,1,146.4,167.8,7.176359235003536,7.541540454940284,169.17307692307693,160.26666666666668,173.0,17.618487998874475,12.41688985989576,2020,28.723305438886346,139.90146977405803,31.79953849043441,10.435388377666726,31.709356657859757,110.81352683567941,1.3357142857142856,24.700521637360424,129.57506813072402,33.781823010602835,7.9406059011985235,27.097882918933887,137.8441189223955,1.4351851851851853,31.04772004241782,128.61832896325035,30.8169487307118,147.52414757733249,63,170.27027027027026,1,10.216216216216216,32,84.21052631578947,4,5.052631578947368,86.0597439544808,5.163584637268848,1
1237178,2020-11-06,12,13,51,158.88,162.06666666666666,0.2,0.3,0,0,0,12,14,0.47058823529411764,0.49473684210526314,0.2727272727272727,0.42857142857142855,0.4,0.6,1,4,133.0,153.6,7.473946953725018,7.228981446498258,169.75471698113208,163.8,164.66666666666666,14.921192643701026,14.128973136121912,2020,24.227717991608927,125.43420332131751,36.4867354576207,8.520203870946466,44.594559439778074,117.22650257021456,1.545568783068783,24.46611619996664,120.38173160688454,35.1483142712783,8.406446208190301,30.845830638446557,81.16809219035548,1.385185185185185,37.310471530784035,139.3538685980196,34.13412295736763,143.25787811139153,32,86.48648648648648,2,5.1891891891891895,48,120.0,2,7.199999999999999,-33.513513513513516,-2.01081081081081,0
1237180,2020-11-08,1,13,51,157.80769230769232,158.06666666666666,0.3,0.3,0,1,1,13,15,0.4157303370786517,0.5,0.125,0.42857142857142855,0.4,0.6,1,4,175.0,149.0,7.541540454940284,7.228981446498258,169.03703703703704,175.53333333333333,161.73333333333332,16.4940153982096,13.639708268620112,2020,31.51196592376212,140.91513034035867,33.781823010602835,8.497429554110418,29.151313668600903,145.6972185365374,1.5000000000000002,19.328471984788347,115.90246015121679,35.1483142712783,8.54340965121536,33.48394194124376,73.36752198087996,1.487222222222222,30.8169487307118,147.52414757733249,34.13412295736763,143.25787811139153,65,175.67567567567568,0,10.54054054054054,49,125.64102564102564,3,7.538461538461538,50.03465003465004,3.002079002079002,1
1237181,2020-11-10,1,7,13,165.93103448275863,167.6,0.4,0.4,0,1,1,12,15,0.4157303370786517,0.5643564356435643,0.125,0.42857142857142855,0.4,0.8,2,3,174.0,163.6,7.541540454940284,7.176359235003536,169.4,178.33333333333334,164.73333333333332,13.191107362689943,17.853579666968496,2020,29.923470488354855,137.6543284611686,33.781823010602835,7.836045901365898,26.15495619185779,145.34101622737182,1.4047619047619049,28.723305438886346,139.90146977405803,31.79953849043441,10.435388377666726,31.709356657859757,110.81352683567941,1.3357142857142856,30.8169487307118,147.52414757733249,31.04772004241782,128.61832896325035,41,113.88888888888889,3,6.833333333333333,61,169.44444444444443,1,10.166666666666666,-55.55555555555554,-3.333333333333333,0
1254058,2021-04-09,7,12,28,167.0,167.0,0.3,0.1,0,0,0,17,9,0.5686274509803921,0.47058823529411764,0.42857142857142855,0.2727272727272727,0.8,0.4,4,0,155.8,142.4,7.176359235003536,7.473946953725018,159.32203389830508,166.4,160.06666666666666,15.47582804817765,12.859091023878324,2021,24.96926605360676,131.2603223863932,32.936290627186544,9.914684701411296,30.791068718757508,111.66197408054485,1.3012345679012347,22.702198365523365,127.49383304850176,36.61530254930255,8.481634842269374,38.822585493919014,98.05901002423316,1.5611111111111111,31.04772004241782,128.61832896325035,37.310471530784035,139.3538685980196,41,113.88888888888889,1,6.833333333333333,46,117.94871794871796,2,7.076923076923077,-4.05982905982907,-0.2435897435897436,0
1254059,2021-04-10,0,1,57,167.0,167.0,0.0,0.4,0,0,0,15,8,0.5632183908045977,0.4157303370786517,0.625,0.125,0.5,0.4,3,2,141.8,161.4,7.4133771625965945,7.541540454940284,159.0,162.33333333333334,177.06666666666666,15.238342130520511,15.495988880184793,2021,30.83538520331791,135.19132474100275,37.00508703336311,9.144510536896433,32.76830090646874,104.69165040344708,1.6701388888888888,30.32315714934728,141.7032335944798,32.240400008653516,8.871786942638023,28.59010987534924,168.30076304844107,1.5833333333333335,34.45731633272617,131.71087955418488,30.8169487307118,147.52414757733249,33,89.1891891891892,2,5.351351351351351,65,180.55555555555557,0,10.833333333333334,-91.36636636636638,-5.481981981981983,0
1254060,2021-04-11,13,5,28,159.0,159.0,0.4,0.3,1,1,0,9,18,0.4948453608247423,0.47959183673469385,0.42857142857142855,0.3333333333333333,0.6,0.4,4,2,161.6,158.0,7.343088063238921,7.228981446498258,173.5,163.53333333333333,167.86666666666667,15.392139893954939,16.25159950544898,2021,26.423368931913235,137.39477726509375,34.263116531165316,8.523073789991857,36.92001013171226,99.0171685275698,1.3626984126984125,27.3583092141289,138.51358179033681,32.002234790074745,8.926294733005497,29.41746049397099,110.44918999339926,1.5547619047619048,34.13412295736763,143.25787811139153,25.720852795861074,140.66419916948178,50,138.88888888888889,0,8.333333333333332,35,97.22222222222221,2,5.833333333333333,-41.66666666666667,-2.499999999999999,0
1254061,2021-04-12,9,10,57,188.0,188.0,0.2,0.3,0,0,0,8,12,0.44680851063829785,0.4431818181818182,0.3333333333333333,0.5,0.4,0.4,3,3,155.4,170.0,7.471884685926699,7.369295210659598,178.0,178.4,173.66666666666666,16.28075765781922,16.01473157994959,2021,29.086835213972428,141.05264403422836,39.59489407581657,8.827500081836305,39.161832995609586,120.21028110896698,1.557142857142857,27.031379427585673,141.37004433259148,33.57092277554387,8.66376411950856,37.90956022036474,123.68217027429566,1.6247023809523808,30.55000655780707,137.23916029095065,34.64819296282663,142.39612625551993,46,117.94871794871796,1,7.076923076923077,59,159.45945945945945,2,9.567567567567567,-41.5107415107415,-2.49064449064449,1
1254062,2021-04-13,7,5,28,173.0,173.0,0.2,0.3,0,0,0,21,6,0.5686274509803921,0.47959183673469385,0.42857142857142855,0.3333333333333333,0.7,0.5,3,3,154.8,178.6,7.176359235003536,7.343088063238921,188.75,167.06666666666666,168.13333333333333,14.714468823194006,14.44624664928528,2021,22.937563807220442,127.87208214314062,31.79953849043441,9.68915868576224,30.610628513548427,102.78534180084857,1.32,25.053282774475868,139.97197619858613,32.002234790074745,8.690227535878117,29.344185166196844,113.44437804639588,1.5117283950617282,31.04772004241782,128.61832896325035,25.720852795861074,140.66419916948178,42,110.5263157894737,1,6.631578947368421,45,121.62162162162163,0,7.297297297297297,-11.095305832147929,-0.6657183499288761,1
1254063,2021-04-14,13,12,28,166.0,166.0,0.1,0.2,1,1,0,15,12,0.4897959183673469,0.47674418604651164,0.42857142857142855,0.2727272727272727,0.5,0.4,3,1,155.2,145.2,7.473946953725018,7.228981446498258,181.4,165.13333333333333,159.0,14.55952817267636,15.657461464876908,2021,20.931163593394604,123.53871691571551,34.263116531165316,8.286509620760054,34.133529278475,84.7273810376031,1.4494444444444443,25.050168591824843,129.7457050653823,34.689376623376624,8.485076951020892,41.56946310866495,101.87564120717012,1.5444444444444445,34.13412295736763,143.25787811139153,37.310471530784035,139.3538685980196,47,123.6842105263158,1,7.421052631578948,50,128.2051282051282,1,7.692307692307693,4.52091767881241,0.2712550607287456,0
1254064,2021-04-15,1,10,57,204.5,204.5,0.5,0.3,0,0,0,11,11,0.4222222222222222,0.43820224719101125,0.125,0.4444444444444444,0.4,0.4,3,2,177.0,189.2,7.541540454940284,7.369295210659598,176.0,178.8,180.73333333333332,14.321501421262266,16.629190826931765,2021,23.813762677308073,124.21154742932909,32.90468255467258,8.380324223831206,27.173342549964815,135.62374123124897,1.537777777777778,26.898957739022073,139.35801070964794,34.93679739947707,8.673081388304702,36.556624843504274,132.69841443389842,1.549118165784832,30.8169487307118,147.52414757733249,34.64819296282663,142.39612625551993,36,97.2972972972973,3,5.837837837837839,26,72.22222222222221,3,4.333333333333333,25.07507507507509,1.5045045045045056,0
1254065,2021-04-16,9,0,57,185.33333333333334,185.33333333333334,0.2,0.1,0,0,0,8,14,0.44680851063829785,0.5632183908045977,0.3333333333333333,0.625,0.5,0.4,3,3,166.8,154.4,7.471884685926699,7.4133771625965945,171.85714285714286,179.0,164.93333333333334,13.46946716176473,15.612651904349653,2021,23.775871833089667,127.97228119016762,39.59489407581657,8.687208979683573,37.41459191220763,115.93603874612778,1.595679012345679,30.886409674870436,135.63036982014015,36.44144331685315,9.500916380229036,33.319164048749215,98.19997831570721,1.7444444444444445,30.55000655780707,137.23916029095065,34.45731633272617,131.71087955418488,26,70.27027027027027,4,4.216216216216217,32,88.88888888888889,1,5.333333333333333,-18.618618618618612,-1.1171171171171164,0
1254066,2021-04-17,7,13,28,161.75,161.75,0.2,0.2,0,1,1,13,12,0.5686274509803921,0.48484848484848486,0.42857142857142855,0.42857142857142855,0.7,0.5,3,2,163.2,161.0,7.176359235003536,7.228981446498258,163.625,166.4,165.6,16.66013009569121,11.551883715075153,2021,28.723305438886346,139.90146977405803,31.79953849043441,10.435388377666726,31.709356657859757,110.81352683567941,1.3357142857142856,20.179734632825546,120.54839306045278,34.263116531165316,8.39738159129025,34.85692369864867,89.6751318375278,1.5,31.04772004241782,128.61832896325035,34.13412295736763,143.25787811139153,53,139.4736842105263,0,8.368421052631579,57,154.05405405405406,0,9.243243243243244,-14.580369843527762,-0.8748221906116651,1
1254067,2021-04-18,5,12,28,159.4,159.4,0.0,0.3,1,0,1,14,12,0.47474747474747475,0.47674418604651164,0.3333333333333333,0.2727272727272727,0.4,0.4,2,2,170.2,142.2,7.473946953725018,7.343088063238921,162.11111111111111,169.4,158.06666666666666,15.36404134564677,16.107390352290064,2021,23.84795449702828,131.50669347234455,32.002234790074745,8.576484285395896,28.841766649577153,108.3499402417563,1.4988888888888892,30.11641195841196,138.1447802351532,36.61530254930255,8.55938164404937,41.91307603520564,119.30033855033855,1.5166666666666666,25.720852795861074,140.66419916948178,37.310471530784035,139.3538685980196,45,118.42105263157893,2,7.105263157894736,57,154.05405405405406,2,9.243243243243244,35.63300142247513,2.1379800853485076,0
1254068,2021-04-18,1,9,57,165.5,165.5,0.2,0.5,1,1,0,10,15,0.4222222222222222,0.44680851063829785,0.125,0.3333333333333333,0.3,0.5,2,2,176.0,162.8,7.471884685926699,7.541540454940284,162.11111111111111,173.4,173.86666666666667,15.553560910725393,14.589360486790858,2021,28.935523569650318,133.37716385541037,33.52316354141705,9.877109662438952,31.45942805716742,147.36040174708907,1.4722222222222223,30.646762295089047,144.10071343288703,39.59489407581657,8.57534584015654,36.688805161544515,124.60842319855674,1.5166666666666666,30.8169487307118,147.52414757733249,30.55000655780707,137.23916029095065,59,159.45945945945945,0,9.567567567567567,62,172.22222222222223,1,10.333333333333334,12.762762762762776,0.7657657657657673,1
1254069,2021-04-19,0,10,57,171.4,171.4,0.1,0.3,0,0,0,14,9,0.5681818181818182,0.4444444444444444,0.625,0.4444444444444444,0.5,0.5,4,3,152.8,187.8,7.4133771625965945,7.369295210659598,168.9090909090909,161.2,176.13333333333333,15.703956671985305,14.510666077078872,2021,28.179177727871718,135.05836827810867,37.00508703336311,9.016738143538676,31.70784331952666,104.91998698942434,1.6794444444444445,24.859061965119867,130.8388763053498,34.93679739947707,8.600276420721588,35.79173158992308,124.91428727622285,1.5480952380952377,34.45731633272617,131.71087955418488,34.64819296282663,142.39612625551993,46,127.77777777777777,2,7.666666666666666,45,121.62162162162163,2,7.297297297297297,6.156156156156143,0.3693693693693687,1
1254070,2021-04-20,7,1,28,166.83333333333334,166.83333333333334,0.2,0.6,0,1,1,16,12,0.5686274509803921,0.42857142857142855,0.42857142857142855,0.125,0.7,0.4,4,3,163.4,175.0,7.176359235003536,7.541540454940284,170.5,163.4,173.33333333333334,13.098306516255766,14.394173773912998,2021,22.543446436316103,127.01099955429324,31.79953849043441,9.348521200238478,32.34717199755374,99.93580856354201,1.3161616161616163,28.924954037854373,134.56423868534236,33.52316354141705,9.696749682614707,31.097419227738374,129.8262886866602,1.425,31.04772004241782,128.61832896325035,30.8169487307118,147.52414757733249,55,152.77777777777777,1,9.166666666666666,39,105.40540540540539,1,6.324324324324324,47.37237237237238,2.8423423423423424,0
1254071,2021-04-21,13,9,28,162.57142857142858,162.57142857142858,0.2,0.2,1,0,1,14,12,0.48,0.44680851063829785,0.42857142857142855,0.3333333333333333,0.5,0.5,1,1,161.2,172.0,7.471884685926699,7.228981446498258,167.92307692307693,164.8,175.53333333333333,16.14889438608345,14.205732152223426,2021,36.55275871572275,137.1235806792463,36.552758715722746,8.287629040110486,31.396128841607563,95.18242179026493,1.1907407407407407,21.1241422041143,117.7318383207981,36.958863701373,8.49120549066285,37.73867447600137,109.26659104424803,1.5383333333333333,34.13412295736763,143.25787811139153,30.55000655780707,137.23916029095065,32,88.88888888888889,1,5.333333333333333,50,131.57894736842107,0,7.894736842105264,42.69005847953218,2.5614035087719307,1
1254072,2021-04-21,0,5,57,174.16666666666666,174.16666666666666,0.2,0.4,0,0,0,14,8,0.5681818181818182,0.47,0.625,0.3,0.6,0.3,4,2,161.4,181.2,7.4133771625965945,7.343088063238921,167.92307692307693,159.33333333333334,170.0,15.612340493269867,12.576065490410596,2021,32.12378510333513,136.154171841167,37.00508703336311,9.566637856591754,30.058394665079312,100.41514717166892,1.69,21.083223740874544,120.31066420753915,32.002234790074745,8.720932771089641,31.367552112891204,107.35772672906283,1.5287878787878788,34.45731633272617,131.71087955418488,25.720852795861074,140.66419916948178,54,145.94594594594594,0,8.756756756756756,45,118.42105263157893,5,7.105263157894736,27.524893314367006,1.6514935988620199,1
1254073,2021-04-22,10,12,57,180.71428571428572,180.71428571428572,0.4,0.1,0,0,0,10,10,0.43956043956043955,0.47674418604651164,0.4444444444444444,0.2727272727272727,0.4,0.5,2,3,186.4,159.0,7.369295210659598,7.473946953725018,168.2,173.8,157.93333333333334,15.406447128990552,15.136691541957488,2021,24.586534492592392,130.65724023635536,34.93679739947707,8.562747651272849,35.67022809341958,116.96818338011897,1.569206349206349,31.310064935064933,129.61166994893807,31.310064935064933,8.48068598440815,62.07306442080378,131.68799256299258,1.5194444444444444,34.64819296282663,142.39612625551993,37.310471530784035,139.3538685980196,32,86.48648648648648,3,5.1891891891891895,59,159.45945945945945,0,9.567567567567567,-72.97297297297297,-4.378378378378377,0
1254074,2021-04-23,7,9,28,157.25,157.25,0.2,0.2,0,0,0,14,11,0.5686274509803921,0.44680851063829785,0.42857142857142855,0.3333333333333333,0.6,0.5,3,1,150.8,159.0,7.176359235003536,7.471884685926699,168.75,159.8,169.8,16.91268288377462,13.38944860332551,2021,28.723305438886346,139.90146977405803,31.79953849043441,10.435388377666726,31.709356657859757,110.81352683567941,1.3357142857142856,35.9292307955791,139.724096338509,35.9292307955791,8.271985629688245,34.91223404255319,120.42744012492297,1.475925925925926,31.04772004241782,128.61832896325035,30.55000655780707,137.23916029095065,21,58.333333333333336,1,3.5,45,121.62162162162163,0,7.297297297297297,-63.28828828828829,-3.7972972972972974,0
1254075,2021-04-24,5,10,57,180.25,180.25,0.4,0.4,0,0,0,12,8,0.46534653465346537,0.43956043956043955,0.2727272727272727,0.4444444444444444,0.3,0.4,2,1,190.8,184.8,7.343088063238921,7.369295210659598,166.52941176470588,175.2,174.0,10.66813361711757,16.285566080377492,2021,23.94161843605223,141.56613145696298,32.002234790074745,8.806743900761957,29.237534716691137,127.32314714623428,1.5402777777777779,32.15252724274749,143.4228097488203,36.12862535646632,13.269999846066122,34.18179422773837,142.105775241896,1.48015873015873,25.720852795861074,140.66419916948178,34.64819296282663,142.39612625551993,25,65.78947368421053,1,3.947368421052632,50,131.57894736842107,2,7.894736842105264,-65.78947368421053,-3.947368421052632,0
1254076,2021-04-25,12,0,57,175.0,175.0,0.3,0.1,1,0,1,9,16,0.4827586206896552,0.5681818181818182,0.2727272727272727,0.625,0.5,0.6,4,4,164.0,171.0,7.4133771625965945,7.473946953725018,164.66666666666666,159.46666666666667,162.33333333333334,12.12739308584912,16.095496212114448,2021,19.77220053431417,114.31701277382048,34.689376623376624,8.339616658188705,37.12474801579988,90.74136684611516,1.5494949494949495,33.247275919105846,134.23026833236284,37.00508703336311,9.426346780761282,33.66330158067955,112.78004966048445,1.6703703703703703,37.310471530784035,139.3538685980196,34.45731633272617,131.71087955418488,51,134.21052631578948,0,8.052631578947368,65,166.66666666666669,2,10.0,32.456140350877206,1.9473684210526319,0
1254078,2021-04-26,5,9,33,167.0,167.0,0.2,0.4,1,1,0,18,9,0.46534653465346537,0.45263157894736844,0.2727272727272727,0.3333333333333333,0.3,0.5,1,2,179.2,154.6,7.471884685926699,7.343088063238921,166.05263157894737,172.46666666666667,163.66666666666666,16.9318566898146,13.632765339687873,2021,27.195715229166492,144.52752638713497,32.002234790074745,8.846719656229393,28.932518600546945,120.68450376803193,1.5587301587301587,21.39663908280774,120.60525309937948,39.59489407581657,8.535834494398706,34.13412126537104,107.61274318597111,1.601010101010101,25.720852795861074,140.66419916948178,30.55000655780707,137.23916029095065,37,100.0,1,6.0,42,113.51351351351352,3,6.8108108108108105,13.513513513513516,0.8108108108108105,1
1254079,2021-04-27,1,12,33,123.0,123.0,0.2,0.5,1,1,0,10,13,0.43478260869565216,0.4772727272727273,0.125,0.2727272727272727,0.5,0.4,3,4,164.6,176.0,7.473946953725018,7.541540454940284,163.9,170.2,159.13333333333333,17.038882279015038,13.749737605968688,2021,30.2258799637803,141.15455067220606,33.52316354141705,9.836116926258368,29.52544953076868,148.94373508042239,1.4472222222222222,25.628650726257867,135.24402679767982,36.61530254930255,8.284261159903133,42.34830902442012,118.68579774325936,1.469047619047619,30.8169487307118,147.52414757733249,37.310471530784035,139.3538685980196,36,97.2972972972973,2,5.837837837837839,43,119.44444444444444,2,7.166666666666666,22.147147147147138,1.3288288288288275,0
1254080,2021-04-28,13,0,1,167.0,167.0,0.2,0.4,0,1,1,8,16,0.48514851485148514,0.5681818181818182,0.42857142857142855,0.625,0.5,0.7,1,4,159.0,178.6,7.228981446498258,7.4133771625965945,164.23809523809524,161.86666666666667,164.13333333333333,14.064866808684858,16.224054791552522,2021,32.25906263684105,131.23089682451447,36.552758715722746,8.38439893886554,31.39612884160756,104.68016512073307,1.3211111111111111,31.785598873429148,136.02894777838935,36.44144331685315,9.330404518546969,32.891168896757804,95.61484338189146,1.672222222222222,34.13412295736763,143.25787811139153,34.45731633272617,131.71087955418488,39,102.63157894736842,1,6.157894736842106,50,135.13513513513513,0,8.108108108108109,-32.503556187766705,-1.9502133712660026,0
1254081,2021-04-29,7,10,1,171.0,171.0,0.4,0.1,1,1,0,11,11,0.5686274509803921,0.44565217391304346,0.42857142857142855,0.4444444444444444,0.6,0.5,2,2,145.8,173.2,7.369295210659598,7.176359235003536,164.54545454545453,154.66666666666666,172.6,10.270446840695422,17.9600705544273,2021,28.64742252250312,138.9292287155741,31.45528455284553,8.030547229316845,31.59848893729753,108.26822995580183,1.3900000000000001,32.731325428688535,144.22919482919121,36.12862535646632,13.527087075226717,39.74503827535742,145.83683584795656,1.4894179894179895,31.04772004241782,128.61832896325035,34.64819296282663,142.39612625551993,47,130.55555555555557,0,7.833333333333334,49,136.11111111111111,1,8.166666666666668,5.555555555555543,0.3333333333333339,1
1254082,2021-04-29,1,5,33,147.0,147.0,0.4,0.4,1,1,0,10,14,0.43010752688172044,0.47058823529411764,0.125,0.2727272727272727,0.5,0.4,3,1,167.6,166.4,7.343088063238921,7.541540454940284,164.54545454545453,170.8,165.46666666666667,16.28282811720932,16.52684449160588,2021,29.873620059100467,143.72993381435936,32.240400008653516,8.803340311510043,29.151313668600903,156.64061043875284,1.57,26.114432643702504,145.49143633501174,32.002234790074745,8.827086595752442,29.170384155225413,128.12671857480572,1.5298611111111111,30.8169487307118,147.52414757733249,25.720852795861074,140.66419916948178,45,125.0,1,7.5,67,176.3157894736842,0,10.578947368421051,51.31578947368419,3.0789473684210513,1
1254083,2021-04-30,12,9,33,149.33333333333334,149.33333333333334,0.2,0.2,1,1,0,12,14,0.4772727272727273,0.45263157894736844,0.2727272727272727,0.3333333333333333,0.5,0.4,4,1,178.4,135.0,7.471884685926699,7.473946953725018,164.375,159.26666666666668,159.13333333333333,14.837227232791735,16.69595377097326,2021,22.410799555999553,125.94813078253148,36.61530254930255,8.58872212171389,38.818107381357194,96.08220668220667,1.5255555555555556,29.3543722987364,143.3969074958705,39.59489407581657,8.488656863337221,35.925098301732035,129.47163524282846,1.5126984126984127,37.310471530784035,139.3538685980196,30.55000655780707,137.23916029095065,49,128.94736842105263,1,7.7368421052631575,36,100.0,1,6.0,-28.94736842105263,-1.7368421052631575,0
1254084,2021-05-01,0,7,1,171.0,171.0,0.4,0.1,0,0,0,12,18,0.5730337078651685,0.5728155339805825,0.625,0.42857142857142855,0.8,0.6,5,3,175.2,148.2,7.4133771625965945,7.176359235003536,164.96,163.66666666666666,153.2,16.16553158760225,14.610245901035777,2021,31.287116058983457,134.6149122363668,36.44144331685315,9.196929396622162,32.64199555423276,103.69238391492398,1.6462962962962961,26.12570996505325,134.36940001911438,31.45528455284553,8.327280269558617,33.331338251915824,102.7628059261976,1.4595238095238094,34.45731633272617,131.71087955418488,31.04772004241782,128.61832896325035,49,136.11111111111111,1,8.166666666666668,58,152.63157894736844,0,9.157894736842106,-16.520467836257325,-0.9912280701754383,0
1254085,2021-05-02,10,13,1,186.66666666666666,186.66666666666666,0.4,0.2,0,0,0,13,9,0.44565217391304346,0.48514851485148514,0.4444444444444444,0.42857142857142855,0.4,0.5,2,1,163.2,155.4,7.369295210659598,7.228981446498258,167.0,171.13333333333333,159.4,16.67183453299776,8.993548580580333,2021,33.182508547213125,144.34242173938804,36.12862535646632,14.174042951810524,38.774045930428905,143.9070344203793,1.4333333333333333,21.375614938019524,127.47494387034021,32.960753295668546,8.657860744340883,33.918935498859256,90.25334233121144,1.587222222222222,34.64819296282663,142.39612625551993,34.13412295736763,143.25787811139153,42,116.66666666666667,1,7.0,57,154.05405405405406,0,9.243243243243244,-37.38738738738739,-2.243243243243244,1
1254086,2021-05-02,1,9,33,156.75,156.75,0.2,0.4,1,1,0,11,15,0.43617021276595747,0.45263157894736844,0.125,0.3333333333333333,0.6,0.4,3,2,160.8,149.6,7.471884685926699,7.541540454940284,167.0,170.33333333333334,159.2,16.333759901611206,13.561189235060125,2021,30.643278178758585,140.44260366379015,33.52316354141705,9.880997578321322,28.71690307328605,135.69154642399226,1.3766666666666665,22.56598244571538,133.99807799078627,29.56988601116625,8.598302198009934,36.73041322912143,117.96504539531166,1.576190476190476,30.8169487307118,147.52414757733249,30.55000655780707,137.23916029095065,39,108.33333333333333,2,6.5,63,170.27027027027026,0,10.216216216216216,61.93693693693693,3.716216216216216,1
1254104,2021-09-19,7,0,13,165.6,164.6,0.5,0.2,1,0,1,19,12,0.5769230769230769,0.5730337078651685,0.5,0.625,0.6,0.8,3,4,161.4,197.6,7.4133771625965945,7.176359235003536,168.85714285714286,156.93333333333334,167.06666666666666,13.497595366931153,13.838386832415354,2021,21.075681886972667,121.06207342507514,31.865149051490516,9.749010235828607,32.11724133925699,101.1431699916462,1.3322222222222222,28.60830045644283,134.9105748765731,37.00508703336311,8.96915858966071,31.35334756783565,106.16594275289928,1.6475308641975306,31.04772004241782,128.61832896325035,34.45731633272617,131.71087955418488,24,66.66666666666666,5,4.0,41,113.88888888888889,3,6.833333333333333,47.22222222222223,2.833333333333333,0
1254087,2021-09-20,12,5,58,167.0,167.0,0.2,0.3,0,1,1,13,14,0.47191011235955055,0.47058823529411764,0.2727272727272727,0.2727272727272727,0.5,0.3,3,1,184.4,166.8,7.473946953725018,7.343088063238921,168.41379310344828,158.26666666666668,164.6,12.155862342321704,16.98853323384497,2021,20.4307232615869,114.79204225368352,35.80445598845599,8.124305473870562,32.63018199214591,87.12194032942695,1.4525252525252523,34.404489795918366,138.02003354475863,34.404489795918366,9.44334832207049,39.864731087470446,134.2325763281169,1.6214285714285714,37.310471530784035,139.3538685980196,25.720852795861074,140.66419916948178,41,105.12820512820514,2,6.307692307692308,56,140.0,0,8.399999999999999,-34.87179487179486,-2.09230769230769,0
1254111,2021-09-21,9,10,13,165.29032258064515,163.73333333333332,0.5,0.2,1,1,0,9,12,0.45263157894736844,0.44565217391304346,0.3333333333333333,0.4444444444444444,0.3,0.5,2,2,143.8,177.8,7.369295210659598,7.471884685926699,165.86666666666667,156.86666666666667,173.53333333333333,12.211008764781699,15.212802871818539,2021,28.710038099681253,137.33782240771416,37.01665585117889,8.605722580289072,43.83695330969267,117.90030452923115,1.512037037037037,21.548175753162564,130.91716118349524,31.18182795698925,11.247049695338532,46.58215367079728,103.60486880846663,1.5100000000000002,30.55000655780707,137.23916029095065,34.64819296282663,142.39612625551993,57,154.05405405405406,1,9.243243243243244,49,128.94736842105263,0,7.7368421052631575,-25.106685633001433,-1.5064011379800863,0
1254105,2021-09-22,1,13,13,165.90625,165.53333333333333,0.2,0.4,1,0,1,14,15,0.4421052631578947,0.4803921568627451,0.125,0.375,0.6,0.4,4,1,164.6,162.0,7.228981446498258,7.541540454940284,166.48387096774192,169.46666666666667,160.66666666666666,16.233185808933207,15.12947243374261,2021,31.479224400809272,138.87287645162266,33.781823010602835,8.218858526152122,28.047096631205672,145.90855704323195,1.425,21.70957516985684,124.34699350824894,35.1483142712783,8.554875061874803,32.5324267897286,78.63598774450703,1.5238888888888886,30.8169487307118,147.52414757733249,34.13412295736763,143.25787811139153,32,88.88888888888889,2,5.333333333333333,39,108.33333333333333,1,6.5,19.444444444444443,1.166666666666667,1
1254096,2021-09-23,5,7,58,92.0,92.0,0.2,0.3,1,1,0,6,22,0.47572815533980584,0.5714285714285714,0.2727272727272727,0.5,0.4,0.6,2,2,144.4,162.6,7.176359235003536,7.343088063238921,165.46875,159.8,157.46666666666667,13.125327750230154,13.526601185642283,2021,29.30202604447795,134.62576783199103,32.16933623935011,9.534011507547618,33.9243439716312,115.08751674678561,1.6296825396825398,25.92503511616841,128.96277136192077,31.865149051490516,10.256945227872908,33.65165922478428,107.56841210998562,1.3444444444444446,25.720852795861074,140.66419916948178,31.04772004241782,128.61832896325035,56,147.36842105263156,0,8.842105263157894,63,170.27027027027026,1,10.216216216216216,22.9018492176387,1.374110953058322,1
1254113,2021-09-24,0,12,50,171.33333333333334,170.33333333333334,0.2,0.5,1,1,0,17,9,0.5730337078651685,0.47191011235955055,0.625,0.2727272727272727,0.8,0.5,4,2,191.2,162.0,7.473946953725018,7.4133771625965945,165.15151515151516,166.2,153.0,16.082976540389847,14.510427245919479,2021,32.607449496733615,135.80772094113408,37.00508703336311,9.348349656655328,32.73546800822618,102.86099989932943,1.6694444444444443,25.059216093430376,135.64854756231347,37.17441935841936,8.444190700650125,38.63415002586311,111.419326705041,1.5095238095238095,34.45731633272617,131.71087955418488,37.310471530784035,139.3538685980196,55,148.64864864864865,0,8.91891891891892,59,159.45945945945945,0,9.567567567567567,10.810810810810807,0.6486486486486474,1
1254107,2021-09-25,13,9,50,170.52631578947367,170.73333333333332,0.2,0.2,1,1,0,15,12,0.4803921568627451,0.4479166666666667,0.375,0.3333333333333333,0.3,0.3,1,2,159.0,156.8,7.471884685926699,7.228981446498258,164.88235294117646,159.06666666666666,158.26666666666668,15.458741738870845,15.829578858257085,2021,22.78841685539649,129.2744372313877,35.1483142712783,8.635467240466953,33.00102215601504,81.44739379019299,1.5117283950617282,28.75856523341479,136.69580966086733,39.59489407581657,8.362545892485446,37.176785575419046,120.09739234408733,1.4861111111111112,34.13412295736763,143.25787811139153,30.55000655780707,137.23916029095065,29,80.55555555555556,2,4.833333333333334,20,55.55555555555556,2,3.3333333333333335,-25.0,-1.5000000000000004,0
1254097,2021-09-25,10,1,58,123.5,123.5,0.3,0.4,1,1,0,12,11,0.44565217391304346,0.4479166666666667,0.4444444444444444,0.125,0.5,0.7,3,4,177.2,152.4,7.541540454940284,7.369295210659598,164.88235294117646,175.33333333333334,167.46666666666667,17.529097747163473,11.062393735995231,2021,26.746464892397164,141.5409509943927,33.622839192944305,12.029976536453699,52.78472333849661,118.7258803094217,1.4572916666666664,26.19173922229733,133.080337081035,33.781823010602835,8.07462842845386,31.188277906766352,127.26240581099327,1.4868055555555557,34.64819296282663,142.39612625551993,30.8169487307118,147.52414757733249,36,94.73684210526315,2,5.684210526315789,21,58.333333333333336,3,3.5,-36.403508771929815,-2.1842105263157894,0
1254108,2021-09-26,7,12,13,164.93939393939394,163.33333333333334,0.2,0.1,1,1,0,17,10,0.5714285714285714,0.47191011235955055,0.5,0.2727272727272727,0.5,0.5,2,1,166.2,157.8,7.473946953725018,7.176359235003536,163.47222222222223,160.2,151.6,14.323164215396964,13.478770804793745,2021,21.168239824745857,123.06064657113957,31.79953849043441,9.588028329517046,31.670223945605688,95.96541131373301,1.3530303030303032,26.60764627039627,129.2348363234297,35.80445598845599,8.59172210277762,40.85615870104538,97.01237512487512,1.5340277777777778,31.04772004241782,128.61832896325035,37.310471530784035,139.3538685980196,48,129.72972972972974,1,7.783783783783784,56,147.36842105263156,0,8.842105263157894,17.63869132290182,1.0583214793741096,0
1254098,2021-09-26,5,0,58,133.66666666666666,133.66666666666666,0.3,0.5,0,1,1,8,15,0.4807692307692308,0.5777777777777777,0.2727272727272727,0.625,0.5,0.8,3,4,131.4,178.4,7.343088063238921,7.4133771625965945,163.47222222222223,157.2,165.46666666666667,15.972786776132194,15.055037296093971,2021,27.466250825520685,143.62716089276552,32.55589174800355,9.035522556343576,31.357620442145244,123.89755076238018,1.5796626984126982,27.38080816265433,136.03012907545087,37.00508703336311,8.991991372938417,32.26220869458875,105.486653656091,1.6744444444444444,25.720852795861074,140.66419916948178,34.45731633272617,131.71087955418488,50,131.57894736842107,2,7.894736842105264,52,144.44444444444443,0,8.666666666666666,-12.86549707602336,-0.7719298245614024,0
1254100,2021-09-27,13,10,13,164.94117647058823,163.6,0.4,0.2,1,0,1,9,14,0.47572815533980584,0.44086021505376344,0.375,0.4444444444444444,0.2,0.4,1,3,154.0,172.6,7.369295210659598,7.228981446498258,163.71052631578948,156.26666666666668,174.86666666666667,10.75218584485218,16.082760156603495,2021,26.834443048578514,133.61866119548682,31.851953435321164,8.954833721474236,34.371448527831504,106.76153526156456,1.577777777777778,26.703058957719918,144.01844298473523,31.18182795698925,12.42711604166137,51.51587429161517,119.62600305971424,1.4452380952380952,34.13412295736763,143.25787811139153,34.64819296282663,142.39612625551993,49,136.11111111111111,1,8.166666666666668,63,170.27027027027026,1,10.216216216216216,34.159159159159145,2.049549549549548,1
1254099,2021-09-28,9,7,58,143.0,143.0,0.2,0.1,0,0,0,12,14,0.4479166666666667,0.5660377358490566,0.3333333333333333,0.5,0.4,0.4,2,2,155.6,173.0,7.471884685926699,7.176359235003536,163.71794871794873,155.2,158.2,16.169362232431222,15.493339402204738,2021,28.36402741828874,135.3365060182495,39.59489407581657,8.921351669110681,37.176785575419046,110.62012793173743,1.567361111111111,29.83868694235115,138.2215293359575,31.865149051490516,8.369934699514758,31.57489459546004,114.59684972672392,1.4953703703703702,30.55000655780707,137.23916029095065,31.04772004241782,128.61832896325035,38,100.0,1,6.0,30,81.08108108108108,2,4.864864864864865,18.91891891891892,1.135135135135135,0
1254092,2021-09-28,1,5,50,168.25,170.73333333333332,0.2,0.2,0,0,0,11,14,0.4479166666666667,0.4807692307692308,0.125,0.2727272727272727,0.7,0.4,4,3,155.8,139.0,7.541540454940284,7.343088063238921,163.71794871794873,164.8,158.73333333333332,14.777551144710094,15.365651275032658,2021,25.989410913857398,131.998619879378,33.781823010602835,8.843332115728662,30.12893398925329,115.12057909239022,1.4738888888888888,25.222550232635307,135.88355739958337,32.16933623935011,8.93237442298614,33.11940473552009,110.65455356350063,1.556746031746032,30.8169487307118,147.52414757733249,25.720852795861074,140.66419916948178,39,105.40540540540539,1,6.324324324324324,44,118.91891891891892,2,7.135135135135135,-13.51351351351353,-0.8108108108108114,0
1254103,2021-09-29,12,10,13,164.9142857142857,162.73333333333332,0.3,0.2,1,1,0,11,10,0.47191011235955055,0.44086021505376344,0.2727272727272727,0.4444444444444444,0.6,0.4,2,2,152.6,178.8,7.369295210659598,7.473946953725018,162.1219512195122,157.0,174.0,12.239933151142075,15.522739609121146,2021,31.31985308025308,137.66313641851647,35.80445598845599,8.433895335496606,44.3242626708182,121.55746253746254,1.4844444444444442,21.548175753162564,130.91716118349524,31.18182795698925,11.247049695338532,46.58215367079728,103.60486880846663,1.5100000000000002,37.310471530784035,139.3538685980196,34.64819296282663,142.39612625551993,56,155.55555555555557,0,9.333333333333334,54,142.10526315789474,1,8.526315789473685,-13.450292397660832,-0.807017543859649,1
1254091,2021-09-30,13,0,50,166.28571428571428,169.53333333333333,0.2,0.5,0,0,0,8,17,0.4807692307692308,0.5824175824175825,0.375,0.625,0.2,0.8,1,4,162.8,174.4,7.228981446498258,7.4133771625965945,161.8095238095238,156.93333333333334,164.93333333333334,14.190464767999467,15.17002070050685,2021,20.800524430328686,132.65742644170734,31.851953435321164,8.952375453027337,34.65397753725057,88.30911503135354,1.654320987654321,32.607449496733615,135.80772094113408,37.00508703336311,9.348349656655328,32.73546800822618,102.86099989932943,1.6694444444444443,34.13412295736763,143.25787811139153,34.45731633272617,131.71087955418488,41,113.88888888888889,1,6.833333333333333,47,127.02702702702702,0,7.621621621621621,-13.138138138138132,-0.788288288288288,0
1254102,2021-10-01,9,5,13,164.47222222222223,161.73333333333332,0.2,0.1,1,1,0,9,19,0.4479166666666667,0.4857142857142857,0.3333333333333333,0.2727272727272727,0.3,0.4,2,3,158.0,139.8,7.343088063238921,7.471884685926699,161.1627906976744,153.26666666666668,161.6,15.740964584780592,15.967540914681733,2021,29.357643182770207,141.72436830983307,37.01665585117889,8.722328196894688,37.33695330969267,132.56115565128917,1.5287037037037035,27.267330135998797,139.27413235519808,32.16933623935011,9.003537715017895,32.45865100472813,123.03377550114358,1.5545351473922902,30.55000655780707,137.23916029095065,25.720852795861074,140.66419916948178,48,126.3157894736842,1,7.578947368421052,46,127.77777777777777,0,7.666666666666666,1.4619883040935662,0.08771929824561386,1
1254112,2021-10-02,7,1,50,164.8181818181818,164.06666666666666,0.1,0.2,0,0,0,16,13,0.5700934579439252,0.4479166666666667,0.5,0.125,0.5,0.7,2,4,165.8,147.0,7.176359235003536,7.541540454940284,161.25,156.26666666666668,158.66666666666666,14.509563174900805,17.195641116534656,2021,23.768724248264544,128.44865978717667,31.865149051490516,7.907148608511899,32.36543406910398,106.83095564102302,1.368888888888889,27.6484699915281,135.968489727077,33.781823010602835,8.852689652943656,29.737794011967296,128.50732559708953,1.3826388888888888,31.04772004241782,128.61832896325035,30.8169487307118,147.52414757733249,35,94.5945945945946,1,5.675675675675675,46,127.77777777777777,3,7.666666666666666,-33.183183183183175,-1.9909909909909906,0
1254089,2021-10-02,10,0,58,141.4,141.4,0.4,0.2,1,1,0,9,15,0.44086021505376344,0.5869565217391305,0.4444444444444444,0.625,0.4,0.9,2,4,174.4,167.0,7.4133771625965945,7.369295210659598,161.25,175.6,165.53333333333333,15.023669314302891,9.467475566696061,2021,26.661321598549524,138.17162596184258,32.2569645690111,14.218670150034981,31.757677304964538,136.8526026745042,1.4273015873015873,31.287116058983457,134.6149122363668,36.44144331685315,9.196929396622162,32.64199555423276,103.69238391492398,1.6462962962962961,34.64819296282663,142.39612625551993,34.45731633272617,131.71087955418488,44,122.22222222222223,0,7.333333333333334,81,225.0,1,13.5,102.77777777777777,6.166666666666666,1
1254090,2021-10-03,9,12,50,163.2608695652174,157.8,0.2,0.1,1,0,1,15,12,0.4536082474226804,0.4777777777777778,0.3333333333333333,0.2727272727272727,0.4,0.6,2,2,155.2,148.2,7.473946953725018,7.471884685926699,161.15217391304347,155.86666666666667,157.26666666666668,16.194618860131122,13.413393872933401,2021,27.893399446458005,137.55071015754552,37.01665585117889,9.730270684548334,32.84508823032759,139.2850830138085,1.4291666666666667,24.01700774225774,130.5159531821041,34.689376623376624,8.493605891286276,41.886861769606654,97.88741119991118,1.5298611111111111,30.55000655780707,137.23916029095065,37.310471530784035,139.3538685980196,55,141.02564102564102,0,8.461538461538462,49,125.64102564102564,0,7.538461538461538,-15.384615384615387,-0.9230769230769234,0
1254109,2021-10-03,5,13,13,164.48648648648648,162.46666666666667,0.1,0.2,1,0,1,19,9,0.4857142857142857,0.4807692307692308,0.2727272727272727,0.375,0.4,0.2,3,1,142.0,155.4,7.228981446498258,7.343088063238921,161.15217391304347,159.66666666666666,157.46666666666667,15.111660470585273,13.339655176379852,2021,28.6890781411214,134.7346947948156,32.16933623935011,9.366601887456035,33.50297478329393,119.79820534759608,1.610846560846561,19.387138653962484,124.94723935309219,31.851953435321164,8.915942431149483,34.243752197318614,85.38931463932929,1.6322222222222222,25.720852795861074,140.66419916948178,34.13412295736763,143.25787811139153,35,94.5945945945946,2,5.675675675675675,36,100.0,1,6.0,5.4054054054054035,0.32432432432432456,1
1254110,2021-10-04,0,1,13,163.18421052631578,161.73333333333332,0.5,0.1,0,0,0,15,9,0.5869565217391305,0.4536082474226804,0.625,0.125,0.8,0.7,4,4,161.2,142.0,7.4133771625965945,7.541540454940284,160.25,170.53333333333333,159.93333333333334,17.023890540708013,14.095443758840874,2021,30.905362935272695,134.09281661877216,37.00508703336311,9.270328122422145,30.440604429801674,97.45423313746296,1.6404761904761902,24.127224987721082,130.66938867560225,33.781823010602835,7.876743350653342,28.99825770098368,129.12478400130618,1.4746913580246912,34.45731633272617,131.71087955418488,30.8169487307118,147.52414757733249,48,123.07692307692308,2,7.384615384615385,51,134.21052631578948,2,8.052631578947368,-11.1336032388664,-0.6680161943319831,0
1254093,2021-10-05,10,7,50,163.29166666666666,153.53333333333333,0.3,0.1,0,0,0,11,12,0.44680851063829785,0.5700934579439252,0.4444444444444444,0.5,0.4,0.4,2,1,168.2,148.0,7.369295210659598,7.176359235003536,159.75510204081633,177.93333333333334,157.53333333333333,9.787301414212141,12.845284975215096,2021,21.331540529550885,119.49726361742556,33.622839192944305,11.002622458442202,32.27853111722793,113.37945390144124,1.4883357383357383,30.38130311288969,141.3318209533918,31.127451769567205,12.209418976706242,31.54229519003455,126.27235304326288,1.3013888888888887,34.64819296282663,142.39612625551993,31.04772004241782,128.61832896325035,41,107.89473684210526,2,6.473684210526316,56,151.35135135135135,2,9.08108108108108,-43.456614509246094,-2.6073968705547648,0
1254095,2021-10-06,13,12,58,149.33333333333334,149.33333333333334,0.1,0.2,0,0,0,15,13,0.4807692307692308,0.4777777777777778,0.375,0.2727272727272727,0.2,0.6,1,3,134.4,145.2,7.228981446498258,7.473946953725018,158.36,150.53333333333333,157.26666666666668,16.226597134134224,14.36483267260203,2021,22.319508903038695,137.84359335090937,31.851953435321164,9.12218757424004,35.48761866880083,91.35095953847785,1.6444444444444444,26.365222027972024,131.0386981120476,35.80445598845599,8.49491684617855,42.790682510569184,101.77035672660674,1.5131944444444445,34.13412295736763,143.25787811139153,37.310471530784035,139.3538685980196,50,128.2051282051282,1,7.692307692307693,37,100.0,2,6.0,28.205128205128204,1.6923076923076934,1
1254094,2021-10-07,9,0,13,162.48717948717947,161.13333333333333,0.4,0.0,1,1,0,8,15,0.4489795918367347,0.5869565217391305,0.3333333333333333,0.625,0.4,0.7,2,3,154.8,157.2,7.4133771625965945,7.471884685926699,158.01960784313727,156.86666666666667,169.93333333333334,14.828175861879718,13.060155984564862,2021,28.3590140342364,135.2469386290904,34.38062547673532,10.224014781161207,33.33695330969267,133.76423952271725,1.4046296296296295,29.868279524885345,133.52722783046215,37.00508703336311,9.120942446925202,29.665583520885207,95.48078732861342,1.6291666666666664,30.55000655780707,137.23916029095065,34.45731633272617,131.71087955418488,30,81.08108108108108,2,4.864864864864865,51,137.83783783783784,2,8.27027027027027,56.75675675675676,3.4054054054054053,1
1254106,2021-10-07,5,10,50,160.36,145.66666666666666,0.1,0.2,0,0,0,12,9,0.49056603773584906,0.44680851063829785,0.2727272727272727,0.4444444444444444,0.5,0.4,3,1,146.6,149.2,7.343088063238921,7.369295210659598,158.01960784313727,157.4,170.93333333333334,12.316070825728627,13.212924256890286,2021,28.6890781411214,134.7346947948156,32.16933623935011,9.366601887456035,33.50297478329393,119.79820534759608,1.610846560846561,20.390478418707858,123.76020128340218,32.2569645690111,10.93974666931526,31.537840182061654,117.43889431248591,1.473015873015873,25.720852795861074,140.66419916948178,34.64819296282663,142.39612625551993,34,89.47368421052632,0,5.368421052631579,17,47.22222222222222,4,2.833333333333333,42.251461988304094,2.5350877192982457,1
1254101,2021-10-08,12,1,13,161.775,155.46666666666667,0.1,0.1,1,1,0,14,10,0.4725274725274725,0.45918367346938777,0.2727272727272727,0.125,0.5,0.8,3,4,155.0,136.0,7.541540454940284,7.473946953725018,157.81132075471697,158.66666666666666,158.86666666666667,17.206104090185935,16.143534493842058,2021,31.31985308025308,137.66313641851647,35.80445598845599,8.433895335496606,44.3242626708182,121.55746253746254,1.4844444444444442,28.33206155022505,136.1528802660431,33.781823010602835,8.000831315267769,29.163440701339635,137.19300628278958,1.4064814814814814,37.310471530784035,139.3538685980196,30.8169487307118,147.52414757733249,55,141.02564102564102,0,8.461538461538462,29,76.31578947368422,2,4.578947368421053,-64.7098515519568,-3.8825910931174086,1
1254088,2021-10-08,7,13,58,148.14285714285714,148.14285714285714,0.1,0.1,0,1,1,14,12,0.5740740740740741,0.4807692307692308,0.5,0.375,0.4,0.3,2,2,134.8,135.8,7.176359235003536,7.228981446498258,157.81132075471697,153.6,151.93333333333334,14.374967871907783,13.469212860411215,2021,20.95438398265904,125.50540888320192,31.127451769567205,9.649484869781237,30.610717018276556,103.56858355909034,1.301111111111111,19.135381133730387,129.97096570440087,29.562311250763724,8.730830566130885,34.9586006821671,91.33100354541982,1.581111111111111,31.04772004241782,128.61832896325035,34.13412295736763,143.25787811139153,83,224.32432432432435,1,13.45945945945946,70,189.1891891891892,1,11.35135135135135,35.13513513513516,2.108108108108109,1
1254114,2021-10-10,0,1,13,161.82926829268294,154.93333333333334,0.0,0.3,1,1,0,15,10,0.5869565217391305,0.45918367346938777,0.625,0.125,0.6,0.7,2,3,152.8,142.0,7.541540454940284,7.4133771625965945,159.3272727272727,167.4,156.46666666666667,16.04986667263649,14.49999572582787,2021,28.873747010214146,135.4055616404127,37.00508703336311,9.458188435989229,30.420075096573047,97.93125903554149,1.7126984126984124,28.73787093915394,137.1436918959184,33.781823010602835,8.436553673761441,29.87762994245707,140.82600279959857,1.480952380952381,34.45731633272617,131.71087955418488,30.8169487307118,147.52414757733249,51,141.66666666666669,2,8.5,59,159.45945945945945,1,9.567567567567567,17.792792792792767,1.0675675675675667,1
1254115,2021-10-11,5,12,50,160.76923076923077,144.8,0.1,0.0,1,0,1,15,13,0.49056603773584906,0.4782608695652174,0.2727272727272727,0.2727272727272727,0.6,0.5,3,4,149.8,156.6,7.473946953725018,7.343088063238921,159.55357142857142,157.33333333333334,159.46666666666667,16.150965107363078,14.82026138957967,2021,26.343288868998943,137.4165090032866,32.16933623935011,8.80086777786838,32.099732327549816,116.50455356350062,1.5088293650793652,25.104670079920076,130.43116092313858,35.80445598845599,8.508253722908464,40.14471120814093,97.90883977133979,1.5305555555555554,25.720852795861074,140.66419916948178,37.310471530784035,139.3538685980196,53,139.4736842105263,1,8.368421052631579,48,133.33333333333331,1,8.0,-6.1403508771929864,-0.36842105263157876,1
1254116,2021-10-13,5,1,50,159.92592592592592,141.06666666666666,0.0,0.0,1,1,0,15,11,0.4953271028037383,0.45918367346938777,0.2727272727272727,0.125,0.7,0.6,4,2,143.2,145.6,7.541540454940284,7.343088063238921,159.17543859649123,153.8,155.33333333333334,16.47627044236019,16.005378513115698,2021,26.343288868998943,137.4165090032866,32.16933623935011,8.80086777786838,32.099732327549816,116.50455356350062,1.5088293650793652,29.12914078042378,140.86122002866685,33.781823010602835,8.340267870937058,29.925831740658868,149.58423416231906,1.5023809523809526,25.720852795861074,140.66419916948178,30.8169487307118,147.52414757733249,38,105.55555555555556,1,6.333333333333334,51,134.21052631578948,0,8.052631578947368,28.654970760233923,1.7192982456140342,1
1254117,2021-10-15,5,0,13,162.07142857142858,159.06666666666666,0.2,0.0,1,1,0,8,16,0.5,0.5913978494623656,0.2727272727272727,0.625,0.7,0.6,4,2,144.8,153.0,7.4133771625965945,7.343088063238921,158.75862068965517,150.33333333333334,168.66666666666666,13.365062591225637,15.534173273167736,2021,23.441297761865826,134.35949899594235,32.16933623935011,8.74453685502068,31.812741836882616,115.25858790574554,1.520952380952381,31.54455374570831,135.8391506994925,34.431954013885594,10.053039264039912,29.86416980193738,72.44155301220519,1.7680555555555555,25.720852795861074,140.66419916948178,34.45731633272617,131.71087955418488,50,135.13513513513513,0,8.108108108108109,55,144.73684210526315,0,8.68421052631579,9.60170697012802,0.5761024182076806,0
1304047,2022-03-26,0,5,57,176.6,176.6,0.3,0.1,0,0,0,17,8,0.5913978494623656,0.4954128440366973,0.625,0.2727272727272727,0.6,0.7,2,4,164.6,150.2,7.4133771625965945,7.343088063238921,171.1216216216216,168.93333333333334,153.0,17.01837770477971,14.817353738068778,2022,33.11072026946321,135.2111740643013,39.619901848177925,8.651586979156775,33.202276903669265,111.56562275295428,1.5329931972789115,24.911124010119504,128.1936246658358,30.751631473894317,7.945009589623015,29.103619976359337,126.97543291429945,1.3580687830687832,34.45731633272617,131.71087955418488,25.720852795861074,140.66419916948178,35,89.74358974358975,2,5.384615384615385,43,119.44444444444444,0,7.166666666666666,-29.70085470085469,-1.782051282051281,0
1304048,2022-03-27,1,7,6,180.0,180.0,0.2,0.0,1,1,0,14,16,0.45918367346938777,0.5740740740740741,0.125,0.5,0.6,0.5,2,3,147.2,150.8,7.176359235003536,7.541540454940284,131.0,153.93333333333334,155.93333333333334,12.960114819927439,14.675867587226497,2022,21.422304656782,134.73507994597884,26.557086215964727,9.30512081983654,33.6011571871242,126.24105255155675,1.7420634920634923,25.258180011081215,136.56072103506554,33.889666092115284,10.396133199283893,32.28326557881864,104.76858420560596,1.2857142857142858,30.8169487307118,147.52414757733249,31.04772004241782,128.61832896325035,53,143.24324324324326,0,8.594594594594595,46,117.94871794871796,3,7.076923076923077,-25.2945252945253,-1.517671517671518,1
1304049,2022-03-27,12,9,10,167.0,167.0,0.0,0.0,0,0,0,13,15,0.4782608695652174,0.45454545454545453,0.2727272727272727,0.3333333333333333,0.5,0.5,3,3,151.2,144.6,7.473946953725018,7.471884685926699,131.0,159.93333333333334,153.46666666666667,14.09943934726946,13.330765409526153,2022,30.307744107744107,130.77489012320615,32.83889690556357,10.372731438953606,46.734596631205676,124.27870197435416,1.8055555555555556,24.854508932915596,138.27644946870717,28.605609835952578,9.27518370782115,29.30939337455295,99.91285375964418,1.6046296296296294,37.310471530784035,139.3538685980196,30.55000655780707,137.23916029095065,41,105.12820512820514,0,6.307692307692308,63,165.78947368421052,0,9.947368421052632,-60.66126855600538,-3.6396761133603235,0
1304050,2022-03-28,3,6,57,172.45454545454547,172.45454545454547,0.3,0.3,1,1,0,0,0,0.5,0.5,0.4,0.4,0.5,0.5,0,0,167.0,167.0,8.633005190279032,8.194965107359668,171.0,167.0,167.0,15.465345130802655,15.690988611790829,2022,25.872634278460158,131.2601263248165,34.05495681418635,8.393175381167145,33.04141580936794,106.94715925796515,1.5150793650793648,27.200710599084527,131.69721932265682,35.15169082125604,8.48737129463622,34.35392670368219,99.58578887990299,1.5071428571428571,38.810735864593774,137.3905501051752,34.966505636070856,137.64854501709044,32,82.05128205128204,4,4.923076923076923,44,115.78947368421053,2,6.947368421052632,33.73819163292849,2.0242914979757085,1
1304051,2022-03-29,10,13,32,167.0,167.0,0.2,0.2,0,0,0,14,10,0.4421052631578947,0.47619047619047616,0.4444444444444444,0.3333333333333333,0.4,0.3,1,2,152.6,157.8,7.369295210659598,7.228981446498258,167.75,170.0,157.66666666666666,14.355047535923655,11.733015650953234,2022,27.528330579949568,139.31289155924296,35.05761412051126,12.423861874291683,35.529122641964584,132.97012274646153,1.4174603174603175,24.620621144445845,145.7693658163455,33.88794054781363,9.704801827413737,39.16465107981065,112.71641168463984,1.745679012345679,34.64819296282663,142.39612625551993,34.13412295736763,143.25787811139153,58,141.46341463414635,0,8.487804878048781,14,37.83783783783784,3,2.27027027027027,103.62557679630851,6.217534607778511,1
1304052,2022-03-30,12,5,10,205.0,205.0,0.1,0.1,1,1,0,13,16,0.4782608695652174,0.5,0.2727272727272727,0.2727272727272727,0.4,0.7,2,4,162.4,153.4,7.343088063238921,7.473946953725018,176.2,163.0,148.13333333333333,15.466859304722032,13.573260587340961,2022,21.765092058147616,123.87057786004205,32.83889690556357,9.247608066641748,42.80455242629133,98.9787256490155,1.6340388007054674,20.98873951200063,125.52019409812478,30.751631473894317,8.008773818885413,28.85243070625822,108.5689930013103,1.4402597402597404,37.310471530784035,139.3538685980196,25.720852795861074,140.66419916948178,44,118.91891891891892,3,7.135135135135135,36,97.2972972972973,3,5.837837837837839,-21.621621621621614,-1.2972972972972965,1
1304053,2022-03-31,6,0,6,178.5,178.5,0.2,0.0,1,1,0,0,0,0.5,0.5913978494623656,0.4,0.625,0.0,0.6,0,2,158.0,153.0,7.4133771625965945,8.633005190279032,168.16666666666666,158.0,170.6,15.688567747961297,15.631610788860236,2022,29.61852833745729,132.4931537388351,35.15169082125604,8.521590236271797,32.18075256107171,103.4817321119795,1.4669312169312168,28.199262578540615,133.20618187555226,35.37837179353312,8.445203913279615,32.3179858509786,102.51443876443876,1.5277601410934745,34.966505636070856,137.64854501709044,34.45731633272617,131.71087955418488,73,197.2972972972973,1,11.837837837837839,55,148.64864864864865,0,8.91891891891892,-48.648648648648646,-2.9189189189189193,1
1304054,2022-04-01,9,5,57,171.25,171.25,0.1,0.1,0,0,0,10,19,0.46,0.5,0.375,0.2727272727272727,0.5,0.6,3,3,160.6,144.8,7.471884685926699,7.343088063238921,174.14285714285714,156.93333333333334,142.0,15.226196316512137,15.766481520717873,2022,19.306989547783548,122.8244477688914,28.605609835952578,8.839877217714921,28.63193976617088,103.09433230240654,1.593888888888889,28.02646217437071,139.37376079851722,30.751631473894317,8.066653366060551,27.812666253435584,136.25181013185318,1.397883597883598,30.55000655780707,137.23916029095065,25.720852795861074,140.66419916948178,62,163.1578947368421,3,9.789473684210526,51,137.83783783783784,2,8.27027027027027,25.32005689900427,1.5192034139402555,0
1304055,2022-04-02,7,10,10,166.5,166.5,0.3,0.2,1,1,0,13,11,0.5740740740740741,0.4421052631578947,0.5,0.4444444444444444,0.5,0.4,3,2,153.2,161.8,7.369295210659598,7.176359235003536,169.5,157.33333333333334,171.26666666666668,10.778661159722907,13.357633700507645,2022,21.075806675285392,123.55566629028301,33.889666092115284,9.762082013274657,31.347847967686725,102.68420746855773,1.2845679012345679,24.08986643673497,130.39831568763708,35.05761412051126,11.462988256090549,35.867628814463394,119.72014837952298,1.4660493827160495,31.04772004241782,128.61832896325035,34.64819296282663,142.39612625551993,48,133.33333333333331,2,8.0,50,131.57894736842107,2,7.894736842105264,-1.7543859649122453,-0.10526315789473628,0
1304056,2022-04-02,1,3,32,210.0,210.0,0.0,0.0,1,1,0,0,0,0.46464646464646464,1.0,0.125,0.4,0.6,1.0,2,1,156.8,158.0,8.194965107359668,7.541540454940284,169.5,153.2,158.0,13.425937120973748,15.027205928310048,2022,17.23176710590125,110.61723795452235,26.557086215964727,8.97617679248282,31.826747801082018,111.60445107180401,1.692222222222222,24.379626422224064,134.8868571095569,34.05495681418635,8.239070163803923,31.967409719272894,101.07876435071951,1.5229166666666667,30.8169487307118,147.52414757733249,38.810735864593774,137.3905501051752,44,115.78947368421053,1,6.947368421052632,43,116.21621621621621,3,6.972972972972972,0.4267425320056759,0.025604551920340057,0
1304057,2022-04-03,9,0,6,189.0,189.0,0.1,0.3,0,0,0,9,15,0.46,0.5913978494623656,0.375,0.625,0.5,0.5,3,2,161.0,167.8,7.471884685926699,7.4133771625965945,172.0,151.33333333333334,172.06666666666666,14.34785590441985,14.532228155316545,2022,19.679425445219444,123.52084269458905,29.204727564102566,8.92570795981331,28.790445630203997,103.90023750831176,1.6227777777777779,25.683694175830748,129.710424519732,35.37837179353312,8.609010539096543,32.60544653404488,99.80726807999535,1.5868542568542567,30.55000655780707,137.23916029095065,34.45731633272617,131.71087955418488,72,180.0,2,10.8,27,72.97297297297297,4,4.378378378378378,107.02702702702703,6.421621621621623,1
1304058,2022-04-04,6,13,10,175.33333333333334,175.33333333333334,0.5,0.3,0,0,0,0,0,1.0,0.4716981132075472,1.0,0.3,0.5,0.2,1,1,184.0,167.0,8.633005190279032,7.228981446498258,172.72727272727272,184.0,162.93333333333334,13.614316857689554,17.129615112222133,2022,26.53404393241786,131.26701169458187,35.15169082125604,8.375486025752691,31.71187300266623,97.75245554656965,1.4668650793650793,24.131286302728533,143.4688519989386,33.88794054781363,9.641836095539414,37.95508252355373,110.82691337331872,1.7427777777777778,34.966505636070856,137.64854501709044,34.13412295736763,143.25787811139153,32,88.88888888888889,3,5.333333333333333,40,108.10810810810811,2,6.486486486486487,-19.219219219219227,-1.1531531531531538,1
1304059,2022-04-05,12,10,57,168.6153846153846,168.6153846153846,0.4,0.1,1,1,0,12,10,0.4838709677419355,0.4421052631578947,0.2727272727272727,0.4444444444444444,0.5,0.5,2,3,155.2,170.6,7.369295210659598,7.473946953725018,172.41666666666666,161.6,169.4,9.116655208958628,15.385551072722203,2022,23.852916065416064,127.8487182743655,32.83889690556357,9.350960065070975,45.07359974044731,106.01773302180911,1.6514880952380953,31.66632947859606,143.86967366013522,35.05761412051126,14.023643029598498,31.39612884160756,137.24756578444007,1.4133333333333333,37.310471530784035,139.3538685980196,34.64819296282663,142.39612625551993,35,94.5945945945946,1,5.675675675675675,48,129.72972972972974,0,7.783783783783784,35.135135135135144,2.108108108108109,1
1304060,2022-04-06,5,7,32,190.5,190.5,0.3,0.1,1,1,0,7,22,0.5045045045045045,0.5688073394495413,0.2727272727272727,0.5,0.7,0.4,3,2,144.6,164.8,7.176359235003536,7.343088063238921,172.15384615384616,142.26666666666668,159.6,11.838358715578535,17.646192628379715,2022,26.672032513096976,141.21162439446465,30.751631473894317,8.155653624111014,28.24449150836974,142.53329757333447,1.3878684807256236,31.318439097077903,143.91623486140608,34.726439075229734,11.928310992016067,27.478740749306194,123.74789647353714,1.2287037037037036,25.720852795861074,140.66419916948178,31.04772004241782,128.61832896325035,35,97.22222222222221,1,5.833333333333333,35,97.22222222222221,2,5.833333333333333,-0.0,-0.0,1
1304061,2022-04-07,1,6,10,173.75,173.75,0.0,0.3333333333333333,0,0,0,0,0,0.46,1.0,0.125,1.0,0.5,0.6666666666666666,1,2,163.8,179.0,7.541540454940284,8.633005190279032,171.35714285714286,154.8,179.0,17.098541516715134,13.15049733541861,2022,27.0989160952104,142.36716407963064,32.647071433998725,10.211821514799249,32.11690307328605,127.81939563704267,1.2622222222222224,28.44539190989048,134.29053162013795,34.479468599033815,8.326275310701549,32.36741925951346,102.51577592804301,1.4187830687830687,30.8169487307118,147.52414757733249,34.966505636070856,137.64854501709044,52,136.8421052631579,0,8.210526315789474,48,126.3157894736842,0,7.578947368421052,10.526315789473685,0.6315789473684221,0
1304062,2022-04-08,3,9,6,186.75,186.75,0.1,0.0,1,1,0,0,0,1.0,0.46,0.4,0.375,1.0,0.5,2,3,164.5,164.0,7.471884685926699,8.194965107359668,169.86666666666667,164.5,156.26666666666668,15.17984816135219,14.01081555637981,2022,31.945160864691598,135.11117661790874,42.25243580578299,8.45870461136167,32.177948073892225,117.07253716522827,1.5601851851851851,19.3052352532298,118.51335015568772,31.894642094017097,8.900693549880232,28.63236388125387,106.62127820749544,1.6126262626262624,38.810735864593774,137.3905501051752,30.55000655780707,137.23916029095065,43,119.44444444444444,2,7.166666666666666,53,143.24324324324326,1,8.594594594594595,23.798798798798813,1.4279279279279287,1
1304063,2022-04-09,13,0,10,168.8,168.8,0.3,0.3,1,1,0,8,18,0.4672897196261682,0.5851063829787234,0.3,0.625,0.2,0.4,1,2,174.0,177.0,7.4133771625965945,7.228981446498258,171.0625,161.6,169.4,17.49353140215642,13.219571659782432,2022,31.1042231514412,148.80565067083674,32.487983809764735,9.928765258343734,35.11527844938749,119.20893586189136,1.713888888888889,27.00734338662142,131.25402382583323,35.37837179353312,8.506324266379602,31.951319184311938,101.13745463745464,1.5664021164021165,34.13412295736763,143.25787811139153,34.45731633272617,131.71087955418488,41,113.88888888888889,2,6.833333333333333,37,102.77777777777777,0,6.166666666666666,-11.111111111111114,-0.666666666666667,1
1304064,2022-04-09,12,7,32,180.66666666666666,180.66666666666666,0.2,0.1,1,1,0,11,17,0.48936170212765956,0.5688073394495413,0.2727272727272727,0.5,0.6,0.3,3,2,160.8,171.2,7.176359235003536,7.473946953725018,171.0625,159.26666666666668,160.2,12.218592740199519,14.36049607520373,2022,29.06670810670811,135.64301440879595,32.83889690556357,9.927984578096982,44.3242626708182,113.96841612493786,1.7144444444444447,27.71366698514609,142.57078356844488,34.726439075229734,11.101361449140256,25.80147980440389,129.53819508242557,1.2738095238095237,37.310471530784035,139.3538685980196,31.04772004241782,128.61832896325035,49,132.43243243243242,0,7.945945945945946,30,81.08108108108108,0,4.864864864864865,-51.35135135135134,-3.0810810810810807,1
1304065,2022-04-10,1,5,6,187.2,187.2,0.0,0.1,0,0,0,11,16,0.46,0.5089285714285714,0.125,0.2727272727272727,0.4,0.7,1,3,160.8,149.8,7.541540454940284,7.343088063238921,169.0,151.73333333333332,144.8,16.776509523109425,15.475598457966786,2022,24.275461041287024,137.12840993931226,32.647071433998725,8.30512081983654,33.6011571871242,130.35973032569672,1.48015873015873,21.48598469106399,128.5267149526902,30.751631473894317,8.173834357523516,29.115579192194886,126.92685735917468,1.4483405483405483,30.8169487307118,147.52414757733249,25.720852795861074,140.66419916948178,68,183.7837837837838,0,11.027027027027028,43,119.44444444444444,2,7.166666666666666,64.33933933933936,3.860360360360362,1
1304066,2022-04-10,10,6,57,168.64285714285714,168.64285714285714,0.3,0.25,0,0,0,0,0,0.4421052631578947,1.0,0.4444444444444444,1.0,0.4,0.75,2,3,166.6,171.5,7.369295210659598,8.633005190279032,169.0,170.86666666666667,171.5,15.45092120792023,16.670277208911994,2022,24.80333057994957,133.07678585375083,32.770943396226414,8.378680753222413,35.868456736461376,114.46135081663697,1.511904761904762,24.628346257045397,139.67493080119317,35.729468599033815,8.612870654309914,34.16885410980674,108.77694194009166,1.5618253968253968,34.64819296282663,142.39612625551993,34.966505636070856,137.64854501709044,44,112.82051282051282,1,6.769230769230769,31,83.78378378378379,3,5.027027027027027,29.036729036729028,1.742203742203742,1
1304067,2022-04-11,13,3,10,166.33333333333334,166.33333333333334,0.3333333333333333,0.2,1,1,0,0,0,0.4722222222222222,1.0,0.3,0.4,0.3,1.0,2,3,181.8,172.66666666666666,8.194965107359668,7.228981446498258,171.1,159.4,172.66666666666666,17.58660522783882,14.156026126537343,2022,31.14424808637035,146.0614060901403,33.88794054781363,9.670760897774462,37.25888942617665,122.15931652168092,1.6644444444444446,27.620994708669073,136.89954393239103,42.25243580578299,8.305264387178688,31.114148046696062,103.20980827932661,1.5569444444444445,34.13412295736763,143.25787811139153,38.810735864593774,137.3905501051752,51,130.76923076923077,2,7.846153846153847,42,116.66666666666667,0,7.0,-14.102564102564102,-0.8461538461538467,1
1304068,2022-04-12,12,0,10,165.71428571428572,165.71428571428572,0.3,0.1,1,1,0,9,18,0.49473684210526314,0.5851063829787234,0.2727272727272727,0.625,0.7,0.3,3,1,158.2,173.4,7.4133771625965945,7.473946953725018,170.66666666666666,157.53333333333333,166.93333333333334,13.920727232339223,14.463575066989186,2022,21.135452720679993,117.28351058388311,32.83889690556357,9.424031743531101,39.02530454501525,90.66680636355069,1.6818181818181819,29.60387614775062,136.30519055625106,32.805238774055596,8.425099395053294,32.699168896757804,96.2778504883768,1.5106349206349206,37.310471530784035,139.3538685980196,34.45731633272617,131.71087955418488,35,97.22222222222221,1,5.833333333333333,42,116.66666666666667,3,7.0,19.444444444444457,1.166666666666667,0
1304069,2022-04-13,7,9,32,173.25,173.25,0.2,0.2,1,1,0,15,12,0.5688073394495413,0.46,0.5,0.375,0.3,0.5,1,3,183.4,169.0,7.471884685926699,7.176359235003536,172.72727272727272,160.26666666666668,155.86666666666667,13.753499169819952,13.442871594947745,2022,23.45843358811687,126.10122849729824,34.726439075229734,10.496886857142934,28.362021715328723,122.89047670086109,1.296111111111111,26.419139524916666,141.10830216726706,31.894642094017097,9.168665147703575,29.607498441275034,118.35724670701663,1.592063492063492,31.04772004241782,128.61832896325035,30.55000655780707,137.23916029095065,65,162.5,0,9.75,42,113.51351351351352,2,6.8108108108108105,-48.986486486486484,-2.9391891891891895,0
1304070,2022-04-14,3,10,10,172.0,172.0,0.25,0.3,0,0,0,0,0,1.0,0.4421052631578947,0.4,0.4444444444444444,0.75,0.4,3,3,170.0,181.6,8.194965107359668,7.369295210659598,173.82608695652175,170.0,169.33333333333334,15.27022414999532,13.276698926392218,2022,26.40242706636678,130.28436850513427,34.05495681418635,8.502199607512557,32.73061011092926,102.18835246762602,1.5074074074074073,20.48922534535864,112.88114440103429,32.770943396226414,8.531922467239893,34.85907485450163,97.05985033355066,1.537777777777778,38.810735864593774,137.3905501051752,34.64819296282663,142.39612625551993,42,113.51351351351352,2,6.8108108108108105,65,180.55555555555557,3,10.833333333333334,-67.04204204204206,-4.022522522522523,1
1304071,2022-04-15,13,5,6,191.83333333333334,191.83333333333334,0.2,0.2,1,1,0,9,20,0.47706422018348627,0.504424778761062,0.3,0.25,0.4,0.7,2,3,186.0,154.4,7.343088063238921,7.228981446498258,174.58333333333334,160.26666666666668,148.86666666666667,16.33687747602319,13.953012159868523,2022,31.14424808637035,146.0614060901403,33.88794054781363,9.670760897774462,37.25888942617665,122.15931652168092,1.6644444444444446,21.401720495015685,134.9362444018281,30.32728451563692,8.940595061969907,34.81474999557513,121.00075811108692,1.5427579365079365,34.13412295736763,143.25787811139153,25.720852795861074,140.66419916948178,38,102.7027027027027,3,6.162162162162161,46,117.94871794871796,2,7.076923076923077,15.246015246015261,0.9147609147609153,1
1304073,2022-04-16,1,12,57,168.4,168.4,0.2,0.1,1,1,0,10,15,0.46,0.4895833333333333,0.125,0.25,0.4,0.6,2,3,169.4,173.8,7.473946953725018,7.541540454940284,174.6,156.93333333333334,159.2,13.681211800749734,15.911626502843884,2022,23.78898631796208,132.1619060657744,34.026965613892905,8.248548695979023,31.601200334730233,133.28430696515346,1.4845679012345678,25.357172457172457,131.24782604093818,32.83889690556357,9.660102335272075,42.33366057341148,104.76199346402028,1.6753968253968254,30.8169487307118,147.52414757733249,37.310471530784035,139.3538685980196,40,108.10810810810811,2,6.486486486486487,57,150.0,1,9.0,41.89189189189189,2.513513513513513,0
1304072,2022-04-16,6,7,6,189.42857142857142,189.42857142857142,0.2,0.3,0,0,0,0,0,0.6666666666666666,0.5636363636363636,1.0,0.5,0.6,0.3,3,0,170.2,176.0,8.633005190279032,7.176359235003536,174.6,170.2,164.33333333333334,12.434833072634259,15.267683055082914,2022,29.012984502483075,132.73891579782227,35.15169082125604,8.499656159787387,35.878782895877094,119.60388568902027,1.5203703703703706,24.581160860844143,129.770056324817,34.726439075229734,10.674764592533624,32.92438730672657,122.49484178022615,1.343888888888889,34.966505636070856,137.64854501709044,31.04772004241782,128.61832896325035,57,158.33333333333331,1,9.5,57,146.15384615384613,2,8.769230769230768,12.179487179487182,0.7307692307692317,1
1304074,2022-04-17,13,9,10,174.22222222222223,174.22222222222223,0.3,0.2,1,1,0,15,13,0.4818181818181818,0.46,0.3,0.375,0.5,0.6,3,3,174.0,181.8,7.471884685926699,7.228981446498258,176.03703703703704,161.93333333333334,161.06666666666666,16.33094000416633,12.570455602948138,2022,31.14424808637035,146.0614060901403,33.88794054781363,9.670760897774462,37.25888942617665,122.15931652168092,1.6644444444444446,20.32439448924731,121.56587051220076,31.894642094017097,8.943845611635172,29.187403548067785,104.93521006580417,1.5916666666666666,34.13412295736763,143.25787811139153,30.55000655780707,137.23916029095065,48,133.33333333333331,2,8.0,39,108.33333333333333,1,6.5,-24.999999999999986,-1.5,1
1304075,2022-04-17,0,3,32,178.2,178.2,0.4,0.4,0,0,0,0,0,0.5851063829787234,1.0,0.625,0.4,0.3,0.8,1,4,178.2,174.4,7.4133771625965945,8.194965107359668,176.03703703703704,169.93333333333334,174.4,16.25590044038987,15.975991482456097,2022,29.469013787584675,134.84511455125156,33.428835088481165,8.442508460377432,32.48199555423276,104.24488983699511,1.5116402116402117,24.599054721197817,134.8774432535534,33.608787041929624,8.295148893518785,32.103627667990835,97.75092501276987,1.5256944444444445,34.45731633272617,131.71087955418488,38.810735864593774,137.3905501051752,39,97.5,2,5.85,37,102.77777777777777,3,6.166666666666666,-5.2777777777777715,-0.31666666666666643,0
1304076,2022-04-18,5,10,6,190.625,190.625,0.4,0.2,1,1,0,13,9,0.504424778761062,0.4375,0.25,0.4444444444444444,0.6,0.4,2,3,163.2,185.8,7.369295210659598,7.343088063238921,174.93103448275863,154.4,170.33333333333334,14.463477966290629,16.012046295595812,2022,20.116925173378256,121.86653407314638,30.32728451563692,8.550040519744016,34.68119961141437,108.78973255253815,1.5027579365079364,26.64658454820354,136.90364463136126,32.770943396226414,8.425811160854614,36.551420197350375,120.1941894066184,1.5301587301587298,25.720852795861074,140.66419916948178,34.64819296282663,142.39612625551993,60,162.16216216216216,0,9.72972972972973,57,154.05405405405406,1,9.243243243243244,-8.108108108108098,-0.48648648648648596,0
1304077,2022-04-19,6,12,10,171.9,171.9,0.3,0.3333333333333333,1,1,0,0,0,0.6666666666666666,0.4895833333333333,1.0,0.25,0.6666666666666666,0.6,4,4,178.4,170.6,7.473946953725018,8.633005190279032,176.33333333333334,175.0,160.4,13.155968818170342,15.152365281953923,2022,23.582790701489845,125.21157554042414,35.15169082125604,8.551789548429294,33.65283617842289,103.95478880586957,1.5834920634920635,23.392883042883042,129.57983905219646,32.83889690556357,9.517472811845556,40.06264836597346,99.53290589717935,1.6722222222222223,34.966505636070856,137.64854501709044,37.310471530784035,139.3538685980196,47,127.02702702702702,3,7.621621621621621,44,118.91891891891892,2,7.135135135135135,-8.108108108108098,-0.48648648648648596,0
1304078,2022-04-20,1,9,6,193.55555555555554,193.55555555555554,0.3,0.2,1,1,0,12,15,0.45544554455445546,0.46,0.125,0.375,0.4,0.5,2,2,180.2,171.0,7.471884685926699,7.541540454940284,176.48387096774192,158.13333333333333,162.4,16.10353077896752,10.98722827717766,2022,28.26217509712043,139.2370681444197,28.26217509712043,10.84318459566604,31.396128841607563,119.16926972809325,0.9499999999999998,19.55316913752732,119.13654440415912,31.894642094017097,8.646368927134557,28.566175683486723,110.05958989580714,1.563131313131313,30.8169487307118,147.52414757733249,30.55000655780707,137.23916029095065,47,127.02702702702702,3,7.621621621621621,81,197.5609756097561,0,11.853658536585366,70.53394858272908,4.232036914963745,1
1304079,2022-04-21,7,0,10,172.72727272727272,172.72727272727272,0.4,0.3,0,0,0,19,13,0.5585585585585585,0.5851063829787234,0.5,0.625,0.3,0.3,0,1,180.4,185.8,7.176359235003536,7.4133771625965945,174.5625,168.86666666666667,166.66666666666666,15.83592372514835,11.955223440424446,2022,25.123259542352077,133.88181506732155,34.726439075229734,10.826177959525063,33.051050831427794,119.55379245421955,1.2864197530864196,27.184556696187673,129.42937651192054,35.37837179353312,8.454310426786762,32.817064441764515,101.72038097038097,1.5222045855379187,31.04772004241782,128.61832896325035,34.45731633272617,131.71087955418488,42,113.51351351351352,3,6.8108108108108105,46,121.05263157894737,2,7.2631578947368425,-7.539118065433854,-0.45234708392603196,0
1304080,2022-04-22,10,1,57,169.6875,168.46666666666667,0.5,0.2,0,0,0,12,12,0.4375,0.46078431372549017,0.4444444444444444,0.125,0.5,0.4,3,2,187.2,167.8,7.369295210659598,7.541540454940284,173.96969696969697,175.93333333333334,155.53333333333333,15.153613397983563,15.33383792071338,2022,30.849040880503143,141.62255431934688,32.770943396226414,8.529553786998122,31.396128841607563,124.40720159145236,1.5166666666666666,22.84024217151678,130.7907953058362,32.647071433998725,9.345794339599035,32.678247683497446,129.48307897621623,1.4222222222222223,34.64819296282663,142.39612625551993,30.8169487307118,147.52414757733249,44,122.22222222222223,0,7.333333333333334,55,152.77777777777777,2,9.166666666666666,-30.555555555555543,-1.8333333333333321,1
1304081,2022-04-23,3,5,10,171.25,171.25,0.3333333333333333,0.3,0,1,1,0,0,1.0,0.5,0.4,0.23076923076923078,0.8333333333333334,0.5,4,2,176.6,181.0,8.194965107359668,7.343088063238921,175.38235294117646,173.5,158.53333333333333,16.353140991272358,15.617471145011065,2022,23.585821981362542,137.22007147213293,34.05495681418635,8.513648339759259,31.501897300396582,102.20233874687656,1.5916666666666668,21.377217588283862,132.96165728496157,30.88364522417154,8.391052920375788,31.999007110217377,114.06324442300397,1.5226190476190475,38.810735864593774,137.3905501051752,25.720852795861074,140.66419916948178,47,123.6842105263158,1,7.421052631578948,34,89.47368421052632,3,5.368421052631579,34.21052631578948,2.052631578947369,1
1304082,2022-04-23,13,12,6,185.7,185.7,0.3,0.2,1,1,0,16,13,0.4864864864864865,0.4895833333333333,0.3,0.25,0.5,0.6,4,4,162.2,181.2,7.473946953725018,7.228981446498258,175.38235294117646,164.0,160.53333333333333,15.456283476853665,11.239996620785497,2022,30.064337336249952,142.16519917750023,30.064337336249952,10.395169082125603,36.35499498531413,110.75779453542275,1.7796296296296295,20.218687667551304,116.84166535558566,32.83889690556357,9.197890255467795,36.185810264461374,87.85843039608382,1.6363636363636365,34.13412295736763,143.25787811139153,37.310471530784035,139.3538685980196,31,77.5,4,4.65,56,151.35135135135135,0,9.08108108108108,73.85135135135135,4.43108108108108,1
1304083,2022-04-24,6,7,57,172.76470588235293,168.53333333333333,0.2857142857142857,0.4,0,0,0,1,0,0.5,0.5585585585585585,1.0,0.5,0.5714285714285714,0.2,3,0,172.6,172.8,8.633005190279032,7.176359235003536,171.86111111111111,175.85714285714286,167.8,12.446022613968411,15.251916462112538,2022,26.645155043528973,132.21793262899337,35.15169082125604,8.510756010620876,31.983379624738014,114.28872410257505,1.5022817460317461,23.875784794877333,129.80533970341176,34.726439075229734,10.623308082423266,28.426200174319074,119.99338681048056,1.2179012345679012,34.966505636070856,137.64854501709044,31.04772004241782,128.61832896325035,32,88.88888888888889,1,5.333333333333333,43,113.1578947368421,0,6.789473684210526,-24.26900584795321,-1.4561403508771926,1
1304084,2022-04-25,0,9,57,172.5,169.93333333333334,0.3,0.3,1,1,0,15,10,0.5894736842105263,0.46,0.625,0.375,0.4,0.5,2,2,174.8,166.6,7.471884685926699,7.4133771625965945,171.75675675675674,166.6,161.86666666666667,14.975219896534423,16.719948058491056,2022,27.756539326689392,129.41203528687407,35.37837179353312,8.501693890329282,33.889142852176334,104.22709525834526,1.5187301587301585,28.39883007433743,142.14788025549635,31.894642094017097,8.641745241872723,29.683831151118387,99.41159734782697,1.508888888888889,34.45731633272617,131.71087955418488,30.55000655780707,137.23916029095065,37,97.36842105263158,1,5.842105263157895,32,82.05128205128204,2,4.923076923076923,-15.317139001349531,-0.9190283400809713,0
1304085,2022-04-26,12,10,32,176.66666666666666,176.66666666666666,0.6,0.3,1,1,0,13,10,0.4895833333333333,0.4375,0.25,0.4444444444444444,0.6,0.6,3,3,161.0,193.0,7.369295210659598,7.473946953725018,172.1578947368421,158.93333333333334,179.33333333333334,13.760121470364178,13.29408936382455,2022,20.959308158171794,120.04206826104473,34.58448773448774,9.197890255467795,36.185810264461374,90.61109439874782,1.6363636363636365,22.791479339960777,122.2775750148399,32.770943396226414,8.723910506137972,42.00435523946996,107.27625269259325,1.5782407407407408,37.310471530784035,139.3538685980196,34.64819296282663,142.39612625551993,43,116.21621621621621,3,6.972972972972972,37,100.0,1,6.0,-16.21621621621621,-0.9729729729729719,0
1304086,2022-04-27,13,3,57,173.26315789473685,175.33333333333334,0.2,0.2857142857142857,0,0,0,1,0,0.49107142857142855,1.0,0.3,0.4,0.6,0.8571428571428571,5,4,142.0,173.6,7.228981446498258,8.194965107359668,171.43589743589743,157.13333333333333,171.0,16.97550778512403,14.816035405653274,2022,28.298054359537026,140.44216219738576,37.76797275393278,9.386362655844673,38.52184862640315,118.72926206851872,1.6229166666666666,25.486239194154283,139.06868143929637,34.05495681418635,8.273223044347338,31.073865075994416,96.19355561432393,1.5626984126984123,34.13412295736763,143.25787811139153,38.810735864593774,137.3905501051752,53,135.8974358974359,2,8.153846153846153,59,159.45945945945945,0,9.567567567567567,-23.56202356202354,-1.4137214137214134,0
1304087,2022-04-28,1,5,57,174.35,175.33333333333334,0.3,0.3,1,1,0,12,16,0.4563106796116505,0.4956521739130435,0.1111111111111111,0.23076923076923078,0.3,0.4,2,1,178.0,184.8,7.343088063238921,7.541540454940284,172.025,159.26666666666668,157.53333333333333,16.14152002414988,16.20526797912228,2022,24.829917300015033,137.85240294468585,34.026965613892905,8.282579368284459,32.11385037657151,130.25734533579762,1.4902777777777776,22.23927460756979,134.22141822139898,30.88364522417154,8.540236776861173,34.98356089272329,112.52298033330915,1.5277579365079363,30.8169487307118,147.52414757733249,25.720852795861074,140.66419916948178,29,78.37837837837837,2,4.702702702702703,47,127.02702702702702,2,7.621621621621621,48.648648648648646,2.9189189189189184,1
1304088,2022-04-29,9,6,32,172.0,172.0,0.25,0.3,1,1,0,0,0,0.46,0.5,0.375,1.0,0.5,0.625,2,3,168.0,172.4,8.633005190279032,7.471884685926699,171.390243902439,162.4,174.875,14.612199519991892,16.00733572117381,2022,21.357801789305462,125.8479900999597,31.894642094017097,8.450011090684672,29.58154648687335,109.12825399636881,1.5394444444444444,25.22885130755045,135.26216437623162,35.729468599033815,8.612528861776008,32.825467866420496,106.12062325877298,1.5934920634920633,30.55000655780707,137.23916029095065,34.966505636070856,137.64854501709044,39,105.40540540540539,1,6.324324324324324,46,124.32432432432432,1,7.45945945945946,18.918918918918934,1.135135135135136,0
1304089,2022-04-30,3,12,6,175.0,175.0,0.3,0.375,1,0,1,0,0,1.0,0.4845360824742268,0.4,0.25,0.875,0.5,4,2,174.8,159.6,7.473946953725018,8.194965107359668,170.95238095238096,174.0,158.13333333333333,14.494321876614029,16.489491305081252,2022,33.64032933258734,139.14040776504706,42.25243580578299,8.45870461136167,32.17794807389222,114.83159523678636,1.5601851851851851,27.03052846624275,139.47973614129893,34.58448773448774,9.5996493626614,55.99135645318182,109.06988895690029,1.6603174603174604,38.810735864593774,137.3905501051752,37.310471530784035,139.3538685980196,43,116.21621621621621,1,6.972972972972972,46,121.05263157894737,0,7.2631578947368425,4.8364153627311595,0.29018492176387056,1
1304090,2022-04-30,7,10,10,170.07692307692307,170.07692307692307,0.5,0.4,1,1,0,13,12,0.5535714285714286,0.4375,0.5,0.4444444444444444,0.2,0.6,0,4,174.2,188.0,7.369295210659598,7.176359235003536,170.95238095238096,164.46666666666667,174.26666666666668,16.04541236456219,12.874860245517437,2022,28.058799445846997,140.52277310106976,35.67820348243969,10.320482658284162,32.283265578818636,113.67941744766844,1.2595238095238095,25.077914257455873,132.87477189169488,32.770943396226414,8.757816247304905,43.50989964440371,116.5905461839293,1.5755208333333333,31.04772004241782,128.61832896325035,34.64819296282663,142.39612625551993,40,105.26315789473684,1,6.315789473684211,41,110.8108108108108,2,6.648648648648649,5.547652916073972,0.3328591749644385,1
1304091,2022-05-01,1,6,57,173.0,172.53333333333333,0.2222222222222222,0.3,1,0,1,0,1,0.46153846153846156,0.5,0.1111111111111111,1.0,0.4,0.6666666666666666,3,3,177.4,173.2,8.633005190279032,7.541540454940284,170.63636363636363,160.06666666666666,172.44444444444446,15.560035041993622,16.361409285149204,2022,23.78898631796208,132.1619060657744,34.026965613892905,8.248548695979023,31.601200334730233,133.28430696515346,1.4845679012345678,28.962248069646353,134.95788122339656,34.77576489533011,8.49367663434524,36.775313706731005,121.87299839929783,1.5211111111111113,30.8169487307118,147.52414757733249,34.966505636070856,137.64854501709044,57,146.15384615384613,1,8.769230769230768,66,183.33333333333331,2,11.0,37.17948717948718,2.2307692307692317,0
1304092,2022-05-01,0,13,32,169.625,169.625,0.3,0.3,0,0,0,18,9,0.5833333333333334,0.49107142857142855,0.625,0.3,0.4,0.6,2,4,176.2,150.2,7.4133771625965945,7.228981446498258,170.63636363636363,168.66666666666666,155.46666666666667,14.428363189616151,17.45161663745554,2022,36.39525425498591,136.23407526158297,39.619901848177925,8.302423396948374,31.25592016061744,111.34240504523525,1.4819444444444443,30.662062125185173,144.8907102853844,37.76797275393278,9.44210188440698,39.34243017620677,123.92187773817106,1.665079365079365,34.45731633272617,131.71087955418488,34.13412295736763,143.25787811139153,40,111.11111111111111,0,6.666666666666667,58,156.75675675675674,2,9.405405405405405,-45.64564564564563,-2.7387387387387383,1
1304093,2022-05-02,5,10,57,174.0,170.86666666666667,0.5,0.3,1,1,0,13,10,0.4956521739130435,0.4375,0.23076923076923078,0.4444444444444444,0.3,0.6,0,3,181.8,186.6,7.369295210659598,7.343088063238921,171.84782608695653,158.8,172.46666666666667,16.119848534600155,16.634846929750356,2022,29.048696018959163,135.82279969411988,30.329988266242736,8.229931132490186,39.22306442080378,133.95082123758593,1.367013888888889,26.64658454820354,136.90364463136126,32.770943396226414,8.425811160854614,36.551420197350375,120.1941894066184,1.5301587301587298,25.720852795861074,140.66419916948178,34.64819296282663,142.39612625551993,38,100.0,1,6.0,32,82.05128205128204,2,4.923076923076923,-17.948717948717956,-1.0769230769230766,1
1304094,2022-05-03,3,9,10,169.21428571428572,169.21428571428572,0.3333333333333333,0.3,0,1,1,1,0,1.0,0.45544554455445546,0.4,0.375,0.8888888888888888,0.5,5,2,176.4,160.8,8.194965107359668,7.471884685926699,171.4255319148936,173.55555555555554,161.53333333333333,15.342500439024928,17.104513373875275,2022,25.67478201513682,133.01630452879095,42.25243580578299,8.432778774541868,31.392205387687984,104.05033076844543,1.5794444444444444,29.69181490384615,144.23857732808293,31.894642094017097,8.669793105591374,29.25575672849609,92.06130475847966,1.5069444444444444,38.810735864593774,137.3905501051752,30.55000655780707,137.23916029095065,42,110.5263157894737,2,6.631578947368421,43,116.21621621621621,1,6.972972972972972,-5.689900426742511,-0.3413940256045507,0
1304095,2022-05-04,12,0,32,173.22222222222223,173.22222222222223,0.3,0.4,0,0,0,9,19,0.4845360824742268,0.5833333333333334,0.25,0.625,0.5,0.4,2,3,150.4,185.8,7.473946953725018,7.4133771625965945,170.83333333333334,158.46666666666667,170.73333333333332,15.907032275378333,12.504972404936193,2022,24.284524907962407,133.55045094181844,34.58448773448774,9.452292202229716,52.07395863566453,100.76948617062108,1.6395833333333334,25.290925771862604,118.20065315227615,39.619901848177925,8.39568617387759,32.483675626113694,87.69115504728714,1.539111111111111,37.310471530784035,139.3538685980196,34.45731633272617,131.71087955418488,57,150.0,0,9.0,51,141.66666666666669,0,8.5,8.333333333333314,0.5,1
1304096,2022-05-05,13,1,6,174.58333333333334,174.58333333333334,0.4,0.4,1,1,0,15,15,0.48672566371681414,0.45714285714285713,0.2727272727272727,0.1111111111111111,0.5,0.4,3,2,158.2,173.4,7.541540454940284,7.228981446498258,170.87755102040816,160.0,162.8,14.125198638815405,14.858843252389946,2022,24.413776009837143,128.97533270415303,37.76797275393278,9.416878469815133,44.439468023111644,107.02308982927204,1.7020370370370368,27.90648749158504,139.92392110978875,34.026965613892905,9.130868598883605,30.17821784550508,109.18997372785034,1.5044444444444445,34.13412295736763,143.25787811139153,30.8169487307118,147.52414757733249,50,128.2051282051282,2,7.692307692307693,35,94.5945945945946,2,5.675675675675675,-33.61053361053361,-2.016632016632018,0
1304097,2022-05-06,3,7,6,177.07692307692307,177.07692307692307,0.4,0.3,1,1,0,0,0,1.0,0.5575221238938053,0.4,0.5,0.8,0.2,4,1,166.6,175.6,7.176359235003536,8.194965107359668,171.6,170.5,164.6,13.774500007713865,16.98525137637642,2022,30.82436391772792,142.159488456146,42.25243580578299,8.273223044347338,31.073865075994416,106.99851020295974,1.5626984126984123,28.058799445846997,140.52277310106976,35.67820348243969,10.320482658284162,32.283265578818636,113.67941744766844,1.2595238095238095,38.810735864593774,137.3905501051752,31.04772004241782,128.61832896325035,63,170.27027027027026,0,10.216216216216216,54,145.94594594594594,0,8.756756756756756,-24.324324324324323,-1.4594594594594597,0
1304098,2022-05-07,10,9,57,173.04347826086956,169.2,0.3,0.5,1,0,1,13,9,0.4375,0.46078431372549017,0.4444444444444444,0.375,0.6,0.5,3,2,178.6,149.8,7.471884685926699,7.369295210659598,171.7058823529412,172.33333333333334,158.73333333333332,16.825776250296617,10.580360073426187,2022,30.749719009941163,143.5502253376353,35.05761412051126,13.233294757675123,37.54439308229201,140.68736542642736,1.4472222222222222,26.914915254563365,140.01302349398594,31.894642094017097,8.531566282720817,30.956469228171354,118.13560094719352,1.5103174603174605,34.64819296282663,142.39612625551993,30.55000655780707,137.23916029095065,48,123.07692307692308,1,7.384615384615385,67,186.11111111111111,1,11.166666666666668,63.034188034188034,3.782051282051283,1
1304099,2022-05-07,6,5,32,173.2,173.2,0.3,0.2,0,0,0,0,0,0.5,0.5,1.0,0.23076923076923078,0.7,0.4,4,1,179.2,169.2,8.633005190279032,7.343088063238921,171.7058823529412,174.7,157.93333333333334,15.96350733335829,15.015789826168062,2022,22.29135731682814,132.3207357153963,28.51851851851852,8.63410074526473,34.61507836363688,104.73709939874186,1.5732426303854876,19.52946508376027,129.6478421288562,30.71654377489618,8.288951353371514,33.8921720038344,104.19924387617887,1.4730401234567903,34.966505636070856,137.64854501709044,25.720852795861074,140.66419916948178,66,183.33333333333331,1,11.0,25,67.56756756756756,3,4.054054054054054,115.76576576576575,6.945945945945946,1
1304100,2022-05-08,13,12,57,173.70833333333334,172.93333333333334,0.2,0.4,1,0,1,17,13,0.4824561403508772,0.4845360824742268,0.25,0.25,0.5,0.6,2,2,164.6,147.2,7.473946953725018,7.228981446498258,172.11320754716982,165.46666666666667,160.06666666666666,13.04523890308251,15.431731676356064,2022,23.138328575915132,129.51293064739394,36.15755762251544,9.246136713186957,41.50749393089095,106.61978578037974,1.675,30.696073186073185,142.6839008008059,34.58448773448774,9.927984578096982,44.32426267081819,120.02427693079866,1.7144444444444447,34.13412295736763,143.25787811139153,37.310471530784035,139.3538685980196,47,120.51282051282051,1,7.23076923076923,39,108.33333333333333,2,6.5,-12.179487179487182,-0.73076923076923,0
1304101,2022-05-08,0,1,10,167.46666666666667,167.46666666666667,0.3,0.5,0,0,0,16,10,0.5773195876288659,0.45714285714285713,0.625,0.1111111111111111,0.3,0.5,2,3,177.2,177.0,7.4133771625965945,7.541540454940284,172.11320754716982,173.33333333333334,168.13333333333333,16.639111447589965,13.770343170404956,2022,31.31809737552287,135.68888005187864,39.619901848177925,8.521046103488537,31.386171756179323,100.38896592130206,1.5344246031746032,20.347698762315297,117.33772901587913,34.026965613892905,8.154815266384434,29.758533013552494,109.42283517534592,1.533838383838384,34.45731633272617,131.71087955418488,30.8169487307118,147.52414757733249,57,146.15384615384613,0,8.769230769230768,59,163.88888888888889,2,9.833333333333332,-17.735042735042754,-1.0641025641025639,1
1304102,2022-05-09,7,5,10,170.0,167.66666666666666,0.2,0.3,1,1,0,22,8,0.5575221238938053,0.49572649572649574,0.5,0.23076923076923078,0.2,0.3,2,1,171.4,169.4,7.343088063238921,7.176359235003536,173.12727272727273,166.06666666666666,162.0,16.18449753667031,14.155071192646812,2022,22.491963381494223,130.89780978965618,33.889666092115284,9.817671323672757,30.604236930786726,101.12896132487657,1.3796031746031745,23.769845120432347,138.96983653259494,31.140890733153572,8.087851321492815,29.30449585845929,128.54572497772563,1.402063492063492,31.04772004241782,128.61832896325035,25.720852795861074,140.66419916948178,64,164.1025641025641,1,9.846153846153847,37,100.0,2,6.0,-64.10256410256409,-3.8461538461538467,0
1304103,2022-05-10,3,6,32,173.45454545454547,173.45454545454547,0.3,0.3,0,1,1,1,0,0.8333333333333334,0.5,0.4,1.0,0.7,0.8,3,4,168.2,174.6,8.194965107359668,8.633005190279032,172.98214285714286,171.0909090909091,174.8181818181818,15.492861006008223,16.110047104277342,2022,27.197267492466676,132.0568848053122,34.05495681418635,8.45870461136167,32.17794807389222,107.92934277440581,1.5601851851851851,26.069094045426425,136.27012973020447,35.729468599033815,8.523724879097525,31.00265660371508,109.76365547271071,1.5452380952380953,38.810735864593774,137.3905501051752,34.966505636070856,137.64854501709044,35,97.22222222222221,2,5.833333333333333,37,100.0,3,6.0,-2.7777777777777857,-0.16666666666666696,1
1304104,2022-05-11,1,10,10,169.7058823529412,170.13333333333333,0.5,0.6,1,1,0,12,13,0.4528301886792453,0.44329896907216493,0.1,0.4444444444444444,0.4,0.6,2,3,195.6,173.0,7.369295210659598,7.541540454940284,172.47368421052633,173.4,174.0,11.22098534646286,17.08865359657442,2022,32.62736706756253,138.05212172844057,34.026965613892905,7.795974195354036,28.97277230688135,120.16558977249437,1.2319444444444443,25.78333231892879,133.22270247223813,35.05761412051126,12.303030212222682,35.86845673646138,125.69121118183568,1.438095238095238,30.8169487307118,147.52414757733249,34.64819296282663,142.39612625551993,43,113.1578947368421,1,6.789473684210526,38,100.0,1,6.0,-13.157894736842096,-0.7894736842105257,1
1304105,2022-05-12,7,0,57,174.44,173.0,0.4,0.3,1,1,0,19,14,0.5526315789473685,0.5773195876288659,0.5,0.625,0.2,0.4,2,3,164.6,185.0,7.4133771625965945,7.176359235003536,172.25862068965517,166.06666666666666,174.6,16.059266771464337,11.075965230169903,2022,28.038600988492618,139.20698240055648,37.93645312375963,10.87483251256475,34.85038174844406,108.13393155666759,1.3785714285714286,25.388368339223245,120.44926679308837,39.619901848177925,8.66832741379656,32.11575198645268,89.76393103744823,1.5876623376623373,31.04772004241782,128.61832896325035,34.45731633272617,131.71087955418488,32,78.04878048780488,5,4.682926829268293,36,92.3076923076923,4,5.538461538461538,14.25891181988743,0.855534709193245,1
1304106,2022-05-13,9,12,6,177.07142857142858,177.07142857142858,0.3,0.3,0,0,0,16,13,0.46078431372549017,0.4845360824742268,0.375,0.25,0.4,0.6,2,2,157.4,149.4,7.471884685926699,7.473946953725018,170.98305084745763,163.0,161.93333333333334,14.316251628736829,14.564894245632129,2022,22.718058199561874,131.12856409867464,31.894642094017097,8.381808445871858,30.010677561983805,118.10820737632221,1.5372222222222223,21.283550582414218,122.0801536012698,34.58448773448774,9.159420181988276,44.87707127886069,90.59981843700747,1.6267676767676769,30.55000655780707,137.23916029095065,37.310471530784035,139.3538685980196,83,218.42105263157893,1,13.105263157894736,44,112.82051282051282,3,6.769230769230769,105.60053981106611,6.336032388663967,1
1304107,2022-05-14,5,13,32,171.0,171.0,0.2,0.4,0,1,1,20,10,0.49572649572649574,0.4782608695652174,0.23076923076923078,0.25,0.4,0.5,2,1,159.0,172.8,7.343088063238921,7.228981446498258,171.61666666666667,161.6,167.33333333333334,15.637704416809951,16.782714433491115,2022,27.177924116158156,143.49145725545037,31.140890733153572,7.969328332968811,28.058104336944297,141.7804714374077,1.390079365079365,25.47603562522176,133.74696163894535,37.76797275393278,9.17599242387536,36.32286030133151,110.76298840939373,1.6433333333333333,25.720852795861074,140.66419916948178,34.13412295736763,143.25787811139153,55,144.73684210526315,1,8.68421052631579,31,83.78378378378379,1,5.027027027027027,60.95305832147936,3.657183499288762,1
1304108,2022-05-15,3,0,57,171.46153846153845,170.73333333333332,0.3,0.3,1,0,1,1,0,0.8333333333333334,0.5773195876288659,0.4,0.625,0.7,0.4,3,2,165.8,173.4,7.4133771625965945,8.194965107359668,171.70491803278688,168.83333333333334,172.0,15.601010826716111,15.178686665979932,2022,28.097945480755932,131.04532711779262,34.05495681418635,8.602639529015068,31.63228768867067,102.41521132928696,1.56,29.13820976025369,130.5767699112929,39.619901848177925,8.399797203741613,32.17325829276529,97.7205065074621,1.5044217687074826,38.810735864593774,137.3905501051752,34.45731633272617,131.71087955418488,47,127.02702702702702,1,7.621621621621621,53,143.24324324324326,0,8.594594594594595,16.21621621621624,0.9729729729729737,1
1304109,2022-05-15,10,6,6,179.2,179.2,0.4,0.2,0,1,1,1,0,0.44329896907216493,0.4,0.4444444444444444,1.0,0.5,0.7,2,4,160.6,167.2,7.369295210659598,8.633005190279032,171.70491803278688,174.73333333333332,172.25,14.970684932424104,11.346966939486286,2022,23.99791577906269,128.9354560610578,35.05761412051126,11.92055684110025,36.72864964440371,118.85480978410622,1.45,25.22885130755045,135.26216437623162,35.729468599033815,8.612528861776008,32.825467866420496,106.12062325877298,1.5934920634920633,34.64819296282663,142.39612625551993,34.966505636070856,137.64854501709044,51,134.21052631578948,1,8.052631578947368,34,91.8918918918919,3,5.513513513513514,42.31863442389758,2.539118065433854,1
1304110,2022-05-16,9,1,10,169.16666666666666,167.93333333333334,0.6,0.4,1,1,0,15,13,0.46078431372549017,0.45794392523364486,0.375,0.1,0.5,0.5,3,3,176.2,183.2,7.541540454940284,7.471884685926699,171.1904761904762,167.93333333333334,175.0,13.47561409151009,15.498681329543427,2022,21.122477151116854,125.3342677576884,31.894642094017097,8.406239446297095,29.74166563741733,114.4014006451414,1.534848484848485,23.300206898148176,130.28562635799625,34.026965613892905,9.300820497423677,31.601200334730233,123.83728303773735,1.4271604938271605,30.55000655780707,137.23916029095065,30.8169487307118,147.52414757733249,59,159.45945945945945,2,9.567567567567567,54,142.10526315789474,3,8.526315789473685,-17.354196301564713,-1.0412517780938817,0
1304111,2022-05-17,13,7,57,170.03703703703704,169.06666666666666,0.4,0.2,0,0,0,12,15,0.47413793103448276,0.5565217391304348,0.25,0.5,0.5,0.3,0,3,194.6,153.0,7.228981446498258,7.176359235003536,171.0,170.2,163.53333333333333,13.4518510452432,14.68481659772068,2022,26.57977306921191,138.5368397508042,33.88794054781363,9.222821549830675,36.39902001072213,120.27608574214867,1.634126984126984,24.944164405191227,135.43544297276947,37.93645312375963,10.298719431612584,27.154645759267126,105.19058874160567,1.3859788359788359,34.13412295736763,143.25787811139153,31.04772004241782,128.61832896325035,57,158.33333333333331,1,9.5,51,134.21052631578948,0,8.052631578947368,24.122807017543835,1.4473684210526319,1
1304112,2022-05-18,6,5,10,168.6315789473684,167.26666666666668,0.2,0.2,0,1,1,1,0,0.3333333333333333,0.49572649572649574,1.0,0.23076923076923078,0.6,0.4,3,3,169.2,163.2,8.633005190279032,7.343088063238921,171.33846153846153,172.69230769230768,164.2,16.09461188165272,16.507247033322376,2022,38.094202898550726,135.0126405344852,38.094202898550726,8.529553786998122,31.396128841607563,115.83920246420249,1.5166666666666666,24.64955228838513,140.79945144598838,30.88364522417154,8.38868569973997,31.28900711472208,132.13857933827876,1.5067460317460317,34.966505636070856,137.64854501709044,25.720852795861074,140.66419916948178,44,122.22222222222223,0,7.333333333333334,60,157.89473684210526,2,9.473684210526315,-35.67251461988303,-2.140350877192981,1
1304113,2022-05-19,12,3,57,170.85714285714286,172.8,0.2,0.4,1,0,1,0,1,0.47959183673469385,0.8571428571428571,0.23076923076923078,0.4,0.5,0.7,2,3,177.6,153.4,8.194965107359668,7.473946953725018,171.92424242424244,166.46666666666667,166.07692307692307,16.895288131706042,13.241223595461173,2022,30.654813704813705,139.7784871121185,32.83889690556357,10.277592275871697,47.55629612812085,113.46784616349834,1.7638888888888888,25.301739483338782,136.08789734780183,34.05495681418635,8.273223044347338,31.073865075994416,101.08229380663354,1.5626984126984123,37.310471530784035,139.3538685980196,38.810735864593774,137.3905501051752,38,105.55555555555556,2,6.333333333333334,55,144.73684210526315,0,8.68421052631579,39.18128654970759,2.3508771929824555,1
1304114,2022-05-20,10,0,6,179.125,179.06666666666666,0.3,0.4,1,0,1,10,15,0.44329896907216493,0.5773195876288659,0.4444444444444444,0.625,0.6,0.4,2,2,167.4,162.6,7.4133771625965945,7.369295210659598,171.86567164179104,174.0,171.93333333333334,16.790201206260004,9.762886491765906,2022,28.276256847230677,139.92248291351515,35.05761412051126,12.350160619854885,36.55142019735037,132.83406832469282,1.4563492063492063,25.702511725724822,120.5732162867205,39.619901848177925,8.333579877610216,31.171571656825126,90.12139030997645,1.5090277777777779,34.64819296282663,142.39612625551993,34.45731633272617,131.71087955418488,75,208.33333333333334,1,12.5,52,144.44444444444443,1,8.666666666666666,-63.888888888888914,-3.833333333333334,1
1304115,2022-05-21,7,1,57,170.75862068965517,172.73333333333332,0.6,0.3,1,1,0,16,15,0.5517241379310345,0.45794392523364486,0.5,0.1,0.3,0.6,3,3,158.0,185.8,7.541540454940284,7.176359235003536,171.5441176470588,167.8,174.66666666666666,15.390630611776793,11.744554660655782,2022,26.12631107252623,142.72488995540897,33.889666092115284,11.49341246072216,25.909905557967868,113.29869050372467,1.2772108843537413,23.771106369047647,134.9850108824137,34.026965613892905,9.273492006636621,30.31188131713108,132.70981791027225,1.4104938271604937,31.04772004241782,128.61832896325035,30.8169487307118,147.52414757733249,37,102.77777777777777,3,6.166666666666666,27,72.97297297297297,1,4.378378378378378,-29.804804804804803,-1.788288288288288,1
1304116,2022-05-22,13,9,57,170.36666666666667,172.33333333333334,0.5,0.4,0,1,1,16,13,0.47413793103448276,0.4563106796116505,0.25,0.375,0.5,0.4,1,2,194.2,170.6,7.228981446498258,7.471884685926699,171.36231884057972,175.4,167.53333333333333,15.721352720782395,16.06707067034101,2022,21.892373964006573,138.54545027566945,30.877568678347398,9.04384960343318,35.18402989197478,114.01993155058736,1.6644444444444446,27.988996112402777,145.30817071029642,31.894642094017097,8.81256547933838,29.569859292598654,128.75012115818606,1.525925925925926,34.13412295736763,143.25787811139153,30.55000655780707,137.23916029095065,43,116.21621621621621,1,6.972972972972972,62,172.22222222222223,1,10.333333333333334,-56.00600600600602,-3.360360360360362,0
1312197,2022-05-24,10,3,15,167.0,167.0,0.4,0.2,0,0,0,0,1,0.4489795918367347,0.8571428571428571,0.4444444444444444,0.4,0.6,0.7,3,2,165.8,153.0,7.369295210659598,8.194965107359668,171.15714285714284,178.0,166.21428571428572,16.265064047096615,10.61081966068652,2022,28.276256847230677,139.92248291351515,35.05761412051126,12.350160619854885,36.55142019735037,132.83406832469282,1.4563492063492063,28.097945480755932,131.04532711779262,34.05495681418635,8.602639529015068,31.63228768867067,102.41521132928696,1.56,34.64819296282663,142.39612625551993,38.810735864593774,137.3905501051752,55,144.73684210526315,1,8.68421052631579,64,168.42105263157893,1,10.105263157894736,-23.68421052631578,-1.421052631578947,0
1312198,2022-05-25,6,12,15,188.0,188.0,0.4,0.3,1,1,0,0,1,0.3333333333333333,0.48484848484848486,1.0,0.23076923076923078,0.6,0.5,3,3,180.6,182.4,7.473946953725018,8.633005190279032,171.3943661971831,175.35714285714286,166.73333333333332,13.880447964771763,16.530617893019535,2022,26.536300876862306,133.59076562922337,34.77576489533011,8.6174069314506,36.987449430954925,109.10438468332183,1.5833333333333335,28.5078387661721,142.45106121246783,34.58448773448774,9.624384311534719,58.103552225681824,115.29474057958713,1.663888888888889,34.966505636070856,137.64854501709044,37.310471530784035,139.3538685980196,52,140.54054054054055,1,8.432432432432433,62,167.56756756756758,2,10.054054054054054,27.02702702702703,1.621621621621621,0
1312199,2022-05-27,10,12,33,158.6,158.6,0.4,0.4,1,1,0,11,13,0.4489795918367347,0.48484848484848486,0.4444444444444444,0.23076923076923078,0.6,0.6,3,4,173.0,189.8,7.473946953725018,7.369295210659598,171.88888888888889,179.13333333333333,171.33333333333334,15.580941903255876,8.926530548465497,2022,31.66632947859606,143.86967366013522,35.05761412051126,14.023643029598498,31.39612884160756,137.24756578444007,1.4133333333333333,22.29190564065564,125.1824779044862,34.58448773448774,9.233695533520438,46.21431969115043,92.40851822942616,1.628888888888889,34.64819296282663,142.39612625551993,37.310471530784035,139.3538685980196,46,127.77777777777777,1,7.666666666666666,67,186.11111111111111,1,11.166666666666668,58.33333333333334,3.5000000000000018,1
1312200,2022-05-29,10,3,33,158.33333333333334,158.33333333333334,0.3,0.2,0,1,1,0,2,0.45454545454545453,0.875,0.4444444444444444,0.4,0.6,0.7,3,3,166.6,162.0,7.369295210659598,8.194965107359668,171.68493150684932,175.6,167.66666666666666,15.591595470595584,11.433826408788779,2022,25.365118961987495,134.12887551575787,35.05761412051126,11.461196141395211,33.96190490873949,120.40665631603093,1.4556878306878307,28.097945480755932,131.04532711779262,34.05495681418635,8.602639529015068,31.63228768867067,102.41521132928696,1.56,34.64819296282663,142.39612625551993,38.810735864593774,137.3905501051752,44,122.22222222222223,1,7.333333333333334,31,79.48717948717949,2,4.769230769230769,42.73504273504274,2.5641025641025648,0
1359475,2023-03-31,0,3,33,154.28571428571428,154.28571428571428,0.3,0.2,0,0,0,0,2,0.5773195876288659,0.8888888888888888,0.625,0.4,0.4,0.7,1,4,152.2,152.6,7.4133771625965945,8.194965107359668,183.5205479452055,170.46666666666667,165.8,16.20571835139787,16.929596308250634,2023,29.365373314746794,132.84755115441487,39.619901848177925,8.32324880100078,32.50931293919094,107.84333404459191,1.530599647266314,29.714551648902464,140.9092421740743,40.10904361744698,8.197572503347606,32.04902127322509,109.90014613643997,1.523809523809524,34.45731633272617,131.71087955418488,38.810735864593774,137.3905501051752,51,137.83783783783784,2,8.27027027027027,65,166.66666666666669,1,10.0,-28.828828828828847,-1.7297297297297298,0
1359476,2023-04-01,9,5,40,167.0,167.0,0.3,0.3,0,0,0,10,20,0.46153846153846156,0.4915254237288136,0.375,0.21428571428571427,0.5,0.3,3,3,171.4,176.0,7.471884685926699,7.343088063238921,178.0,167.06666666666666,169.2,15.790574349783894,15.455045365179009,2023,26.248066683021932,143.03280576861195,29.104300213675213,9.067307734465585,32.107622610890736,126.48414441650574,1.6236961451247163,21.73398600813257,140.13565237620412,29.582157809983897,9.0581129349845,31.83219520154827,121.72239276328098,1.6129237703311778,30.55000655780707,137.23916029095065,25.720852795861074,140.66419916948178,56,155.55555555555557,1,9.333333333333334,46,124.32432432432432,3,7.45945945945946,31.23123123123125,1.8738738738738743,1
1359477,2023-04-01,1,6,4,167.0,167.0,0.4,0.5,1,1,0,0,2,0.45794392523364486,0.2857142857142857,0.1,0.5,0.5,0.6,3,2,178.6,183.0,8.633005190279032,7.541540454940284,178.0,173.8,177.46666666666667,14.971899779321896,15.093446619029374,2023,20.649246776959146,125.38823246731536,31.108407536456316,9.59932615831065,30.637911587845096,118.45910761750073,1.4853535353535354,27.24931533183105,144.8869169491141,36.299821960431956,8.374904608999087,33.382301457622106,125.14207707021964,1.4480158730158732,30.8169487307118,147.52414757733249,34.966505636070856,137.64854501709044,30,83.33333333333334,1,5.0,47,117.5,2,7.050000000000001,34.16666666666666,2.0500000000000007,0
1359478,2023-04-02,13,10,44,167.0,167.0,0.2,0.5,1,1,0,10,15,0.47413793103448276,0.45454545454545453,0.25,0.4444444444444444,0.4,0.5,1,3,185.2,160.6,7.369295210659598,7.228981446498258,187.33333333333334,176.46666666666667,171.4,10.450938566501183,15.271220936104031,2023,18.98750302642451,129.07076992452556,25.76143651490447,9.16249483253249,35.76174919022039,101.93907413124234,1.6533333333333335,28.276256847230677,139.92248291351515,35.05761412051126,12.350160619854885,36.55142019735037,132.83406832469282,1.4563492063492063,34.13412295736763,143.25787811139153,34.64819296282663,142.39612625551993,85,229.72972972972974,1,13.783783783783784,30,83.33333333333334,2,5.0,-146.3963963963964,-8.783783783783784,0
1359479,2023-04-02,12,7,24,167.0,167.0,0.3,0.3,1,1,0,12,17,0.48484848484848486,0.5555555555555556,0.23076923076923078,0.5,0.5,0.4,3,3,186.6,158.2,7.176359235003536,7.473946953725018,187.33333333333334,168.13333333333333,172.4,13.712173146226952,14.02354216795911,2023,30.654813704813705,139.7784871121185,32.83889690556357,10.277592275871697,47.55629612812085,113.46784616349834,1.7638888888888888,29.770293053629775,144.1282486657776,36.61538296961917,10.193751611908432,37.311275282374574,119.25386123669445,1.3499999999999999,37.310471530784035,139.3538685980196,31.04772004241782,128.61832896325035,29,78.37837837837837,3,4.702702702702703,53,135.8974358974359,0,8.153846153846153,57.51905751905754,3.4511434511434507,1
1359480,2023-04-03,0,6,28,154.33333333333334,154.33333333333334,0.2,0.4,0,0,0,0,1,0.5773195876288659,0.2857142857142857,0.625,0.5,0.3,0.6,1,2,153.2,186.4,7.4133771625965945,8.633005190279032,187.2,169.53333333333333,179.8,15.717448945402536,17.11216902975914,2023,29.365373314746794,132.84755115441487,39.619901848177925,8.32324880100078,32.50931293919094,107.84333404459191,1.530599647266314,26.41353282021346,142.42884035946545,36.299821960431956,8.452233668191663,31.612550790613593,121.6620050147984,1.4649029982363315,34.45731633272617,131.71087955418488,34.966505636070856,137.64854501709044,79,207.89473684210526,0,12.473684210526315,80,186.04651162790697,1,11.162790697674419,21.848225214198294,1.3108935128518961,1
1359481,2023-04-04,3,1,1,195.0,195.0,0.5,0.2,1,1,0,1,0,0.9,0.4537037037037037,0.4,0.1,0.7,0.5,4,2,159.4,175.8,7.541540454940284,8.194965107359668,192.16666666666666,166.26666666666668,177.66666666666666,14.519087417724187,15.234769073818033,2023,34.3254077117651,137.91954117193046,42.25243580578299,8.502199607512557,32.73061011092926,112.55319089259253,1.5074074074074073,21.862659288660133,129.5290476399601,31.108407536456316,9.49918801394949,29.77928466539874,122.58521318444562,1.4755555555555557,38.810735864593774,137.3905501051752,30.8169487307118,147.52414757733249,52,130.0,2,7.800000000000001,54,142.10526315789474,3,8.526315789473685,12.10526315789474,0.7263157894736842,1
1359482,2023-04-05,9,10,3,167.0,167.0,0.3,0.3,0,0,0,9,14,0.46153846153846156,0.45454545454545453,0.375,0.4444444444444444,0.5,0.5,3,3,181.0,165.6,7.471884685926699,7.369295210659598,187.85714285714286,170.86666666666667,173.66666666666666,12.437952460331298,15.391710113224534,2023,26.248066683021932,143.03280576861195,29.104300213675213,9.067307734465585,32.107622610890736,126.48414441650574,1.6236961451247163,26.797358019226554,139.56137215629298,35.05761412051126,11.499706742310714,35.038934427300184,124.37865807969936,1.490740740740741,30.55000655780707,137.23916029095065,34.64819296282663,142.39612625551993,63,161.53846153846155,0,9.692307692307693,57,150.0,3,9.0,11.538461538461547,0.6923076923076934,1
1359483,2023-04-06,12,5,15,197.5,197.5,0.3,0.3,1,1,0,14,16,0.49,0.48739495798319327,0.23076923076923078,0.21428571428571427,0.5,0.3,3,2,182.4,183.8,7.343088063238921,7.473946953725018,189.0,171.0,169.13333333333333,14.014910100142814,14.930539530160875,2023,22.40044386589841,127.76231861040037,32.83889690556357,9.381989295637176,39.43364712064945,102.81422168082246,1.6758034894398532,22.11229288643945,140.07816205005705,29.582157809983897,9.11617111329872,31.222627300313704,121.31931436020257,1.6597001763668429,37.310471530784035,139.3538685980196,25.720852795861074,140.66419916948178,47,117.5,2,7.050000000000001,50,138.88888888888889,2,8.333333333333332,21.388888888888886,1.2833333333333314,0
1359484,2023-04-07,13,6,4,193.0,193.0,0.6,0.5,0,1,1,0,1,0.4700854700854701,0.25,0.23076923076923078,0.3333333333333333,0.3,0.6,1,2,184.4,201.0,7.228981446498258,8.633005190279032,190.66666666666666,174.33333333333334,180.26666666666668,14.995714671974294,16.134128319799252,2023,21.48221365765007,131.44142465607348,27.161393252953356,9.441264147363716,39.190051600290964,100.21220264344551,1.6395833333333332,28.66390006177517,152.32656725468627,36.299821960431956,8.765265779678126,36.69609962503751,124.45380480025342,1.5832199546485266,34.13412295736763,143.25787811139153,34.966505636070856,137.64854501709044,43,116.21621621621621,1,6.972972972972972,45,118.42105263157893,2,7.105263157894736,-2.2048364153627205,-0.13229018492176436,0
1359486,2023-04-08,7,0,57,169.93548387096774,170.2,0.2,0.3,0,0,0,20,14,0.5555555555555556,0.5773195876288659,0.5,0.625,0.4,0.4,2,1,157.0,155.0,7.176359235003536,7.4133771625965945,183.7,168.13333333333333,175.26666666666668,17.480626950886382,13.057476820978088,2023,29.304968916163922,142.9249938823008,38.873632610939104,10.314616822479518,34.86293070330969,116.84757393534963,1.4216666666666664,34.72364835847792,134.68287007679697,38.23060109289617,8.176193810660411,28.757677304964538,129.45050094434404,1.4306349206349205,31.04772004241782,128.61832896325035,34.45731633272617,131.71087955418488,61,164.86486486486487,1,9.891891891891891,68,174.35897435897436,1,10.461538461538462,-9.494109494109495,-0.5696465696465705,0
1359485,2023-04-08,10,1,3,197.0,197.0,0.4,0.5,0,0,0,13,13,0.45,0.4537037037037037,0.4444444444444444,0.1,0.5,0.4,2,2,175.0,166.6,7.369295210659598,7.541540454940284,183.7,175.8,176.66666666666666,17.501519461526666,9.668312481756852,2023,31.72067860590076,148.1422999297099,35.05761412051126,13.233294757675123,37.54439308229201,143.1533045798665,1.4472222222222222,22.15213775571219,127.9436288803979,31.293592721641502,8.464539336448412,32.159051878657515,118.92367993088996,1.5429292929292933,34.64819296282663,142.39612625551993,30.8169487307118,147.52414757733249,68,178.94736842105263,0,10.736842105263158,38,97.43589743589743,3,5.846153846153846,81.5114709851552,4.890688259109312,1
1359487,2023-04-09,5,3,33,157.25,157.25,0.1,0.4,1,0,1,0,1,0.48739495798319327,0.9090909090909091,0.21428571428571427,0.4,0.4,0.7,3,4,189.4,165.2,8.194965107359668,7.343088063238921,182.75,174.0,164.46666666666667,16.427138562422318,15.560876590355186,2023,21.88222752696233,138.66631969543988,29.582157809983897,8.619454867409623,31.222627300313704,124.6201730875319,1.5874779541446207,32.19633503006083,134.12627346789745,42.25243580578299,8.441294822498435,32.533811071710005,105.26064948240406,1.4712962962962963,25.720852795861074,140.66419916948178,38.810735864593774,137.3905501051752,54,131.70731707317074,1,7.902439024390244,43,119.44444444444444,2,7.166666666666666,-12.2628726287263,-0.7357723577235777,1
1359488,2023-04-09,13,9,44,203.0,203.0,0.4,0.6,1,1,0,16,14,0.4700854700854701,0.46153846153846156,0.23076923076923078,0.375,0.2,0.6,1,4,170.2,182.6,7.471884685926699,7.228981446498258,182.75,168.4,170.33333333333334,14.639422667722311,14.017052994833698,2023,25.648822717492795,132.52302795538068,27.161393252953356,9.424462757373407,35.005429964539005,100.47763502706293,1.625,22.40358269741786,132.10319391793956,29.104300213675213,9.052476382663212,31.4167521895692,123.06623527319248,1.6117965367965368,34.13412295736763,143.25787811139153,30.55000655780707,137.23916029095065,41,105.12820512820514,3,6.307692307692308,34,94.44444444444444,1,5.666666666666666,-10.683760683760696,-0.6410256410256423,1
1359489,2023-04-10,6,12,24,171.0,171.0,0.4,0.5,1,1,0,0,2,0.3333333333333333,0.48514851485148514,0.3333333333333333,0.21428571428571427,0.6,0.5,3,3,189.6,181.4,7.473946953725018,8.633005190279032,181.42857142857142,177.06666666666666,173.33333333333334,12.997311542576133,16.45671120467612,2023,24.915545611920678,133.58106871707852,36.91520657581657,8.493707240387186,30.566515916670745,119.66330667922853,1.508152958152958,30.654813704813705,139.7784871121185,32.83889690556357,10.277592275871697,47.55629612812085,113.46784616349834,1.7638888888888888,34.966505636070856,137.64854501709044,37.310471530784035,139.3538685980196,56,155.55555555555557,0,9.333333333333334,37,97.36842105263158,3,5.842105263157895,-58.187134502923996,-3.4912280701754392,1
1359490,2023-04-11,1,7,1,188.4,188.4,0.5,0.1,0,0,0,15,17,0.44954128440366975,0.5555555555555556,0.1,0.5,0.4,0.4,1,2,174.4,155.4,7.541540454940284,7.176359235003536,183.46666666666667,178.53333333333333,166.8,11.017901914502518,17.956300216470805,2023,20.79224330617518,118.52109281373384,31.293592721641502,8.25876328486302,32.020557857576186,111.80725468018571,1.517777777777778,33.45303087803597,148.296832959767,36.61538296961917,10.75713813151016,33.09533589440503,134.74926343722294,1.2592592592592593,30.8169487307118,147.52414757733249,31.04772004241782,128.61832896325035,51,137.83783783783784,1,8.27027027027027,68,183.7837837837838,0,11.027027027027028,-45.945945945945965,-2.756756756756758,0
1359491,2023-04-12,10,0,28,160.6,160.6,0.5,0.3,0,0,0,11,15,0.45,0.5816326530612245,0.4444444444444444,0.625,0.6,0.4,3,2,177.2,167.0,7.369295210659598,7.4133771625965945,182.75,176.26666666666668,171.73333333333332,17.129252612795298,11.863545583641509,2023,26.081869803738336,137.4292881470864,35.05761412051126,11.389124785801316,29.80288732028534,117.26033196137324,1.4858024691358025,32.23315228886084,135.11540105413525,39.619901848177925,8.023075568657838,28.911012770875516,120.34154477519672,1.4274801587301587,34.64819296282663,142.39612625551993,34.45731633272617,131.71087955418488,57,158.33333333333331,1,9.5,45,125.0,1,7.5,33.333333333333314,2.0,1
1359492,2023-04-13,9,3,40,191.0,191.0,0.4,0.2,0,0,0,1,1,0.46153846153846156,0.9090909090909091,0.375,0.4,0.6,0.6,3,4,169.4,172.4,7.471884685926699,8.194965107359668,182.2941176470588,170.73333333333332,167.26666666666668,16.118524446657844,16.59334722673101,2023,24.11174417226492,136.34183706529052,28.907719017094013,8.385312852424326,30.633964177114795,132.7213187602142,1.518827160493827,33.64032933258734,139.14040776504706,42.25243580578299,8.45870461136167,32.17794807389222,114.83159523678636,1.5601851851851851,30.55000655780707,137.23916029095065,38.810735864593774,137.3905501051752,52,126.82926829268293,2,7.609756097560975,56,155.55555555555557,1,9.333333333333334,-28.726287262872646,-1.7235772357723587,0
1359493,2023-04-14,13,5,15,199.66666666666666,199.66666666666666,0.6,0.4,0,0,0,10,21,0.4745762711864407,0.49166666666666664,0.23076923076923078,0.26666666666666666,0.2,0.5,2,3,163.4,197.2,7.228981446498258,7.343088063238921,180.66666666666666,166.66666666666666,179.06666666666666,16.683828496613057,15.105379114428457,2023,28.468479932170435,143.80550674215877,33.17331218304613,9.17992978825587,36.2817626620818,120.61979548970396,1.6055555555555554,21.88222752696233,138.66631969543988,29.582157809983897,8.619454867409623,31.222627300313704,124.6201730875319,1.5874779541446207,34.13412295736763,143.25787811139153,25.720852795861074,140.66419916948178,65,166.66666666666669,2,10.0,62,167.56756756756758,3,10.054054054054054,-0.9009009009008935,-0.05405405405405439,1
1359494,2023-04-15,12,1,24,191.5,191.5,0.5,0.5,0,0,0,16,10,0.48514851485148514,0.44954128440366975,0.21428571428571427,0.1,0.5,0.3,2,0,190.2,177.0,7.473946953725018,7.541540454940284,183.1578947368421,177.4,180.06666666666666,15.43502791267107,13.07987946712899,2023,23.838716376216375,132.3822063950059,32.83889690556357,9.464576460811216,52.01313226077251,99.51740144978636,1.6590277777777778,22.553036956968835,123.79551931483698,32.67348690153568,8.576739034357654,30.939671781237983,118.81572087523728,1.5422222222222224,37.310471530784035,139.3538685980196,30.8169487307118,147.52414757733249,47,127.02702702702702,1,7.621621621621621,32,88.88888888888889,4,5.333333333333333,38.13813813813813,2.288288288288288,1
1359495,2023-04-15,9,6,4,157.0,157.0,0.6,0.4,1,1,0,0,1,0.46153846153846156,0.4,0.375,0.5,0.5,0.6,3,3,168.2,190.0,8.633005190279032,7.471884685926699,183.1578947368421,168.93333333333334,181.26666666666668,15.570821773555686,13.354512619429526,2023,22.500048921705098,133.3700090215261,26.982193732193732,10.1092523545399,32.397044031542215,135.33754753668148,1.4885317460317462,24.272179538192113,135.00413814170074,36.299821960431956,8.565380232405698,33.06139672165324,114.68628070379478,1.5235334713595585,30.55000655780707,137.23916029095065,34.966505636070856,137.64854501709044,49,132.43243243243242,0,7.945945945945946,45,125.0,3,7.5,-7.432432432432421,-0.4459459459459456,1
1359496,2023-04-16,5,7,57,169.53125,165.86666666666667,0.5,0.1,0,0,0,9,22,0.48760330578512395,0.559322033898305,0.25,0.5,0.5,0.5,2,2,207.4,170.4,7.343088063238921,7.176359235003536,181.57142857142858,185.13333333333333,165.4,13.849870673517941,17.05072587657589,2023,23.37941072973738,143.0642862742853,29.582157809983897,8.652529359064664,31.26955293507514,131.00830078407944,1.565079365079365,32.62457591743742,147.53190624043646,36.61538296961917,10.329647810201987,32.85259202971969,130.0661889369745,1.2539682539682537,25.720852795861074,140.66419916948178,31.04772004241782,128.61832896325035,57,142.5,2,8.55,72,194.5945945945946,1,11.675675675675677,-52.09459459459461,-3.1256756756756765,0
1359497,2023-04-16,10,3,33,162.44444444444446,162.44444444444446,0.2,0.4,1,1,0,0,3,0.45,0.9166666666666666,0.4444444444444444,0.4,0.6,0.7,3,4,180.8,165.4,8.194965107359668,7.369295210659598,181.57142857142858,173.46666666666667,164.66666666666666,16.565688514881973,12.20478107756041,2023,26.607543204411737,137.58242287174426,35.05761412051126,11.464479895506113,34.87460609316053,124.5268062278475,1.4555555555555555,28.89237105959088,139.92146729274475,42.25243580578299,8.305264387178688,31.114148046696062,101.52910183299517,1.5569444444444445,34.64819296282663,142.39612625551993,38.810735864593774,137.3905501051752,42,110.5263157894737,2,6.631578947368421,26,70.27027027027027,2,4.216216216216217,-40.256045519203425,-2.4153627311522046,1
1359498,2023-04-17,12,0,24,185.66666666666666,185.66666666666666,0.3,0.5,1,1,0,10,19,0.48514851485148514,0.5757575757575758,0.21428571428571427,0.625,0.6,0.4,2,2,183.6,175.4,7.4133771625965945,7.473946953725018,181.52173913043478,174.6,171.4,15.43071283674667,14.601702088694166,2023,20.435009794732014,123.80177516747709,32.83889690556357,9.25340074968059,49.36097910471768,91.62548496889144,1.6197530864197534,32.23315228886084,135.11540105413525,39.619901848177925,8.023075568657838,28.911012770875516,120.34154477519672,1.4274801587301587,37.310471530784035,139.3538685980196,34.45731633272617,131.71087955418488,53,147.22222222222223,1,8.833333333333334,75,208.33333333333334,2,12.5,61.111111111111114,3.666666666666666,0
1359499,2023-04-18,7,13,44,173.0,173.0,0.1,0.6,0,0,0,15,13,0.5630252100840336,0.4745762711864407,0.5,0.23076923076923078,0.6,0.3,3,2,168.8,170.4,7.176359235003536,7.228981446498258,183.375,167.0,171.6,16.20361806746104,12.299610194245735,2023,33.45303087803597,148.296832959767,36.61538296961917,10.75713813151016,33.09533589440503,134.74926343722294,1.2592592592592593,21.936384496471216,132.3086058232319,33.17331218304613,9.152081488366244,36.75199841399067,106.73584383781494,1.6545454545454545,31.04772004241782,128.61832896325035,34.13412295736763,143.25787811139153,53,143.24324324324326,1,8.594594594594595,42,110.5263157894737,2,6.631578947368421,32.71692745376956,1.9630156472261735,1
1359500,2023-04-19,10,6,48,167.0,167.0,0.5,0.4,1,1,0,2,0,0.45544554455445546,0.4,0.4444444444444444,0.5,0.7,0.5,4,3,190.2,180.4,8.633005190279032,7.369295210659598,183.72,170.46666666666667,180.86666666666667,16.33709680561048,11.738889354573832,2023,28.605361104963205,141.662941780095,35.05761412051126,11.872584765747789,35.907008777882524,132.59265700632844,1.463888888888889,27.999946644962364,139.37095891791216,36.299821960431956,8.671243334461064,32.48721217190783,121.82167871857128,1.5078890614216702,34.64819296282663,142.39612625551993,34.966505636070856,137.64854501709044,37,100.0,0,6.0,47,127.02702702702702,0,7.621621621621621,27.027027027027017,1.621621621621621,0
1359501,2023-04-20,9,12,40,172.0,172.0,0.6,0.4,1,1,0,17,13,0.4666666666666667,0.4803921568627451,0.375,0.2,0.6,0.5,3,2,168.6,197.4,7.473946953725018,7.471884685926699,182.57692307692307,166.93333333333334,177.06666666666666,14.056423980969107,13.703585030041197,2023,23.373203544859724,137.44369436215555,27.29843304843305,9.998023578397204,31.755783882430467,124.80346935995627,1.4263888888888887,26.392098025431356,137.00876623892285,32.83889690556357,9.777998625271946,60.09056105511087,102.87320378305033,1.6842592592592593,30.55000655780707,137.23916029095065,37.310471530784035,139.3538685980196,59,163.88888888888889,0,9.833333333333332,49,132.43243243243242,4,7.945945945945946,-31.456456456456465,-1.8873873873873865,0
1359502,2023-04-20,5,1,1,185.66666666666666,185.66666666666666,0.5,0.4,0,0,0,16,13,0.48760330578512395,0.44545454545454544,0.25,0.1,0.5,0.3,2,0,202.4,180.0,7.343088063238921,7.541540454940284,182.57692307692307,186.73333333333332,177.33333333333334,14.920746360241536,15.214736284749621,2023,21.697348427516868,128.41938423949642,30.734522417153997,8.849461595831698,31.096539025110992,111.9516981109113,1.5782980599647265,26.30946595748425,134.64222444259883,34.10311653116531,8.606766788938137,31.751433988842564,125.34322519939315,1.472222222222222,25.720852795861074,140.66419916948178,30.8169487307118,147.52414757733249,35,92.10526315789474,3,5.526315789473684,61,160.5263157894737,1,9.631578947368421,-68.42105263157896,-4.105263157894737,0
1359503,2023-04-21,0,13,28,161.9090909090909,161.9090909090909,0.6,0.3,1,1,0,19,9,0.5757575757575758,0.47058823529411764,0.625,0.23076923076923078,0.4,0.3,3,2,190.6,177.4,7.228981446498258,7.4133771625965945,180.28571428571428,176.2,173.6,14.929429862671883,18.187904393509264,2023,33.2050369795001,133.90235382953878,38.11604332318968,7.548342168631554,24.891335841549903,111.78263637647947,1.3511111111111112,24.816203699127826,137.2885256925651,33.17331218304613,8.969019919798505,35.94636473160409,117.37483889004915,1.5701388888888888,34.45731633272617,131.71087955418488,34.13412295736763,143.25787811139153,45,121.62162162162163,1,7.297297297297297,60,166.66666666666669,0,10.0,45.04504504504506,2.7027027027027026,1
1359504,2023-04-22,3,6,4,157.66666666666666,157.66666666666666,0.2,0.5,0,1,1,2,0,0.9166666666666666,0.4,0.4,0.5,0.7,0.5,3,3,174.8,172.6,8.194965107359668,8.633005190279032,178.68965517241378,165.2,177.86666666666667,16.144127026131063,15.792373174135067,2023,27.32563582237079,134.71375302236362,34.05495681418635,8.393175381167145,33.04141580936793,105.02635189072922,1.5150793650793648,26.159037554053274,132.5481577353549,36.299821960431956,8.344443326313925,32.40040661635227,116.58209538523795,1.4987103174603176,38.810735864593774,137.3905501051752,34.966505636070856,137.64854501709044,40,111.11111111111111,1,6.666666666666667,53,147.22222222222223,0,8.833333333333334,-36.111111111111114,-2.166666666666667,1
1359505,2023-04-22,7,9,57,170.0,167.0,0.4,0.2,1,1,0,15,13,0.5630252100840336,0.46226415094339623,0.5,0.375,0.6,0.5,3,2,175.4,165.2,7.471884685926699,7.176359235003536,178.68965517241378,169.73333333333332,165.33333333333334,14.423344641425052,13.770073185043271,2023,30.365948372202187,147.4892943648763,36.61538296961917,10.008926587640577,32.25237395820812,122.83569309763045,1.2881944444444444,23.798982436939752,137.82365161553616,27.29843304843305,10.225734601201632,32.43157195830125,121.55334121554466,1.4010416666666665,31.04772004241782,128.61832896325035,30.55000655780707,137.23916029095065,58,148.71794871794873,1,8.923076923076923,54,138.46153846153845,1,8.307692307692307,-10.256410256410277,-0.6153846153846168,0
1359506,2023-04-23,10,12,24,195.75,195.75,0.5,0.4,1,1,0,12,13,0.45098039215686275,0.4803921568627451,0.4444444444444444,0.2,0.6,0.5,3,2,180.4,198.0,7.473946953725018,7.369295210659598,178.41935483870967,171.13333333333333,176.6,15.381469847595103,10.169679972560283,2023,28.953746024719855,141.62150721651776,35.05761412051126,12.24273210398915,31.281479419620844,128.97927034489484,1.442063492063492,20.733603055193964,124.50466748735927,32.83889690556357,9.207280488779837,48.018554488957676,91.98478740211996,1.6116161616161617,34.64819296282663,142.39612625551993,37.310471530784035,139.3538685980196,62,172.22222222222223,2,10.333333333333334,47,130.55555555555557,1,7.833333333333334,-41.66666666666666,-2.5,0
1359507,2023-04-23,5,0,15,206.75,206.75,0.3,0.5,1,1,0,9,17,0.48760330578512395,0.58,0.25,0.625,0.4,0.5,2,4,189.6,181.8,7.4133771625965945,7.343088063238921,178.41935483870967,180.86666666666667,170.73333333333332,16.255270462926536,15.96682058745001,2023,23.30695627065412,131.40219146687562,30.734522417153997,8.492799076776532,30.25695569177766,124.37485191788862,1.5376190476190474,34.36469389715922,135.60299914415197,39.619901848177925,8.083666880016864,29.103946773744955,125.25095857916118,1.4218253968253969,25.720852795861074,140.66419916948178,34.45731633272617,131.71087955418488,59,163.88888888888889,0,9.833333333333332,38,100.0,2,6.0,-63.888888888888886,-3.833333333333332,0
1359508,2023-04-24,13,1,44,179.33333333333334,179.33333333333334,0.3,0.5,1,0,1,15,16,0.47058823529411764,0.45045045045045046,0.23076923076923078,0.1,0.3,0.3,2,1,163.6,166.8,7.541540454940284,7.228981446498258,180.45454545454547,170.86666666666667,173.2,14.918526895934347,13.520424589695438,2023,24.816203699127826,137.2885256925651,33.17331218304613,8.969019919798505,35.94636473160409,117.37483889004915,1.5701388888888888,21.377070468419195,121.2649574691119,34.10311653116531,9.202552413534843,30.35332696854431,113.00075459401044,1.4717171717171715,34.13412295736763,143.25787811139153,30.8169487307118,147.52414757733249,49,136.11111111111111,2,8.166666666666668,36,100.0,1,6.0,-36.111111111111114,-2.166666666666668,0
1359509,2023-04-25,3,7,33,163.9,163.9,0.2,0.3,0,0,0,0,1,0.9166666666666666,0.5583333333333333,0.4,0.4444444444444444,0.7,0.5,3,3,166.2,184.0,8.194965107359668,7.176359235003536,179.38235294117646,163.8,170.8,14.226129262637013,16.681613669011245,2023,25.65100277314587,137.90878046991062,34.05495681418635,8.239070163803921,31.96740971927289,99.39805790438807,1.5229166666666667,27.13647436590298,137.4409854644542,36.61538296961917,9.694048038218606,32.56889927409594,116.53887347937338,1.3575757575757577,38.810735864593774,137.3905501051752,31.04772004241782,128.61832896325035,50,131.57894736842107,1,7.894736842105264,29,78.37837837837837,1,4.702702702702703,53.2005689900427,3.192034139402561,1
1359510,2023-04-26,12,5,24,194.4,194.4,0.6,0.5,1,1,0,14,17,0.4803921568627451,0.48360655737704916,0.2,0.23529411764705882,0.6,0.4,3,1,195.0,195.8,7.343088063238921,7.473946953725018,180.17142857142858,184.66666666666666,184.86666666666667,14.389315103507407,15.209886191476308,2023,21.68696336071336,127.84944317918465,32.83889690556357,9.286341870991155,49.66995122225712,93.93198409104991,1.6122222222222224,27.346851242359453,141.24420299291663,30.734522417153997,8.88502630316444,31.601375194603012,137.89802446304378,1.5727891156462583,37.310471530784035,139.3538685980196,25.720852795861074,140.66419916948178,66,178.3783783783784,0,10.702702702702702,58,161.11111111111111,3,9.666666666666668,-17.267267267267272,-1.036036036036034,0
1359511,2023-04-27,10,0,48,154.0,154.0,0.5,0.3,0,1,1,12,15,0.44660194174757284,0.58,0.4444444444444444,0.625,0.5,0.5,3,4,178.8,185.4,7.369295210659598,7.4133771625965945,180.72222222222223,173.2,175.13333333333333,17.812409420849598,11.0091041864255,2023,28.953746024719855,141.62150721651776,35.05761412051126,12.24273210398915,31.281479419620844,128.97927034489484,1.442063492063492,31.888843744139418,134.78151325931282,38.23060109289617,7.950721537466369,28.555996189342363,120.15140622595581,1.4147392290249432,34.64819296282663,142.39612625551993,34.45731633272617,131.71087955418488,64,177.77777777777777,0,10.666666666666666,42,116.66666666666667,1,7.0,61.1111111111111,3.666666666666666,1
1359512,2023-04-28,9,6,40,172.66666666666666,172.66666666666666,0.5,0.4,1,1,0,1,1,0.46226415094339623,0.36363636363636365,0.375,0.5,0.6,0.5,2,3,168.6,156.2,8.633005190279032,7.471884685926699,181.2972972972973,169.53333333333333,174.8,15.604206343519738,13.856333861828489,2023,21.969486490594377,130.93147123489777,30.364271723646727,10.229498690892637,30.918573434412576,114.44609404100052,1.5302308802308802,29.181757204632312,141.74334910014585,36.299821960431956,8.390780559581117,32.53895676789465,125.82171445387738,1.4572562358276646,30.55000655780707,137.23916029095065,34.966505636070856,137.64854501709044,74,185.0,2,11.100000000000001,55,137.5,2,8.25,-47.5,-2.8500000000000014,0
1359513,2023-04-29,5,3,15,212.4,212.4,0.7,0.3,0,0,0,1,1,0.48360655737704916,0.9166666666666666,0.23529411764705882,0.4,0.4,0.7,1,3,195.0,175.2,7.343088063238921,8.194965107359668,183.28947368421052,183.73333333333332,164.6,16.543693110736026,15.33225160068216,2023,24.12063879991282,140.567273242767,29.582157809983897,8.891404817989972,31.487651893408476,134.6607345646092,1.6116071428571428,30.643430430588705,136.32525575293982,34.05495681418635,8.496728771615443,32.997506364793594,107.28824399837227,1.5055555555555555,25.720852795861074,140.66419916948178,38.810735864593774,137.3905501051752,61,164.86486486486487,2,9.891891891891891,52,140.54054054054055,1,8.432432432432433,24.324324324324323,1.4594594594594579,0
1359514,2023-04-29,13,1,1,177.28571428571428,177.28571428571428,0.4,0.2,0,1,1,15,17,0.4666666666666667,0.45045045045045046,0.23076923076923078,0.1,0.3,0.4,2,2,168.2,163.2,7.228981446498258,7.541540454940284,183.28947368421052,170.4,175.13333333333333,15.865677324555051,13.709546300759577,2023,26.08251294247594,142.15374014455668,33.17331218304613,9.731986814876114,39.77382199656136,111.98419185537321,1.665625,25.41675285288367,133.4211238369258,34.10311653116531,8.959828013427932,30.30095009404351,117.912069858845,1.2708333333333333,34.13412295736763,143.25787811139153,30.8169487307118,147.52414757733249,62,158.97435897435898,2,9.538461538461538,57,158.33333333333331,1,9.5,0.6410256410256636,0.038461538461538325,1
1359516,2023-04-30,10,7,57,171.2941176470588,168.8,0.5,0.4,0,1,1,12,14,0.44660194174757284,0.5537190082644629,0.4444444444444444,0.4,0.6,0.5,3,3,179.4,194.0,7.369295210659598,7.176359235003536,183.525,176.53333333333333,171.33333333333334,12.591511302471742,13.031935317208726,2023,25.0705061673747,135.44862636515995,35.05761412051126,11.379494246256762,30.40889779726356,113.50239545343672,1.4654320987654321,33.45303087803597,148.296832959767,36.61538296961917,10.75713813151016,33.09533589440503,134.74926343722294,1.2592592592592593,34.64819296282663,142.39612625551993,31.04772004241782,128.61832896325035,65,154.76190476190476,0,9.285714285714286,58,148.71794871794873,1,8.923076923076923,6.04395604395603,0.3626373626373631,0
1359515,2023-04-30,9,0,28,159.58333333333334,159.58333333333334,0.4,0.4,1,0,1,11,15,0.45794392523364486,0.5742574257425742,0.35294117647058826,0.5555555555555556,0.5,0.5,2,3,191.4,194.4,7.4133771625965945,7.471884685926699,183.525,179.0,178.26666666666668,17.20249160091215,12.587332887091497,2023,27.061342535678378,145.23218088027252,30.364271723646727,10.96816733400225,32.623015938375545,124.32171263970903,1.5012896825396824,33.15646329953095,138.05997339440918,39.619901848177925,8.44250846037743,32.48199555423276,111.33366388555068,1.5116402116402117,30.55000655780707,137.23916029095065,34.45731633272617,131.71087955418488,57,146.15384615384613,0,8.769230769230768,62,167.56756756756758,1,10.054054054054054,21.413721413721447,1.2848232848232861,1
1359517,2023-05-01,6,12,4,152.0,152.0,0.6,0.6,1,0,1,1,2,0.36363636363636365,0.47572815533980584,0.5,0.1875,0.6,0.5,3,3,183.4,192.6,7.473946953725018,8.633005190279032,184.5952380952381,180.73333333333332,188.4,14.4471143801219,14.323765269864666,2023,23.220163216538285,130.9974699096824,36.299821960431956,8.290808226264511,31.515151669632516,112.18862984091534,1.490981240981241,20.567518836382472,118.75559093047588,32.83889690556357,9.067379579269108,44.07502076526817,97.13088373003448,1.621212121212121,34.966505636070856,137.64854501709044,37.310471530784035,139.3538685980196,42,116.66666666666667,0,7.0,34,89.47368421052632,4,5.368421052631579,-27.192982456140356,-1.6315789473684212,0
1359518,2023-05-02,3,1,33,167.8181818181818,167.8181818181818,0.3,0.3,1,0,1,2,0,0.9230769230769231,0.44642857142857145,0.4,0.1,0.8,0.3,4,2,170.2,162.8,7.541540454940284,8.194965107359668,183.2325581395349,165.2,173.46666666666667,16.41836777303983,15.106735802798823,2023,25.65100277314587,137.90878046991062,34.05495681418635,8.239070163803921,31.96740971927289,99.39805790438807,1.5229166666666667,21.501362368198055,124.46545622530827,34.10311653116531,8.399664471907311,30.748627279289224,117.01653967972739,1.4933333333333334,38.810735864593774,137.3905501051752,30.8169487307118,147.52414757733249,28,75.67567567567568,5,4.54054054054054,31,83.78378378378379,3,5.027027027027027,8.108108108108112,0.48648648648648685,0
1359520,2023-05-03,9,7,40,193.75,193.75,0.5,0.5,0,0,0,14,15,0.46296296296296297,0.5573770491803278,0.3888888888888889,0.45454545454545453,0.6,0.5,3,3,200.8,202.0,7.471884685926699,7.176359235003536,182.02272727272728,179.86666666666667,175.13333333333333,13.439321026144817,18.227611837825034,2023,26.634375,144.56863267194868,29.42053952991453,8.135834484473099,29.683831151118387,113.45954659375711,1.413888888888889,33.45303087803597,148.296832959767,36.61538296961917,10.75713813151016,33.09533589440503,134.74926343722294,1.2592592592592593,30.55000655780707,137.23916029095065,31.04772004241782,128.61832896325035,50,138.88888888888889,1,8.333333333333332,54,145.94594594594594,2,8.756756756756756,-7.057057057057051,-0.423423423423424,0
1359521,2023-05-04,13,5,44,170.5,170.5,0.7,0.5,1,0,1,11,21,0.4666666666666667,0.48360655737704916,0.23076923076923078,0.23529411764705882,0.4,0.3,2,1,179.0,185.2,7.343088063238921,7.228981446498258,182.73333333333332,179.0,185.26666666666668,15.35023270322369,13.878994907294368,2023,22.53314794611834,132.9221824549378,33.17331218304613,9.299650379908439,36.71694184513333,104.11952964147471,1.6599999999999997,19.866331521832247,129.06980026236735,30.734522417153997,8.659294293761613,31.022553649751615,119.84903136542839,1.5827962161295495,34.13412295736763,143.25787811139153,25.720852795861074,140.66419916948178,49,122.50000000000001,3,7.3500000000000005,53,135.8974358974359,3,8.153846153846153,13.397435897435898,0.8038461538461528,0
1359522,2023-05-05,3,10,48,178.0,178.0,0.6,0.2,1,0,1,3,1,0.8571428571428571,0.44660194174757284,0.4,0.4444444444444444,0.7,0.5,3,2,165.6,186.8,7.369295210659598,8.194965107359668,182.47826086956522,164.33333333333334,178.06666666666666,12.702981967711649,15.142185467509266,2023,30.61325687299713,137.76520247392546,30.61325687299713,8.651363357026364,31.789726920046068,104.36450788551629,1.5888888888888888,24.654105596998033,131.0005484989068,35.05761412051126,10.845107300324923,33.031619423106925,115.26327435958086,1.4823232323232325,38.810735864593774,137.3905501051752,34.64819296282663,142.39612625551993,50,135.13513513513513,2,8.108108108108109,49,132.43243243243242,0,7.945945945945946,-2.702702702702709,-0.16216216216216317,1
1359523,2023-05-06,7,0,28,162.69230769230768,162.69230769230768,0.5,0.5,0,0,0,20,15,0.5609756097560976,0.5742574257425742,0.5,0.5555555555555556,0.6,0.5,3,3,207.8,199.4,7.176359235003536,7.4133771625965945,181.10638297872342,178.2,179.13333333333333,17.634382153310966,13.20333659834474,2023,27.608444972271553,145.22067369345888,37.40743663318986,10.235631980372963,31.2680154490724,113.22706818661807,1.4149999999999998,34.71025898238341,135.14449433364618,39.619901848177925,8.235087140050029,29.197419227738376,128.1541698902672,1.4449735449735448,31.04772004241782,128.61832896325035,34.45731633272617,131.71087955418488,34,94.44444444444444,3,5.666666666666666,55,141.02564102564102,1,8.461538461538462,-46.58119658119658,-2.7948717948717956,0
1359524,2023-05-06,1,12,1,179.75,179.75,0.5,0.3,1,0,1,10,17,0.44642857142857145,0.47572815533980584,0.1,0.1875,0.3,0.5,3,3,154.4,183.0,7.473946953725018,7.541540454940284,181.10638297872342,172.4,185.46666666666667,15.499150904967284,17.715557697045625,2023,29.210066166895437,149.16978481187627,33.91793134598013,7.709814064085068,29.643842845505077,132.61428872829538,1.2855555555555556,27.15003453336787,136.58365588579284,32.83889690556357,9.624384311534719,58.10355222568183,110.24818990803645,1.6638888888888888,30.8169487307118,147.52414757733249,37.310471530784035,139.3538685980196,51,141.66666666666669,0,8.5,70,189.1891891891892,1,11.35135135135135,47.52252252252251,2.851351351351351,1
1359525,2023-05-07,3,6,33,164.66666666666666,164.66666666666666,0.2,0.5,0,0,0,3,0,0.8666666666666667,0.3333333333333333,0.4,0.5,0.7,0.5,4,2,153.8,166.2,8.194965107359668,8.633005190279032,180.24489795918367,160.4,178.93333333333334,16.441290312371933,15.100936729023331,2023,31.603201081714143,137.95920127012215,34.05495681418635,8.620910964519304,31.691327400436442,103.65291151425606,1.5708333333333333,22.73524755207312,130.1838310217495,31.34813113917592,8.391020330460865,32.6257582621544,112.2464760992695,1.4974818734077995,38.810735864593774,137.3905501051752,34.966505636070856,137.64854501709044,78,205.26315789473685,0,12.315789473684212,72,184.6153846153846,0,11.076923076923077,20.647773279352236,1.2388663967611357,1
1359526,2023-05-07,13,10,48,158.0,158.0,0.6,0.4,1,0,1,10,16,0.4628099173553719,0.44660194174757284,0.23076923076923078,0.4444444444444444,0.3,0.5,1,1,167.6,175.0,7.369295210659598,7.228981446498258,180.24489795918367,177.4,175.26666666666668,8.976146442543474,15.644894881296125,2023,22.634373459409986,138.20721089412606,33.17331218304613,9.476808033973784,37.32152811358264,117.84182208269738,1.5951388888888887,33.31207851491175,148.26366550174245,35.05761412051126,15.397165340248591,31.396128841607563,142.5326715162644,1.3875,34.13412295736763,143.25787811139153,34.64819296282663,142.39612625551993,61,160.5263157894737,1,9.631578947368421,52,144.44444444444443,1,8.666666666666666,-16.08187134502927,-0.9649122807017552,1
1359527,2023-05-08,5,9,15,206.83333333333334,206.83333333333334,0.6,0.6,1,0,1,20,11,0.48360655737704916,0.46296296296296297,0.23529411764705882,0.3888888888888889,0.4,0.5,2,2,182.4,211.8,7.471884685926699,7.343088063238921,181.8235294117647,186.93333333333334,183.93333333333334,16.613601230264695,15.696306777295344,2023,28.352372201053345,144.48582062843874,30.734522417153997,8.909837961726593,32.21202106037018,135.9363297205189,1.5701058201058202,24.93937949990025,139.85154998325245,29.42053952991453,8.696839332175106,31.171146442577204,125.08062611952154,1.5691358024691358,25.720852795861074,140.66419916948178,30.55000655780707,137.23916029095065,58,152.63157894736844,3,9.157894736842106,52,140.54054054054055,1,8.432432432432433,-12.091038406827892,-0.7254623044096729,1
1359528,2023-05-09,12,7,57,172.45714285714286,169.93333333333334,0.5,0.5,0,0,0,13,17,0.47572815533980584,0.5609756097560976,0.1875,0.5,0.5,0.5,3,2,174.0,197.2,7.473946953725018,7.176359235003536,181.76923076923077,186.0,176.93333333333334,11.938111346799424,15.856328972156554,2023,23.7916346963222,129.3358804093868,32.83889690556357,9.337081466926794,50.583702013592756,104.21888052626544,1.6243055555555557,31.487443833501555,148.05183537941733,34.312414008755475,10.833864474221159,33.095335894405046,132.31495491420472,1.2685185185185184,37.310471530784035,139.3538685980196,31.04772004241782,128.61832896325035,56,155.55555555555557,2,9.333333333333334,62,163.1578947368421,2,9.789473684210526,-7.602339181286538,-0.45614035087719174,0
1359529,2023-05-10,1,0,28,161.0,161.0,0.5,0.3,1,0,1,10,17,0.45132743362831856,0.5784313725490197,0.1,0.5555555555555556,0.4,0.6,4,3,155.8,182.0,7.4133771625965945,7.541540454940284,182.0943396226415,171.46666666666667,174.93333333333334,15.73484440784328,16.150959868901484,2023,23.988964707379342,127.94693217297319,34.10311653116531,8.343043762904063,31.290760075234807,126.05404439897875,1.4438888888888886,28.649021831088675,134.74816499915235,39.619901848177925,8.13143929845255,29.277807542903624,112.67323582015737,1.4703174603174605,30.8169487307118,147.52414757733249,34.45731633272617,131.71087955418488,49,125.64102564102564,1,7.538461538461538,47,127.02702702702702,3,7.621621621621621,1.3860013860013822,0.08316008316008272,0
1359530,2023-05-11,5,10,15,202.85714285714286,202.85714285714286,0.5,0.6,0,0,0,14,10,0.4878048780487805,0.44660194174757284,0.23529411764705882,0.4444444444444444,0.5,0.4,3,1,192.8,187.0,7.343088063238921,7.369295210659598,181.8148148148148,188.73333333333332,177.66666666666666,8.0219382899101,17.178580525888137,2023,23.094563923509252,141.87896222543313,30.734522417153997,8.561396689095403,31.83219520154827,129.467559098711,1.5407015481089554,35.05761412051126,147.07264243769745,35.05761412051126,17.68636919133208,31.396128841607563,153.3768953550192,1.3444444444444443,25.720852795861074,140.66419916948178,34.64819296282663,142.39612625551993,37,102.77777777777777,2,6.166666666666666,78,200.0,1,12.0,-97.22222222222223,-5.833333333333334,0
1359531,2023-05-12,3,7,57,173.19444444444446,173.46666666666667,0.6,0.3,1,1,0,1,1,0.8666666666666667,0.5645161290322581,0.4,0.5,0.7,0.6,4,3,172.2,194.2,7.176359235003536,8.194965107359668,181.21818181818182,165.93333333333334,178.4,12.215295149576306,16.949736539235804,2023,22.74352949124397,128.31773285444186,34.05495681418635,8.314976493906627,31.207261108751645,96.48392251398664,1.5344444444444445,28.322570904906094,140.93666090165598,34.312414008755475,10.504677233189296,32.85259202971969,123.5318661169374,1.3039682539682538,38.810735864593774,137.3905501051752,31.04772004241782,128.61832896325035,61,169.44444444444443,0,10.166666666666666,48,133.33333333333331,3,8.0,-36.111111111111114,-2.166666666666666,0
1359532,2023-05-13,6,13,44,170.6,170.6,0.5,0.5,1,0,1,2,0,0.3076923076923077,0.4672131147540984,0.4,0.2857142857142857,0.5,0.4,2,2,179.8,172.0,7.228981446498258,8.633005190279032,181.875,181.06666666666666,178.2,15.898702024120551,15.822447646044052,2023,30.54582057660416,147.8820843169327,31.34813113917592,8.591618353463222,31.93914208575113,129.86961723250172,1.5595238095238095,22.246704540491066,135.94043159246303,33.17331218304613,9.301519337400935,36.72241195196647,115.5409979068732,1.6458333333333333,34.966505636070856,137.64854501709044,34.13412295736763,143.25787811139153,56,147.36842105263156,2,8.842105263157894,30,81.08108108108108,1,4.864864864864865,-66.28733997155048,-3.977240398293029,1
1359533,2023-05-13,9,1,1,179.88888888888889,179.88888888888889,0.5,0.2,0,0,0,15,14,0.46296296296296297,0.4473684210526316,0.3888888888888889,0.1,0.4,0.4,2,3,212.8,163.8,7.471884685926699,7.541540454940284,181.875,186.33333333333334,168.8,16.40425591131826,14.616268504110339,2023,25.796385270721114,141.89522950124046,29.42053952991453,8.964232709304913,32.61635697603174,128.1649371370033,1.6040674603174603,24.301085919500554,131.0236322125291,34.10311653116531,8.649903431666084,32.556702746629604,121.81594916088352,1.4802564102564102,30.55000655780707,137.23916029095065,30.8169487307118,147.52414757733249,46,117.94871794871796,3,7.076923076923077,65,180.55555555555557,0,10.833333333333334,-62.606837606837615,-3.7564102564102573,1
1359535,2023-05-14,0,5,28,161.4,161.4,0.5,0.4,0,1,1,18,9,0.5784313725490197,0.4878048780487805,0.5555555555555556,0.23529411764705882,0.7,0.4,3,3,188.6,175.6,7.4133771625965945,7.343088063238921,181.6206896551724,174.53333333333333,186.93333333333334,15.164742797180109,18.00878221724259,2023,32.23315228886084,135.11540105413525,39.619901848177925,8.023075568657838,28.911012770875516,120.34154477519672,1.4274801587301587,28.352372201053345,144.48582062843874,30.734522417153997,8.909837961726593,32.21202106037018,135.9363297205189,1.5701058201058202,34.45731633272617,131.71087955418488,25.720852795861074,140.66419916948178,52,144.44444444444443,1,8.666666666666666,46,117.94871794871796,3,7.076923076923077,26.495726495726473,1.5897435897435894,0
1359534,2023-05-14,12,10,48,172.0,172.0,0.6,0.5,0,1,1,14,12,0.47572815533980584,0.4519230769230769,0.1875,0.4444444444444444,0.4,0.5,2,2,179.0,179.0,7.473946953725018,7.369295210659598,181.6206896551724,186.46666666666667,177.6,12.018926851557849,13.93497806643519,2023,26.089639989639988,134.60945185100476,32.83889690556357,9.483238500795993,52.0649495267749,107.90150971709247,1.6318181818181816,26.042255648388938,132.1487205073659,35.05761412051126,11.199789591327548,30.239211784984143,115.19382257475972,1.4720048309178744,37.310471530784035,139.3538685980196,34.64819296282663,142.39612625551993,42,110.5263157894737,0,6.631578947368421,28,73.68421052631578,5,4.421052631578947,36.84210526315792,2.2105263157894743,1
1359536,2023-05-15,13,3,33,169.46153846153845,169.46153846153845,0.4,0.4,1,1,0,1,1,0.4672131147540984,0.8125,0.2857142857142857,0.0,0.4,0.6,2,3,181.6,174.4,8.194965107359668,7.228981446498258,180.81666666666666,176.53333333333333,171.6,15.87288323395203,13.121410562930835,2023,21.616519476548696,131.5693902067272,33.17331218304613,9.439176204216146,40.91066229430591,106.5223004900007,1.6838888888888888,23.162348860056603,123.85530635136713,42.25243580578299,8.288940847577134,29.54063122558602,94.6441952373099,1.5988888888888888,34.13412295736763,143.25787811139153,38.810735864593774,137.3905501051752,65,162.5,1,9.75,45,121.62162162162163,4,7.297297297297297,-40.87837837837837,-2.4527027027027026,0
1359537,2023-05-16,6,7,4,146.8,146.8,0.4,0.7,0,0,0,2,0,0.35714285714285715,0.5645161290322581,0.4,0.5,0.5,0.7,2,4,185.4,196.4,8.633005190279032,7.176359235003536,180.9344262295082,181.46666666666667,181.93333333333334,13.469651604104302,16.59312768415989,2023,26.702676362962382,141.49434254462614,31.009812050856826,8.49367663434524,36.775313706731005,121.54044872253561,1.5211111111111113,28.322570904906094,140.93666090165598,34.312414008755475,10.504677233189296,32.85259202971969,123.5318661169374,1.3039682539682538,34.966505636070856,137.64854501709044,31.04772004241782,128.61832896325035,35,97.22222222222221,2,5.833333333333333,58,148.71794871794873,0,8.923076923076923,-51.495726495726515,-3.0897435897435903,1
1359538,2023-05-17,9,1,19,167.0,167.0,0.2,0.4,1,1,0,16,14,0.46296296296296297,0.4434782608695652,0.3888888888888889,0.1,0.4,0.4,2,2,203.4,168.4,7.541540454940284,7.471884685926699,180.8709677419355,184.86666666666667,166.06666666666666,18.174732839157674,14.375334547290544,2023,26.157496381832228,143.52887024567386,30.364271723646727,10.71991452748673,30.457539747899354,128.23471140564897,1.4701388888888887,30.034480255516844,154.10235765098176,32.53803716608595,7.897165340248591,31.396128841607563,143.90821862176352,1.2208333333333332,30.55000655780707,137.23916029095065,30.8169487307118,147.52414757733249,61,164.86486486486487,0,9.891891891891891,47,130.55555555555557,1,7.833333333333334,-34.3093093093093,-2.0585585585585573,0
1359539,2023-05-18,12,13,44,172.5,172.5,0.5,0.5,1,1,0,14,17,0.47572815533980584,0.4634146341463415,0.1875,0.2857142857142857,0.5,0.4,2,2,175.4,190.4,7.228981446498258,7.473946953725018,181.38095238095238,183.93333333333334,176.26666666666668,15.10165157572598,13.703505644879352,2023,29.180547230547234,136.649711620453,32.33163873163873,10.304294738213075,43.66559725105229,101.08529121844339,1.744570707070707,26.14495052040573,141.20496111160347,33.17331218304613,9.048660071068012,34.382407855147214,120.50020722137425,1.575,37.310471530784035,139.3538685980196,34.13412295736763,143.25787811139153,49,132.43243243243242,2,7.945945945945946,64,172.97297297297297,0,10.378378378378379,40.54054054054055,2.4324324324324333,1
1359540,2023-05-19,9,10,19,213.0,213.0,0.5,0.4,0,0,0,10,14,0.45871559633027525,0.44761904761904764,0.3684210526315789,0.4444444444444444,0.4,0.4,2,1,194.6,172.8,7.471884685926699,7.369295210659598,181.453125,185.13333333333333,176.46666666666667,12.22208027568821,12.598856686708226,2023,27.21296289791815,146.8619882329165,30.364271723646727,11.112970459638934,30.33106583433396,122.67783201604638,1.4674603174603174,28.254050621092237,140.01072218461297,35.05761412051126,12.016120408327696,35.409733993843034,129.37837129204274,1.448611111111111,30.55000655780707,137.23916029095065,34.64819296282663,142.39612625551993,48,126.3157894736842,3,7.578947368421052,57,154.05405405405406,1,9.243243243243244,-27.738264580369858,-1.6642958748221917,0
1359541,2023-05-20,1,0,1,178.6,178.6,0.4,0.2,1,0,1,10,18,0.4434782608695652,0.5784313725490197,0.1,0.5555555555555556,0.5,0.6,3,2,171.6,170.4,7.4133771625965945,7.541540454940284,181.53846153846155,169.6,170.26666666666668,13.991297017449275,16.056500036645065,2023,20.42832978674442,121.72988415267085,32.53803716608595,8.577203746183514,32.014401510967716,118.23323805365601,1.5405555555555555,35.21128537120184,137.7198722649078,39.619901848177925,8.700400256020236,33.924736128493954,120.17109263335678,1.5395238095238093,30.8169487307118,147.52414757733249,34.45731633272617,131.71087955418488,52,140.54054054054055,0,8.432432432432433,34,94.44444444444444,3,5.666666666666666,-46.096096096096105,-2.7657657657657673,0
1359542,2023-05-20,6,5,15,196.125,196.125,0.3,0.3,0,0,0,2,0,0.35714285714285715,0.49193548387096775,0.4,0.23529411764705882,0.6,0.4,3,3,193.8,164.4,8.633005190279032,7.343088063238921,181.53846153846155,183.66666666666666,185.53333333333333,15.489452700353022,15.878763270528701,2023,22.55709740041641,134.53116476778683,31.009812050856826,8.4698078210008,29.521604796865606,118.97669222772481,1.5175595238095239,22.622341701287027,134.4900733365442,30.734522417153997,8.685340106608203,30.97108409043716,129.78501941617134,1.588095238095238,34.966505636070856,137.64854501709044,25.720852795861074,140.66419916948178,54,145.94594594594594,1,8.756756756756756,61,164.86486486486487,1,9.891891891891891,-18.918918918918934,-1.135135135135135,1
1359543,2023-05-21,7,13,57,174.40540540540542,175.0,0.5,0.7,1,1,0,16,13,0.56,0.4634146341463415,0.5,0.2857142857142857,0.6,0.3,3,1,189.4,188.2,7.228981446498258,7.176359235003536,182.07462686567163,187.26666666666668,176.86666666666667,16.330404642825442,10.98931970142614,2023,32.1830888271754,143.0020026535865,33.360649601545525,12.177231793993972,33.94493942080378,132.8442789387182,1.2180555555555554,24.29440796959979,133.81949326257075,31.88078323116687,8.756794811965214,31.902974783293928,113.61942084316227,1.5675925925925924,31.04772004241782,128.61832896325035,34.13412295736763,143.25787811139153,53,139.4736842105263,0,8.368421052631579,60,162.16216216216216,1,9.72972972972973,22.68847795163586,1.361308677098151,1
1359544,2023-05-21,3,12,24,195.33333333333334,195.33333333333334,0.4,0.4,1,1,0,1,1,0.8125,0.4807692307692308,0.0,0.1875,0.7,0.6,3,3,176.2,172.6,7.473946953725018,8.194965107359668,182.07462686567163,172.93333333333334,185.13333333333333,14.166595653543718,16.285624401321954,2023,29.553634512221358,134.34520532689496,33.608787041929624,8.26553827681781,33.463371749408985,112.98854565749745,1.471111111111111,26.089639989639988,134.60945185100476,32.83889690556357,9.483238500795993,52.0649495267749,107.90150971709247,1.6318181818181816,38.810735864593774,137.3905501051752,37.310471530784035,139.3538685980196,62,167.56756756756758,0,10.054054054054054,51,137.83783783783784,1,8.27027027027027,-29.72972972972974,-1.7837837837837842,1
1370350,2023-05-23,0,3,28,160.3125,160.4,0.5,0.5,0,0,0,0,3,0.5784313725490197,0.8235294117647058,0.5555555555555556,0.0,0.6,0.7,3,4,174.6,189.6,7.4133771625965945,8.194965107359668,182.55072463768116,178.66666666666666,173.53333333333333,16.10745097104178,15.621241768723047,2023,32.23315228886084,135.11540105413525,39.619901848177925,8.023075568657838,28.911012770875516,120.34154477519672,1.4274801587301587,21.80668738598081,125.33040318673923,34.05495681418635,8.388378850076762,30.083688324841518,101.05483628490042,1.567222222222222,34.45731633272617,131.71087955418488,38.810735864593774,137.3905501051752,49,132.43243243243242,0,7.945945945945946,41,113.88888888888889,2,6.833333333333333,18.543543543543535,1.1126126126126126,1
1370351,2023-05-24,7,6,28,161.0,159.4,0.8,0.3,0,1,1,0,3,0.5634920634920635,0.35714285714285715,0.5384615384615384,0.4,0.6,0.6,3,3,186.6,177.6,7.176359235003536,8.633005190279032,182.4,187.73333333333332,183.53333333333333,16.75050902293355,13.276343052099357,2023,28.566589349926076,140.0758196133485,36.61538296961917,10.068743367573695,36.777941949041235,120.63481361764681,1.376543209876543,21.692732897875906,133.6760910514585,30.505538546583324,8.362481368271682,31.70246902267767,109.4459127384268,1.5273015873015876,31.04772004241782,128.61832896325035,34.966505636070856,137.64854501709044,62,172.22222222222223,2,10.333333333333334,54,145.94594594594594,2,8.756756756756756,26.276276276276292,1.5765765765765778,1
1370352,2023-05-26,3,7,33,170.78571428571428,170.78571428571428,0.5,0.7,0,0,0,1,2,0.7777777777777778,0.5634920634920635,0.0,0.5384615384615384,0.7,0.6,3,4,200.4,195.2,8.194965107359668,7.176359235003536,182.3943661971831,176.33333333333334,189.26666666666668,17.289218561519277,15.880041632969544,2023,31.700727233041977,143.89210965827994,40.10904361744698,8.328795500067713,30.242935338070673,102.39428980404855,1.5722222222222222,24.311282755832874,132.26161929356468,36.61538296961917,8.322649699075557,32.54003165049147,110.27391255429187,1.4681818181818185,38.810735864593774,137.3905501051752,31.04772004241782,128.61832896325035,50,135.13513513513513,0,8.108108108108109,72,194.5945945945946,3,11.675675675675677,-59.45945945945948,-3.5675675675675684,1
1370353,2023-05-29,3,0,33,174.93333333333334,174.93333333333334,0.6,0.5,0,0,0,3,1,0.7777777777777778,0.5784313725490197,0.0,0.5555555555555556,0.7,0.7,3,4,201.6,169.0,8.194965107359668,7.4133771625965945,183.09722222222223,180.0,181.26666666666668,17.66118364514007,16.14300873197801,2023,31.700727233041977,143.89210965827994,40.10904361744698,8.328795500067713,30.242935338070673,102.39428980404855,1.5722222222222222,33.56898076710147,134.45181848445225,39.619901848177925,8.147365009585615,29.431401354868182,127.94083400786481,1.435374149659864,38.810735864593774,137.3905501051752,34.45731633272617,131.71087955418488,62,172.22222222222223,0,10.333333333333334,72,189.4736842105263,0,11.368421052631579,-17.251461988304072,-1.0350877192982448,0
1422119,2024-03-22,12,0,28,162.16666666666666,161.4,0.5,0.5,0,1,1,10,20,0.4807692307692308,0.5825242718446602,0.1875,0.6,0.5,0.7,2,4,186.8,184.0,7.473946953725018,7.4133771625965945,189.59154929577466,184.46666666666667,185.53333333333333,18.236101154985782,14.149626179518785,2024,30.22066452066452,140.88803996763545,36.08078403078403,9.5622443491024,42.17213459938551,121.33975370155495,1.641269841269841,30.192891880174077,135.3021829770149,33.874513268544874,7.725776401997881,40.0379253001437,125.88413938286062,1.350297619047619,37.310471530784035,139.3538685980196,34.45731633272617,131.71087955418488,42,110.5263157894737,3,6.631578947368421,62,163.1578947368421,1,9.789473684210526,-52.63157894736841,-3.1578947368421044,0
1422121,2024-03-23,5,13,15,193.88888888888889,193.88888888888889,0.2,0.5,0,0,0,22,11,0.488,0.4634146341463415,0.23529411764705882,0.2857142857142857,0.4,0.2,3,1,163.8,194.0,7.343088063238921,7.228981446498258,173.0,185.46666666666667,177.33333333333334,15.318408896130572,16.81891209395847,2024,25.752530587048668,146.73916394398958,32.096978557504876,8.418314258276217,28.28469673255448,129.8477824495926,1.5135802469135802,24.031537879282766,141.5868874892649,33.17331218304613,9.579269292194953,39.19176108497973,122.29575270902501,1.5993827160493828,25.720852795861074,140.66419916948178,34.13412295736763,143.25787811139153,43,110.25641025641026,3,6.615384615384616,65,175.67567567567568,1,10.54054054054054,-65.41926541926541,-3.9251559251559245,1
1422120,2024-03-23,1,9,29,167.0,167.0,0.3,0.5,0,0,0,15,16,0.4396551724137931,0.45871559633027525,0.09090909090909091,0.3684210526315789,0.5,0.4,2,1,190.2,192.0,7.541540454940284,7.471884685926699,173.0,173.86666666666667,187.0,15.562887234388551,16.977310441309072,2024,27.39267424036197,137.51118050861413,38.39777171411077,8.511972553087174,28.41794132341561,132.31367815865582,1.4314814814814814,29.147827923050865,144.51040050166313,37.22655092592592,8.835839933657194,33.33253974789936,120.85363250369055,1.5916666666666666,30.8169487307118,147.52414757733249,30.55000655780707,137.23916029095065,54,138.46153846153845,1,8.307692307692307,60,153.84615384615387,2,9.230769230769232,-15.384615384615415,-0.9230769230769251,0
1422122,2024-03-24,6,10,48,171.8,171.8,0.4,0.2,1,0,1,1,2,0.3333333333333333,0.4528301886792453,0.4,0.4444444444444444,0.5,0.4,3,2,188.8,167.8,7.369295210659598,8.633005190279032,185.0,181.66666666666666,178.46666666666667,10.46953242689082,17.403189526668406,2024,28.858556784822504,138.546408580084,36.80409546470546,8.512364914643877,32.396103277108764,126.00678833934265,1.4786706349206349,31.72067860590076,148.1422999297099,35.05761412051126,13.233294757675123,37.54439308229201,143.1533045798665,1.4472222222222222,34.966505636070856,137.64854501709044,34.64819296282663,142.39612625551993,54,145.94594594594594,2,8.756756756756756,47,127.02702702702702,3,7.621621621621621,-18.91891891891892,-1.135135135135135,0
1422123,2024-03-24,7,3,33,177.375,181.0,0.6,0.7,1,1,0,2,2,0.5590551181102362,0.7777777777777778,0.5,0.0,0.6,0.6,3,3,202.0,200.8,8.194965107359668,7.176359235003536,185.0,193.4,183.46666666666667,16.198141552158848,13.07867681157031,2024,23.567369976205462,134.7231400195681,33.889666092115284,10.624877876640557,28.21586694281658,119.89520561258028,1.3986531986531985,28.35087976341566,138.95934391098524,42.25243580578299,8.317197351668565,32.853627667990835,108.75030897912491,1.5208333333333335,31.04772004241782,128.61832896325035,38.810735864593774,137.3905501051752,47,130.55555555555557,1,7.833333333333334,52,136.8421052631579,2,8.210526315789474,6.286549707602319,0.3771929824561404,0
1422124,2024-03-25,12,9,24,195.57142857142858,195.57142857142858,0.5,0.4,1,1,0,14,17,0.4807692307692308,0.4636363636363636,0.1875,0.3684210526315789,0.5,0.4,2,2,185.2,184.0,7.471884685926699,7.473946953725018,183.2,185.53333333333333,188.13333333333333,15.950706886809051,15.405796284297098,2024,28.63891478891479,140.93789288052824,36.08078403078403,9.380261677805025,52.77561777446231,117.62816684180176,1.6125,29.147827923050865,144.51040050166313,37.22655092592592,8.835839933657194,33.33253974789936,120.85363250369055,1.5916666666666666,37.310471530784035,139.3538685980196,30.55000655780707,137.23916029095065,40,111.11111111111111,1,6.666666666666667,50,131.57894736842107,2,7.894736842105264,20.467836257309955,1.2280701754385968,1
1422125,2024-03-26,0,3,28,162.73684210526315,163.0,0.5,0.6,0,0,0,2,3,0.5865384615384616,0.7777777777777778,0.6,0.0,0.7,0.6,4,3,185.2,196.8,7.4133771625965945,8.194965107359668,182.0,185.2,181.06666666666666,16.018321165142932,17.064016384181556,2024,29.389825693210437,136.11381491706663,33.874513268544874,7.8406017427122014,38.80338294892425,128.79756075864955,1.37406462585034,25.64390727393599,133.79215659948346,42.25243580578299,8.4973833096355,35.14762435661489,103.73390519195793,1.565357142857143,34.45731633272617,131.71087955418488,38.810735864593774,137.3905501051752,69,181.57894736842107,1,10.894736842105264,43,113.1578947368421,2,6.789473684210526,68.42105263157897,4.105263157894738,1
1422126,2024-03-27,13,7,44,174.42857142857142,174.42857142857142,0.5,0.6,0,0,0,13,17,0.4596774193548387,0.5546875,0.26666666666666666,0.5,0.2,0.6,0,2,192.8,192.0,7.228981446498258,7.176359235003536,185.42857142857142,180.73333333333332,194.13333333333333,14.127395528195324,17.421419036111615,2024,31.494820006542728,154.3280243908878,35.714243888156936,9.24793602299018,42.279663657855146,139.91498949309016,1.5657575757575757,29.94103741760972,161.11216867566347,33.889666092115284,10.92402517384619,32.937348349050474,132.5288408024172,1.4335978835978835,34.13412295736763,143.25787811139153,31.04772004241782,128.61832896325035,81,213.15789473684214,1,12.789473684210527,76,211.11111111111111,2,12.666666666666668,2.046783625731024,0.12280701754385959,1
1422127,2024-03-28,1,10,48,175.33333333333334,175.33333333333334,0.5,0.3,1,1,0,13,14,0.4396551724137931,0.4528301886792453,0.09090909090909091,0.4444444444444444,0.5,0.4,1,3,188.8,182.8,7.369295210659598,7.541540454940284,196.875,174.86666666666667,182.66666666666666,11.851377118784482,17.35386982993696,2024,31.41170949574109,146.36641098346135,38.39777171411077,8.289709918269088,27.578202371254235,130.14880292007265,1.3907407407407408,29.108507929481757,143.8585468495791,35.05761412051126,12.350160619854885,36.55142019735037,134.9477304562121,1.4563492063492063,30.8169487307118,147.52414757733249,34.64819296282663,142.39612625551993,31,81.57894736842105,2,4.894736842105263,59,163.88888888888889,2,9.833333333333332,82.30994152046783,4.938596491228069,0
1422128,2024-03-29,12,5,24,193.125,193.125,0.4,0.3,0,0,0,14,18,0.4857142857142857,0.488,0.1875,0.23529411764705882,0.5,0.5,3,3,180.6,171.2,7.473946953725018,7.343088063238921,195.55555555555554,185.86666666666667,185.33333333333334,17.08089799789731,15.856396885335736,2024,30.22066452066452,140.88803996763545,36.08078403078403,9.5622443491024,42.17213459938551,121.33975370155495,1.641269841269841,28.877555555555556,151.62274151392654,32.096978557504876,8.248280622305632,33.74288563829787,150.21773237157885,1.4285714285714286,37.310471530784035,139.3538685980196,25.720852795861074,140.66419916948178,61,164.86486486486487,1,9.891891891891891,85,229.72972972972974,0,13.783783783783784,-64.86486486486487,-3.891891891891893,0
1422129,2024-03-30,6,9,4,151.83333333333334,151.83333333333334,0.3,0.5,0,1,1,2,1,0.3125,0.4636363636363636,0.4,0.3684210526315789,0.5,0.4,3,2,182.0,183.4,8.633005190279032,7.471884685926699,194.2,180.73333333333332,187.13333333333333,14.53037604832309,17.53836076017519,2024,26.371069938319682,130.18842567653417,36.80409546470546,8.43771770466341,29.050137069364173,121.52901927993713,1.5304232804232802,30.630484659310873,147.98373709690424,37.22655092592592,8.959742352405177,33.61678012004824,114.24231327095103,1.6063492063492062,34.966505636070856,137.64854501709044,30.55000655780707,137.23916029095065,54,145.94594594594594,2,8.756756756756756,61,169.44444444444443,0,10.166666666666666,-23.498498498498492,-1.40990990990991,1
1422130,2024-03-31,3,13,33,176.8235294117647,180.8,0.6,0.7,1,0,1,2,1,0.7368421052631579,0.4596774193548387,0.0,0.26666666666666666,0.6,0.3,2,1,198.6,211.8,7.228981446498258,8.194965107359668,194.63636363636363,184.6,185.66666666666666,14.481634324392555,17.455316628267614,2024,35.561917825546686,136.1004643316897,42.25243580578299,8.423643029598498,32.7613475177305,113.66413073023622,1.462222222222222,25.36410249603856,147.03735624514124,35.714243888156936,9.398142591022685,42.461611916444035,129.1944742270003,1.5976430976430975,38.810735864593774,137.3905501051752,34.13412295736763,143.25787811139153,56,151.35135135135135,1,9.08108108108108,52,144.44444444444443,1,8.666666666666666,-6.906906906906926,-0.4144144144144146,1
1422131,2024-03-31,1,0,12,167.0,167.0,0.3,0.5,0,1,1,10,19,0.4358974358974359,0.5865384615384616,0.09090909090909091,0.6,0.4,0.7,1,5,192.4,197.6,7.541540454940284,7.4133771625965945,194.63636363636363,174.33333333333334,184.46666666666667,18.484771283443557,16.372128986143835,2024,30.43452650655359,146.52362005908978,38.39777171411077,8.32397332808752,28.123620438447567,137.32080448189282,1.4087301587301586,30.04651149429798,136.28116500466984,35.37837179353312,7.926720748247941,37.877476185509664,127.90692999130374,1.3918898809523808,30.8169487307118,147.52414757733249,34.45731633272617,131.71087955418488,62,167.56756756756758,0,10.054054054054054,32,84.21052631578947,2,5.052631578947368,83.35704125177811,5.001422475106686,1
1422132,2024-04-01,7,10,57,175.07894736842104,178.2,0.6,0.5,0,0,0,15,12,0.5503875968992248,0.4528301886792453,0.4666666666666667,0.4444444444444444,0.5,0.5,2,4,212.0,177.0,7.176359235003536,7.369295210659598,191.84615384615384,201.13333333333333,181.46666666666667,10.373749327576991,13.662514580478126,2024,23.567369976205462,134.7231400195681,33.889666092115284,10.550233951899921,27.725309775397708,119.89520561258031,1.4047138047138046,27.43868929271851,144.14272519528802,35.05761412051126,12.98692842533101,37.410635423307504,141.1774447915067,1.4462962962962962,31.04772004241782,128.61832896325035,34.64819296282663,142.39612625551993,46,124.32432432432432,4,7.45945945945946,46,112.19512195121952,2,6.731707317073171,12.129202373104803,0.7277521423862883,0
1422133,2024-04-02,12,6,24,191.88888888888889,191.88888888888889,0.4,0.3,1,1,0,3,1,0.4857142857142857,0.3125,0.1875,0.4,0.4,0.5,2,3,182.8,185.4,8.633005190279032,7.473946953725018,187.07142857142858,184.4,181.13333333333333,15.26908233455499,15.09549752472836,2024,25.43326034235125,133.0989553543531,36.08078403078403,9.366163960669796,54.600866304696524,109.1982738536447,1.6219148001756698,31.730751436056433,141.3869048844909,36.80409546470546,8.716892897560776,28.60878286410201,140.92873300153835,1.5095238095238095,37.310471530784035,139.3538685980196,34.966505636070856,137.64854501709044,54,145.94594594594594,1,8.756756756756756,48,133.33333333333331,3,8.0,-12.612612612612622,-0.7567567567567561,0
1422134,2024-04-03,5,1,12,191.0,191.0,0.3,0.4,0,1,1,16,14,0.49206349206349204,0.4358974358974359,0.23529411764705882,0.09090909090909091,0.6,0.4,3,2,171.8,197.2,7.343088063238921,7.541540454940284,186.66666666666666,184.73333333333332,176.26666666666668,16.945753897217692,15.397693776161072,2024,25.890138461913825,147.61900441485352,32.096978557504876,8.448952778320566,28.762044381621983,128.13278220742765,1.5277777777777777,23.519255946909542,130.09438760982536,38.39777171411077,8.711268044503523,30.31276980112544,119.43899679150755,1.5661616161616165,25.720852795861074,140.66419916948178,30.8169487307118,147.52414757733249,88,231.57894736842107,1,13.894736842105264,51,134.21052631578948,4,8.052631578947368,97.36842105263159,5.842105263157896,1
1422135,2024-04-04,9,3,33,176.0,181.33333333333334,0.7,0.5,1,1,0,1,2,0.4594594594594595,0.75,0.3684210526315789,0.0,0.3,0.6,1,3,189.8,196.6,8.194965107359668,7.471884685926699,192.0,187.26666666666668,183.6,16.710152527336373,15.019382267055196,2024,28.71487838174322,143.87726712443708,37.22655092592592,8.929675599227124,34.49914936229998,130.34222388410552,1.6104056437389769,33.67767103187128,134.11821134558735,42.773288976607596,8.610170786237065,33.118831264775416,111.77616671850954,1.5129629629629628,30.55000655780707,137.23916029095065,38.810735864593774,137.3905501051752,52,140.54054054054055,1,8.432432432432433,54,150.0,2,9.0,9.459459459459453,0.5675675675675667,1
1422136,2024-04-05,0,13,44,187.25,187.25,0.5,0.6,0,0,0,20,9,0.580952380952381,0.4596774193548387,0.6,0.26666666666666666,0.7,0.3,4,1,191.2,206.6,7.4133771625965945,7.228981446498258,192.41176470588235,186.73333333333332,188.4,14.218010997444656,18.969282318622366,2024,30.828666197565042,135.6093876399974,35.37837179353312,7.8406017427122014,38.80338294892425,125.28247870243526,1.37406462585034,29.89305339792037,148.73058800539027,35.714243888156936,9.537859245176412,45.72006187764166,129.31714540015454,1.620307239057239,34.45731633272617,131.71087955418488,34.13412295736763,143.25787811139153,48,133.33333333333331,1,8.0,78,210.81081081081078,1,12.648648648648647,-77.47747747747746,-4.648648648648647,0
1422137,2024-04-06,12,10,48,176.71428571428572,176.71428571428572,0.2,0.4,0,0,0,15,12,0.4811320754716981,0.45794392523364486,0.1875,0.4444444444444444,0.4,0.6,1,4,181.8,172.2,7.473946953725018,7.369295210659598,190.88888888888889,182.33333333333334,176.66666666666666,10.910553297365517,14.331595914699864,2024,33.086229048729045,144.38256775336214,36.08078403078403,10.336762270680609,50.25413891771896,110.95148289713507,1.734722222222222,31.72067860590076,148.1422999297099,35.05761412051126,13.233294757675123,37.54439308229201,143.1533045798665,1.4472222222222222,37.310471530784035,139.3538685980196,34.64819296282663,142.39612625551993,53,139.4736842105263,0,8.368421052631579,54,150.0,1,9.0,-10.5263157894737,-0.6315789473684212,0
1422138,2024-04-07,7,1,57,173.7948717948718,173.93333333333334,0.5,0.4,0,0,0,18,15,0.5503875968992248,0.4322033898305085,0.4666666666666667,0.08333333333333333,0.4,0.4,1,1,197.0,209.0,7.176359235003536,7.541540454940284,190.47368421052633,197.13333333333333,181.13333333333333,18.081108959095268,12.810308796568746,2024,30.948006058724705,156.53484987410613,35.67820348243969,10.837771804573952,32.937348349050474,130.0931887837087,1.4230158730158728,28.048897561921258,138.83520348333843,38.39777171411077,8.65736997814866,34.02033004580378,128.25330119227178,1.4708333333333334,31.04772004241782,128.61832896325035,30.8169487307118,147.52414757733249,75,197.36842105263156,0,11.842105263157894,46,124.32432432432432,1,7.45945945945946,73.04409672830724,4.382645803698434,1
1422139,2024-04-07,3,6,4,158.57142857142858,158.57142857142858,0.4,0.7,1,0,1,4,0,0.75,0.3125,0.0,0.4,0.5,0.6,2,3,189.8,186.2,8.633005190279032,8.194965107359668,190.47368421052633,187.86666666666667,178.73333333333332,14.59126084071675,16.153653297609818,2024,24.360597109480896,124.3571922777046,42.773288976607596,8.673400970008704,32.80801147245414,98.36295832836402,1.5698015873015874,30.37319381680063,140.10711218067328,36.80409546470546,8.522717374134471,29.166975173838587,135.4335690061777,1.4692743764172336,38.810735864593774,137.3905501051752,34.966505636070856,137.64854501709044,47,130.55555555555557,2,7.833333333333334,54,135.0,1,8.100000000000001,4.444444444444429,0.2666666666666675,0
1426260,2024-04-08,5,0,28,164.9,166.73333333333332,0.3,0.4,0,0,0,10,18,0.49206349206349204,0.580952380952381,0.23529411764705882,0.6,0.7,0.7,4,3,196.4,189.8,7.343088063238921,7.4133771625965945,191.23809523809524,189.26666666666668,186.06666666666666,15.810786349006676,16.447756775847918,2024,21.97829510520222,133.64282179397105,32.096978557504876,8.438248765562085,29.43409691829677,119.12162700088237,1.5334455667789002,31.78952307611987,138.7902633100641,35.37837179353312,8.452635994437257,47.15767730496453,119.93324877908267,1.4814682539682538,25.720852795861074,140.66419916948178,34.45731633272617,131.71087955418488,56,147.36842105263156,1,8.842105263157894,52,136.8421052631579,1,8.210526315789474,10.52631578947367,0.6315789473684195,0
1426261,2024-04-09,13,9,29,174.0,174.0,0.5,0.5,0,0,0,17,14,0.464,0.4642857142857143,0.26666666666666666,0.3684210526315789,0.3,0.4,2,2,202.4,187.0,7.228981446498258,7.471884685926699,188.77272727272728,189.86666666666667,191.0,15.50953802381961,15.13152678034583,2024,24.154431322639706,140.35852233994385,35.714243888156936,9.704063383996724,41.355410809364365,127.60669238881222,1.641884756657484,29.958084333307273,146.8372949731198,37.22655092592592,9.049819673827852,34.893685889730335,125.74339347801035,1.6255952380952379,34.13412295736763,143.25787811139153,30.55000655780707,137.23916029095065,40,105.26315789473684,3,6.315789473684211,27,75.0,3,4.5,30.263157894736835,1.8157894736842106,1
1426262,2024-04-10,3,10,48,177.5,177.5,0.3,0.6,1,1,0,4,1,0.7142857142857143,0.46296296296296297,0.0,0.4444444444444444,0.5,0.6,2,5,179.6,174.6,7.369295210659598,8.194965107359668,188.47826086956522,184.93333333333334,175.6,9.599530007663063,17.635533321342166,2024,26.08366473381546,136.06415064581026,39.662873845190255,8.335530685001899,31.520294334657507,115.09724517104715,1.5076388888888888,31.882996145262734,147.0015291464211,35.05761412051126,14.174042951810524,38.774045930428905,145.60340994028425,1.4333333333333333,38.810735864593774,137.3905501051752,34.64819296282663,142.39612625551993,43,119.44444444444444,2,7.166666666666666,44,122.22222222222223,0,7.333333333333334,2.7777777777777857,0.16666666666666785,1
1426263,2024-04-11,12,7,57,175.3,176.73333333333332,0.2,0.6,0,0,0,13,18,0.4811320754716981,0.5503875968992248,0.1875,0.4666666666666667,0.3,0.5,1,1,179.0,207.4,7.473946953725018,7.176359235003536,188.79166666666666,182.93333333333334,199.93333333333334,12.399506542832846,14.579950022302953,2024,26.604342005730896,139.22667812082366,34.58448773448774,9.735830563677233,51.73194331385324,115.0312943966307,1.7186795491143316,32.19451617452228,141.94792304402364,34.726439075229734,11.228404746582385,31.513061920349152,124.33260104932893,1.2744444444444443,37.310471530784035,139.3538685980196,31.04772004241782,128.61832896325035,44,122.22222222222223,2,7.333333333333334,72,189.4736842105263,0,11.368421052631579,-67.25146198830407,-4.035087719298245,0
1426264,2024-04-12,1,6,4,159.125,159.125,0.3,0.5,1,0,1,0,3,0.42857142857142855,0.3125,0.07692307692307693,0.4,0.3,0.6,1,3,211.2,183.6,8.633005190279032,7.541540454940284,189.08,185.26666666666668,181.53333333333333,18.11655676140212,16.24246313576038,2024,31.689957285626807,158.0590360691825,38.39777171411077,8.551234056196947,29.038440701339635,129.49987548136633,1.386111111111111,27.85575417910148,138.89310392303761,36.80409546470546,8.724562738430082,33.444684394467046,119.67270074608238,1.505731922398589,30.8169487307118,147.52414757733249,34.966505636070856,137.64854501709044,57,146.15384615384613,2,8.769230769230768,62,167.56756756756758,1,10.054054054054054,21.413721413721447,1.2848232848232861,1
1426265,2024-04-13,9,10,29,178.0,178.0,0.4,0.3,0,0,0,10,15,0.46017699115044247,0.46296296296296297,0.3684210526315789,0.4444444444444444,0.3,0.6,2,4,186.0,176.4,7.471884685926699,7.369295210659598,188.23076923076923,192.93333333333334,177.0,11.925531825885658,13.740980826098452,2024,28.11292265999583,148.8480395347924,35.10444444444445,10.488882969515936,34.60584174071222,124.773641167736,1.4907407407407405,26.936419750437665,144.12753977130907,32.401524926686214,12.48145925129323,35.48146137887779,130.95195523545632,1.4563492063492063,30.55000655780707,137.23916029095065,34.64819296282663,142.39612625551993,38,100.0,1,6.0,43,113.1578947368421,0,6.789473684210526,-13.157894736842096,-0.7894736842105257,0
1426266,2024-04-14,5,6,15,195.3,195.3,0.3,0.2,1,1,0,0,3,0.49206349206349204,0.3125,0.23529411764705882,0.4,0.6,0.6,3,3,195.0,180.6,8.633005190279032,7.343088063238921,186.7037037037037,184.8,178.53333333333333,17.446694553157954,17.886809994621196,2024,28.359375,155.07456740061164,31.566885964912284,7.721065063596324,30.095273714539005,138.14411706682006,1.3541666666666667,28.189049209064926,138.10522374865528,36.80409546470546,8.888478383576803,32.396103277108764,123.22107405362837,1.5495039682539682,25.720852795861074,140.66419916948178,34.966505636070856,137.64854501709044,49,125.64102564102564,2,7.538461538461538,58,145.0,2,8.7,19.358974358974365,1.161538461538461,1
1426267,2024-04-14,7,0,57,175.8048780487805,183.33333333333334,0.4,0.6,1,1,0,20,16,0.5538461538461539,0.5849056603773585,0.4666666666666667,0.6,0.5,0.7,2,3,200.0,174.4,7.4133771625965945,7.176359235003536,186.7037037037037,198.73333333333332,180.13333333333333,19.695120282182252,13.091327194264323,2024,28.704505301384117,155.142335745106,35.67820348243969,10.426367751436576,33.21184647208584,124.26746455549299,1.4236111111111112,31.513225317924242,136.4949916817822,35.37837179353312,7.8771966620310465,40.131397754137105,125.05275536726607,1.3734457671957674,31.04772004241782,128.61832896325035,34.45731633272617,131.71087955418488,48,126.3157894736842,1,7.578947368421052,63,175.0,0,10.5,48.684210526315795,2.921052631578948,0
1426268,2024-04-15,12,13,24,190.8,190.8,0.5,0.3,1,1,0,15,17,0.4811320754716981,0.464,0.1875,0.26666666666666666,0.3,0.4,1,3,183.6,198.8,7.228981446498258,7.473946953725018,186.48275862068965,180.93333333333334,186.8,13.613890650979986,16.405703926454812,2024,27.29044086700337,136.78268593618586,34.58448773448774,9.624551151108305,50.86258647962731,123.08795553020886,1.6855978260869566,30.47383209918466,157.8975366101027,35.714243888156936,10.047288423485291,47.900437889533634,129.8191026187136,1.659090909090909,37.310471530784035,139.3538685980196,34.13412295736763,143.25787811139153,76,205.4054054054054,0,12.324324324324323,79,219.44444444444446,0,13.166666666666668,14.039039039039068,0.8423423423423451,0
1426269,2024-04-16,5,10,15,192.1818181818182,192.1818181818182,0.2,0.3,0,0,0,14,11,0.49606299212598426,0.46788990825688076,0.23529411764705882,0.4444444444444444,0.7,0.7,4,4,192.0,167.2,7.343088063238921,7.369295210659598,189.83333333333334,180.33333333333334,175.0,13.279458026810108,16.557665933360923,2024,27.738905769653055,154.41171610116402,32.096978557504876,8.44546333468537,29.303453775478577,136.8993799833561,1.492361111111111,25.751723098591633,139.83716054816867,35.05761412051126,11.627862808061877,35.275036221870806,123.43553638657765,1.5030864197530864,25.720852795861074,140.66419916948178,34.64819296282663,142.39612625551993,56,155.55555555555557,1,9.333333333333334,76,185.3658536585366,2,11.121951219512196,-29.810298102981022,-1.7886178861788622,0
1426270,2024-04-17,1,3,33,177.21052631578948,182.66666666666666,0.6,0.5,1,1,0,1,2,0.43333333333333335,0.7272727272727273,0.07692307692307693,0.0,0.3,0.5,2,2,209.8,185.2,8.194965107359668,7.541540454940284,190.90322580645162,184.8,186.06666666666666,17.929936060526103,14.335774359219904,2024,25.132317925119242,152.8563098897786,28.466177125055633,8.835234216437827,31.39612884160756,138.4417345482254,1.5277777777777777,23.28992986031088,126.65992413771177,42.25243580578299,8.525201058931911,32.018040941033796,97.21293516679931,1.5609307359307358,30.8169487307118,147.52414757733249,38.810735864593774,137.3905501051752,30,76.92307692307693,4,4.615384615384616,67,176.3157894736842,4,10.578947368421051,99.39271255060726,5.9635627530364355,1
1426271,2024-04-18,7,9,29,167.66666666666666,167.66666666666666,0.6,0.3,0,0,0,16,14,0.549618320610687,0.46017699115044247,0.4375,0.3684210526315789,0.4,0.3,2,1,207.6,180.6,7.176359235003536,7.471884685926699,187.71875,198.66666666666666,192.13333333333333,17.791971541869962,13.326948087289077,2024,28.704505301384117,155.142335745106,35.67820348243969,10.426367751436576,33.21184647208584,124.26746455549299,1.4236111111111112,23.205320560198608,138.95166176238018,32.03105413105413,8.7197945084393,32.60910052667563,117.31872892147308,1.6126262626262624,31.04772004241782,128.61832896325035,30.55000655780707,137.23916029095065,54,150.0,1,9.0,40,102.56410256410255,4,6.153846153846153,47.435897435897445,2.8461538461538467,1
1426272,2024-04-19,6,0,4,160.0,160.0,0.5,0.2,1,1,0,1,1,0.3125,0.5849056603773585,0.4,0.6,0.6,0.7,3,3,174.2,181.0,7.4133771625965945,8.633005190279032,187.84848484848484,178.66666666666666,184.93333333333334,19.72668654377353,15.60422472887405,2024,34.63779382075131,145.8666429835256,36.80409546470546,8.80009375673449,31.93914208575113,147.86136078306882,1.5875000000000001,29.531805611945046,137.31864061524647,35.37837179353312,7.394381345283073,28.911012770875516,119.8633807902468,1.310813492063492,34.966505636070856,137.64854501709044,34.45731633272617,131.71087955418488,51,141.66666666666669,2,8.5,54,145.94594594594594,0,8.756756756756756,4.279279279279251,0.25675675675675613,1
1426273,2024-04-20,1,13,1,182.63636363636363,182.63636363636363,0.5,0.5,1,1,0,17,16,0.4380165289256198,0.464,0.07692307692307693,0.26666666666666666,0.4,0.4,3,4,190.6,214.6,7.228981446498258,7.541540454940284,187.5,182.26666666666668,193.13333333333333,13.877351699949216,17.442904814418156,2024,25.19570172335532,136.07285674419674,38.39777171411077,8.572647444556521,30.54541551502115,118.06408917879507,1.5404040404040407,27.003215769061118,149.53187338296445,35.714243888156936,9.805390804118245,45.581976787978085,129.30730349456036,1.629119318181818,30.8169487307118,147.52414757733249,34.13412295736763,143.25787811139153,125,347.22222222222223,0,20.833333333333336,88,220.00000000000003,2,13.200000000000001,-127.2222222222222,-7.633333333333335,0
1426274,2024-04-21,5,12,15,194.75,194.75,0.3,0.3,0,0,0,19,14,0.49606299212598426,0.4766355140186916,0.23529411764705882,0.17647058823529413,0.6,0.3,3,0,195.0,205.8,7.343088063238921,7.473946953725018,189.74285714285713,182.86666666666667,188.46666666666667,16.57883739912564,16.547028633402846,2024,27.738905769653055,154.41171610116402,32.096978557504876,8.44546333468537,29.303453775478577,136.8993799833561,1.492361111111111,25.73119684944685,139.7473236213927,36.08078403078403,9.313784337453459,47.18083020224884,130.59944504140563,1.640144927536232,25.720852795861074,140.66419916948178,37.310471530784035,139.3538685980196,75,208.33333333333334,3,12.5,74,200.0,2,12.0,8.333333333333343,0.5,1
1426275,2024-04-21,9,3,29,173.75,173.75,0.4,0.5,0,1,1,2,2,0.45614035087719296,0.7272727272727273,0.3684210526315789,0.0,0.3,0.4,1,2,183.8,161.8,7.471884685926699,8.194965107359668,189.74285714285713,193.33333333333334,183.33333333333334,16.29830058635807,16.21266389311229,2024,23.205320560198608,138.95166176238018,32.03105413105413,8.7197945084393,32.60910052667563,117.31872892147308,1.6126262626262624,27.951949188380596,141.37109758233265,42.25243580578299,8.5255306850019,31.700849890213064,116.24492915024237,1.5666666666666667,30.55000655780707,137.23916029095065,38.810735864593774,137.3905501051752,56,147.36842105263156,1,8.842105263157894,44,122.22222222222223,1,7.333333333333334,25.146198830409332,1.5087719298245599,0
1426276,2024-04-22,10,7,48,179.55555555555554,179.55555555555554,0.7,0.3,1,0,1,13,15,0.4727272727272727,0.549618320610687,0.5,0.4375,0.8,0.5,4,3,174.8,190.6,7.176359235003536,7.369295210659598,189.32432432432432,179.6,197.33333333333334,15.37576154624652,7.516253154725964,2024,35.05761412051126,147.07264243769745,35.05761412051126,17.68636919133208,31.396128841607563,153.3768953550192,1.3444444444444443,23.525356695694395,132.93522822999785,35.67820348243969,9.565226541484726,30.682533609483244,113.48163041544582,1.338888888888889,34.64819296282663,142.39612625551993,31.04772004241782,128.61832896325035,45,118.42105263157893,3,7.105263157894736,61,160.5263157894737,0,9.631578947368421,42.10526315789477,2.526315789473685,1
1426277,2024-04-23,0,6,28,163.57142857142858,162.26666666666668,0.5,0.2,0,0,0,1,2,0.5849056603773585,0.35294117647058826,0.6,0.4,0.7,0.6,2,3,175.0,169.6,7.4133771625965945,8.633005190279032,189.05263157894737,181.0,180.13333333333333,15.437338559446669,16.29647951711327,2024,31.664693897159214,134.22721240926526,35.37837179353312,8.564035366497569,40.0379253001437,130.33943990909935,1.5058531746031747,30.315101029552366,139.56362693396127,36.80409546470546,8.694971085357635,35.69211619743535,127.92865161015261,1.5685185185185186,34.45731633272617,131.71087955418488,34.966505636070856,137.64854501709044,49,136.11111111111111,2,8.166666666666668,45,125.0,2,7.5,11.111111111111114,0.6666666666666679,0
1426278,2024-04-24,1,3,1,189.58333333333334,189.58333333333334,0.6,0.5,0,0,0,2,2,0.4344262295081967,0.7391304347826086,0.07142857142857142,0.0,0.4,0.5,2,2,205.6,157.8,7.541540454940284,8.194965107359668,189.5897435897436,190.4,184.93333333333334,18.392548499076405,15.868257055855391,2024,28.644964676609813,157.1127096039279,34.21687740516767,8.778762979365146,29.193773394405042,138.904098110589,1.5805555555555555,27.0380962482575,139.30366758899308,42.25243580578299,8.542193574306324,30.4528387913005,113.75342908592972,1.575925925925926,30.8169487307118,147.52414757733249,38.810735864593774,137.3905501051752,44,118.91891891891892,3,7.135135135135135,67,181.08108108108107,1,10.864864864864865,-62.16216216216215,-3.72972972972973,1
1426279,2024-04-25,12,13,44,184.77777777777777,184.77777777777777,0.4,0.6,0,1,1,15,18,0.4722222222222222,0.464,0.16666666666666666,0.26666666666666666,0.2,0.5,0,4,213.8,212.4,7.473946953725018,7.228981446498258,190.45,190.66666666666666,201.93333333333334,14.768968007686725,14.748244788209869,2024,27.67899606180856,139.9281402198689,36.08078403078403,9.534000806326857,52.27243224417426,130.8163810398844,1.6403046162104133,23.874580337256617,140.60977770269875,35.714243888156936,9.474469722396396,42.351339006140044,130.02509687490237,1.6060732323232323,37.310471530784035,139.3538685980196,34.13412295736763,143.25787811139153,61,169.44444444444443,1,10.166666666666666,62,158.97435897435898,4,9.538461538461538,10.47008547008545,0.6282051282051277,1
1426280,2024-04-26,9,5,15,196.84615384615384,196.84615384615384,0.4,0.4,1,1,0,11,21,0.45614035087719296,0.49606299212598426,0.3684210526315789,0.23529411764705882,0.2,0.6,1,3,172.4,203.0,7.343088063238921,7.471884685926699,190.82926829268294,188.53333333333333,189.2,18.08755369007334,17.479607799162856,2024,31.251486568986568,152.54048713637752,34.16071225071225,8.913294372506655,36.547096631205676,132.64485751176926,1.5708333333333333,27.56767802246063,155.80088982990173,32.096978557504876,8.433450412926405,29.004500194603008,139.00466277841866,1.488888888888889,30.55000655780707,137.23916029095065,25.720852795861074,140.66419916948178,76,194.87179487179486,0,11.692307692307692,93,251.35135135135135,1,15.08108108108108,56.47955647955649,3.388773388773389,1
1426282,2024-04-27,10,6,4,161.6,161.6,0.3,0.3,1,1,0,3,1,0.4774774774774775,0.3888888888888889,0.5,0.5,0.8,0.6,4,3,185.6,175.4,8.633005190279032,7.369295210659598,192.5,178.93333333333334,185.13333333333333,17.321384601886432,9.898149391671929,2024,32.44971998745827,147.40341297687638,35.05761412051126,14.174042951810524,38.774045930428905,149.7839654958398,1.4333333333333333,29.397874420749528,140.29679462099512,36.80409546470546,8.509909361450413,32.53895676789465,127.42102340822836,1.4732426303854875,34.64819296282663,142.39612625551993,34.966505636070856,137.64854501709044,46,127.77777777777777,2,7.666666666666666,60,166.66666666666669,1,10.0,38.888888888888914,2.333333333333334,1
1426281,2024-04-27,1,7,1,192.23076923076923,192.23076923076923,0.6,0.6,0,0,0,15,19,0.4344262295081967,0.549618320610687,0.07142857142857142,0.4375,0.4,0.4,3,3,196.0,201.4,7.541540454940284,7.176359235003536,192.5,192.2,195.0,15.322143608263872,16.00494737320472,2024,28.34857715608436,157.51600073764996,34.21687740516767,8.778762979365146,29.193773394405042,133.64760460409545,1.5805555555555555,26.48395297132445,140.50363948657701,35.67820348243969,10.280284845567888,37.646485895162755,115.1484442506412,1.452222222222222,30.8169487307118,147.52414757733249,31.04772004241782,128.61832896325035,92,235.8974358974359,0,14.153846153846153,65,166.66666666666669,3,10.0,69.23076923076923,4.153846153846153,1
1426283,2024-04-28,12,3,33,172.8,177.53333333333333,0.5,0.5,1,1,0,1,2,0.4722222222222222,0.7083333333333334,0.16666666666666666,0.0,0.2,0.4,1,2,218.8,162.8,8.194965107359668,7.473946953725018,194.04545454545453,191.06666666666666,184.73333333333332,16.04527903796949,12.505055255322285,2024,33.943284030784035,140.5081292721444,33.943284030784035,11.192215256008359,50.59037628053585,131.2209375081229,1.9301127214170695,34.92362890549059,139.95927020584557,42.25243580578299,8.75697636293183,30.91690307328605,125.65552300402415,1.5355555555555553,37.310471530784035,139.3538685980196,38.810735864593774,137.3905501051752,42,105.0,1,6.300000000000001,63,165.78947368421052,1,9.947368421052632,60.78947368421052,3.647368421052631,1
1426284,2024-04-28,0,13,28,165.6818181818182,167.13333333333333,0.5,0.6,0,0,0,20,10,0.5849056603773585,0.4603174603174603,0.6,0.25,0.6,0.5,2,4,178.8,221.2,7.4133771625965945,7.228981446498258,194.04545454545453,181.53333333333333,206.06666666666666,14.38062740525927,15.85981789023687,2024,32.65337038150909,135.01350221326058,35.37837179353312,8.752635994437256,41.87845153664302,131.07516414822916,1.531468253968254,23.108204347000967,138.81521293130717,35.714243888156936,9.388568273723827,41.355410809364365,126.81675473475971,1.5979453627180897,34.45731633272617,131.71087955418488,34.13412295736763,143.25787811139153,50,135.13513513513513,1,8.108108108108109,53,147.22222222222223,3,8.833333333333334,-12.087087087087099,-0.7252252252252251,1
1426285,2024-04-29,1,5,15,201.42857142857142,201.42857142857142,0.6,0.5,0,1,1,14,17,0.4344262295081967,0.49606299212598426,0.07142857142857142,0.23529411764705882,0.5,0.6,4,2,200.6,200.8,7.541540454940284,7.343088063238921,194.56521739130434,200.66666666666666,190.93333333333334,16.997057954408316,16.877038760780174,2024,23.78517026967459,140.19650376155192,34.21687740516767,8.983965947052045,34.92587692080378,135.3559870048815,1.6344444444444446,28.877555555555556,151.62274151392654,32.096978557504876,8.248280622305632,33.74288563829787,150.21773237157885,1.4285714285714286,30.8169487307118,147.52414757733249,25.720852795861074,140.66419916948178,67,167.5,3,10.05,79,207.89473684210526,0,12.473684210526315,-40.39473684210526,-2.4236842105263143,0
1426286,2024-04-30,7,6,4,164.72727272727272,164.72727272727272,0.7,0.4,0,0,0,1,3,0.5454545454545454,0.3888888888888889,0.4117647058823529,0.5,0.3,0.5,2,2,206.0,182.0,7.176359235003536,8.633005190279032,193.68085106382978,202.86666666666667,181.06666666666666,16.52161150434662,13.332559017380794,2024,26.592395025731747,140.59741640708614,35.67820348243969,10.005701770269205,32.017507476106765,117.83557297690292,1.3691358024691356,25.702636325511435,133.40160936242566,35.96150287211287,8.509909361450413,32.53895676789465,122.1810451325358,1.4732426303854875,31.04772004241782,128.61832896325035,34.966505636070856,137.64854501709044,28,75.67567567567568,4,4.54054054054054,52,136.8421052631579,1,8.210526315789474,-61.16642958748221,-3.669985775248934,0
1426287,2024-05-01,0,9,28,167.69565217391303,173.26666666666668,0.6,0.4,0,0,0,15,12,0.5849056603773585,0.4608695652173913,0.6,0.4,0.6,0.3,3,1,188.2,184.8,7.4133771625965945,7.471884685926699,192.64583333333334,182.33333333333334,188.8,15.052000508072885,17.8103093692769,2024,29.680243111945043,135.7634200068606,35.37837179353312,8.383351933518368,37.11149666567457,124.43265607681244,1.490500992063492,29.86460388933559,149.3100914874878,34.16071225071225,9.019626323693398,36.21733832191369,124.8571630330454,1.6499999999999997,34.45731633272617,131.71087955418488,30.55000655780707,137.23916029095065,55,152.77777777777777,0,9.166666666666666,52,140.54054054054055,1,8.432432432432433,12.237237237237224,0.7342342342342327,0
1426288,2024-05-02,13,10,44,186.9,186.9,0.7,0.4,0,1,1,11,16,0.4566929133858268,0.48214285714285715,0.23529411764705882,0.5,0.5,0.9,3,4,230.6,188.2,7.228981446498258,7.369295210659598,192.0204081632653,207.06666666666666,178.53333333333333,12.549641239793312,15.125805080813542,2024,29.06635006784261,151.30337595361854,34.31428715010805,9.533345226627546,43.312996991188484,132.99091747052847,1.626590909090909,27.642563485915588,144.19952166607246,35.05761412051126,12.056390542373023,36.35749267268158,131.36497843489985,1.5173611111111112,34.13412295736763,143.25787811139153,34.64819296282663,142.39612625551993,37,100.0,2,6.0,60,153.84615384615387,2,9.230769230769232,-53.84615384615387,-3.2307692307692317,1
1426289,2024-05-03,7,5,57,176.52380952380952,188.2,0.5,0.6,1,1,0,23,9,0.5454545454545454,0.5,0.4117647058823529,0.23529411764705882,0.3,0.6,1,3,195.6,204.0,7.343088063238921,7.176359235003536,192.2,199.2,187.8,16.097860345674576,15.010498722112507,2024,24.88899305933076,136.13981227074484,35.67820348243969,9.661338741978428,30.342787746599083,121.7244790700592,1.337037037037037,26.22779128238911,145.02151284036324,32.096978557504876,8.457012879188321,29.02545282762054,126.14533620044813,1.5266666666666666,31.04772004241782,128.61832896325035,25.720852795861074,140.66419916948178,57,150.0,4,9.0,46,121.05263157894737,3,7.2631578947368425,-28.94736842105263,-1.7368421052631575,0
1426290,2024-05-04,3,12,24,199.54545454545453,199.54545454545453,0.5,0.5,0,0,0,2,2,0.7083333333333334,0.47706422018348627,0.0,0.21052631578947367,0.4,0.3,2,2,170.2,222.2,8.194965107359668,7.473946953725018,191.7450980392157,183.53333333333333,196.0,14.064413369218894,16.04763051795984,2024,26.512515523687505,134.16504629072466,42.25243580578299,8.827267121858258,30.995400590692732,105.2095284193053,1.5938888888888887,28.49598324129574,141.65672125491608,36.08078403078403,9.539327575820241,40.7327980978328,128.4514077778523,1.6326657273215246,38.810735864593774,137.3905501051752,37.310471530784035,139.3538685980196,23,60.526315789473685,3,3.6315789473684212,92,255.55555555555554,1,15.333333333333332,-195.02923976608184,-11.701754385964911,0
1426291,2024-05-05,9,0,19,200.0,200.0,0.5,0.4,1,1,0,13,15,0.46551724137931033,0.5849056603773585,0.4,0.6,0.4,0.5,2,2,180.8,193.2,7.4133771625965945,7.471884685926699,190.8846153846154,186.26666666666668,183.86666666666667,16.282531224796195,15.198510608430544,2024,22.668391655769707,137.8591965488242,34.20814814814815,8.615765983636003,31.950545748120852,121.45108839467129,1.6121212121212123,24.80434445921859,130.9468107020468,35.37837179353312,8.466693209154265,37.55939232925245,109.97011407629198,1.5398088023088023,30.55000655780707,137.23916029095065,34.45731633272617,131.71087955418488,60,162.16216216216216,1,9.72972972972973,47,123.6842105263158,2,7.421052631578948,-38.47795163584637,-2.308677098150782,0
1426292,2024-05-05,6,5,4,163.0,163.0,0.5,0.4,1,1,0,3,1,0.42105263157894735,0.5,0.5,0.23529411764705882,0.6,0.7,3,3,177.4,205.6,7.343088063238921,8.633005190279032,190.8846153846154,182.26666666666668,187.13333333333333,14.797652851373217,17.765732653174908,2024,22.73841411176142,124.97303459567492,35.96150287211287,8.691547886913021,32.36980588120202,111.22150071154898,1.5515451269074458,27.738905769653055,154.41171610116402,32.096978557504876,8.44546333468537,29.303453775478577,136.8993799833561,1.492361111111111,34.966505636070856,137.64854501709044,25.720852795861074,140.66419916948178,70,189.1891891891892,1,11.35135135135135,55,141.02564102564102,1,8.461538461538462,-48.16354816354817,-2.889812889812889,0
1426293,2024-05-06,13,7,57,176.34883720930233,186.6,0.7,0.6,0,0,0,14,17,0.4566929133858268,0.5413533834586466,0.23529411764705882,0.4117647058823529,0.6,0.3,3,1,234.4,188.2,7.228981446498258,7.176359235003536,191.25925925925927,209.06666666666666,195.93333333333334,12.973629252114707,15.321926251676109,2024,24.41091878696717,144.91755298254515,34.31428715010805,9.70334720226169,42.55515417665296,123.5212565424236,1.6011924803591466,32.16594474595085,148.6739702274613,34.726439075229734,11.170162964146947,31.276903073286054,137.76464874020013,1.2092592592592593,34.13412295736763,143.25787811139153,31.04772004241782,128.61832896325035,56,140.0,1,8.399999999999999,52,140.54054054054055,3,8.432432432432433,-0.5405405405405475,-0.032432432432434766,0
1426294,2024-05-07,1,10,1,196.85714285714286,196.85714285714286,0.6,0.5,0,0,0,13,15,0.4344262295081967,0.4778761061946903,0.07142857142857142,0.45454545454545453,0.5,0.8,3,4,197.8,189.2,7.541540454940284,7.369295210659598,190.92727272727274,198.8,177.8,11.945566703445934,15.518117772009768,2024,23.697808236146372,139.3886847891843,34.21687740516767,9.193186345788197,30.584307689781983,130.35633957733347,1.641358024691358,24.848676459695938,142.66094841397336,35.05761412051126,11.668654007764646,34.97559406450189,122.37226478163939,1.5240740740740744,30.8169487307118,147.52414757733249,34.64819296282663,142.39612625551993,78,216.66666666666666,2,13.0,67,171.7948717948718,2,10.307692307692307,44.87179487179486,2.6923076923076934,1
1426295,2024-05-08,6,13,44,188.1818181818182,188.1818181818182,0.4,0.6,0,1,1,3,0,0.4,0.4566929133858268,0.42857142857142855,0.23529411764705882,0.6,0.6,3,2,192.2,211.6,8.633005190279032,7.228981446498258,191.46428571428572,182.8,206.33333333333334,13.865303416041705,19.54132395868563,2024,31.254837230711846,142.4093464951678,36.80409546470546,8.52157797199053,28.795449562543762,138.6546400310168,1.4613756613756614,30.91587516960651,166.52291578986623,30.91587516960651,10.270914542728637,51.38636363636364,137.74468739371486,1.6643939393939393,34.966505636070856,137.64854501709044,34.13412295736763,143.25787811139153,27,75.0,2,4.5,107,281.57894736842104,0,16.894736842105264,-206.57894736842104,-12.394736842105264,0
1426296,2024-05-09,12,9,19,189.0,189.0,0.5,0.4,0,0,0,15,17,0.4818181818181818,0.46153846153846156,0.21052631578947367,0.4,0.4,0.3,3,2,212.4,184.8,7.473946953725018,7.471884685926699,191.0,193.73333333333332,183.13333333333333,16.06857979696289,14.450115844337189,2024,27.67899606180856,139.9281402198689,36.08078403078403,9.534000806326857,52.27243224417426,130.8163810398844,1.6403046162104133,22.795819783197828,137.76741611142725,34.4577207977208,8.708183423050032,32.75577222689812,107.52991865531972,1.5843434343434344,37.310471530784035,139.3538685980196,30.55000655780707,137.23916029095065,56,155.55555555555557,2,9.333333333333334,75,202.7027027027027,2,12.162162162162163,-47.14714714714714,-2.8288288288288292,1
1426297,2024-05-10,0,3,33,174.0952380952381,180.4,0.5,0.5,1,1,0,3,3,0.5849056603773585,0.7083333333333334,0.6,0.0,0.5,0.3,2,1,185.4,160.4,8.194965107359668,7.4133771625965945,191.86206896551724,183.86666666666667,180.8,15.138482339861211,18.291887067096305,2024,26.493301632413175,133.42804018319012,35.37837179353312,7.820832420664523,35.734356211044336,113.4123871063567,1.4196230158730156,37.592552660788854,143.05778340948086,42.25243580578299,8.813832006915257,30.797096631205672,136.06471400034042,1.5402777777777776,34.45731633272617,131.71087955418488,38.810735864593774,137.3905501051752,58,156.75675675675674,0,9.405405405405405,43,113.1578947368421,3,6.789473684210526,-43.59886201991465,-2.6159317211948796,0
1426298,2024-05-11,7,5,15,198.2,198.2,0.5,0.5,1,1,0,23,10,0.5447761194029851,0.5,0.4117647058823529,0.23529411764705882,0.4,0.7,1,4,184.4,208.0,7.343088063238921,7.176359235003536,192.52542372881356,195.66666666666666,191.4,17.00825440853298,15.012408659857902,2024,26.811225698597173,143.18083059574252,35.67820348243969,9.774525012522442,30.75276544599018,128.66676824690637,1.3307407407407408,25.752530587048668,146.73916394398958,32.096978557504876,8.418314258276217,28.28469673255448,129.8477824495926,1.5135802469135802,31.04772004241782,128.61832896325035,25.720852795861074,140.66419916948178,52,140.54054054054055,3,8.432432432432433,62,158.97435897435898,0,9.538461538461538,18.43381843381843,1.106029106029105,0
1426299,2024-05-12,10,0,28,167.45833333333334,175.33333333333334,0.5,0.5,0,1,1,13,15,0.47368421052631576,0.5794392523364486,0.4166666666666667,0.5454545454545454,0.7,0.4,3,2,204.0,196.4,7.369295210659598,7.4133771625965945,191.93333333333334,184.66666666666666,189.66666666666666,17.860298250513132,11.191740504463388,2024,27.93446095220028,145.52892928826887,35.05761412051126,12.350160619854885,36.55142019735037,139.70963521811683,1.4563492063492063,28.35419946667192,138.21979284585856,32.830601092896174,8.148180240164118,41.69885333219951,116.86845102126914,1.4510487528344669,34.64819296282663,142.39612625551993,34.45731633272617,131.71087955418488,42,116.66666666666667,0,7.0,56,147.36842105263156,1,8.842105263157894,-30.70175438596489,-1.8421052631578938,0
1426300,2024-05-12,1,12,24,195.16666666666666,195.16666666666666,0.6,0.7,1,1,0,11,17,0.4344262295081967,0.4818181818181818,0.07142857142857142,0.21052631578947367,0.6,0.4,3,4,224.2,203.2,7.473946953725018,7.541540454940284,191.93333333333334,202.4,196.53333333333333,14.124024796493838,15.946511986243024,2024,22.81387113912654,132.92325609490064,36.45540411286466,8.631265129925989,31.101194592198585,117.7062331639512,1.5133333333333332,26.167996499385385,137.63857285080624,36.08078403078403,9.411145761220812,49.49383535492866,132.39233870211945,1.648172004532713,30.8169487307118,147.52414757733249,37.310471530784035,139.3538685980196,61,164.86486486486487,2,9.891891891891891,54,150.0,4,9.0,-14.86486486486487,-0.8918918918918912,0
1426302,2024-05-14,6,1,1,198.46666666666667,198.46666666666667,0.6,0.3,1,1,0,3,1,0.4,0.43089430894308944,0.42857142857142855,0.07142857142857142,0.5,0.5,2,3,190.0,208.4,7.541540454940284,8.633005190279032,191.03225806451613,181.66666666666666,203.73333333333332,14.885660126694399,17.767251248972602,2024,24.55209088482959,130.67768204363668,36.80409546470546,8.865524471420889,32.47650784219558,109.13588935501978,1.5820722755505365,28.34857715608436,157.51600073764996,34.21687740516767,8.778762979365146,29.193773394405042,133.64760460409545,1.5805555555555555,34.966505636070856,137.64854501709044,30.8169487307118,147.52414757733249,73,178.0487804878049,1,10.682926829268293,59,155.26315789473685,4,9.31578947368421,-22.78562259306804,-1.3671373555840827,0
1426303,2024-05-15,9,10,3,198.0,198.0,0.5,0.5,1,0,1,10,16,0.4576271186440678,0.47368421052631576,0.38095238095238093,0.4166666666666667,0.3,0.6,2,2,194.6,187.6,7.369295210659598,7.471884685926699,191.3015873015873,187.26666666666668,179.8,12.64227178116016,15.836200029828937,2024,28.704753693847767,152.47896505388817,34.20814814814815,8.87960559892332,34.839849898969085,131.27140175417486,1.6119047619047617,24.476584712330677,140.61921045053867,32.431827956989245,12.061041535360461,35.42302721736368,118.31956797388142,1.525,30.55000655780707,137.23916029095065,34.64819296282663,142.39612625551993,38,105.55555555555556,1,6.333333333333334,39,108.33333333333333,3,6.5,2.7777777777777715,0.16666666666666607,1
1426305,2024-05-17,7,6,57,176.27272727272728,186.93333333333334,0.4,0.5,1,1,0,1,4,0.5407407407407407,0.38095238095238093,0.4117647058823529,0.375,0.4,0.4,1,1,180.0,189.6,8.633005190279032,7.176359235003536,190.5625,192.8,183.73333333333332,17.927275850894908,12.078676051516164,2024,28.592694825675615,156.84464029848948,31.127451769567205,11.549872560773899,29.820179805419166,131.84922500890855,1.4050925925925926,27.504390118155836,139.50716909788335,35.96150287211287,8.748938857359077,33.700753838574485,123.95012625143059,1.5043650793650793,31.04772004241782,128.61832896325035,34.966505636070856,137.64854501709044,49,125.64102564102564,2,7.538461538461538,53,135.8974358974359,0,8.153846153846153,10.256410256410277,0.615384615384615,0
1426306,2024-05-18,0,12,24,194.53846153846155,194.53846153846155,0.6,0.4,1,1,0,21,10,0.5833333333333334,0.4818181818181818,0.5454545454545454,0.21052631578947367,0.5,0.5,3,5,182.6,196.2,7.473946953725018,7.4133771625965945,190.92307692307693,184.2,197.6,13.968359292114739,18.2465958674514,2024,26.8945181536617,132.7244358655539,35.37837179353312,7.895030524942426,36.89725215861294,118.55303899078298,1.4248897707231039,29.485290371004655,144.05743134981714,36.08078403078403,9.501791376491726,55.82983047915585,117.86494839481686,1.6261904761904762,34.45731633272617,131.71087955418488,37.310471530784035,139.3538685980196,42,113.51351351351352,0,6.8108108108108105,58,156.75675675675674,2,9.405405405405405,43.24324324324323,2.5945945945945947,0
1426307,2024-05-19,13,9,44,186.25,186.25,0.4,0.5,1,0,1,18,14,0.4609375,0.46218487394957986,0.23529411764705882,0.38095238095238093,0.6,0.4,2,3,191.4,195.0,7.471884685926699,7.228981446498258,191.33333333333334,205.2,185.73333333333332,13.159315132393372,14.868151784127175,2024,27.589837851059716,149.53967457694375,34.31428715010805,10.444961115004968,45.62616668201775,117.67114487161889,1.7483585858585857,28.670848595848593,155.2972672372001,32.67777777777778,11.36378854617079,34.8301073680063,137.70218313842346,1.4111111111111112,34.13412295736763,143.25787811139153,30.55000655780707,137.23916029095065,61,169.44444444444443,0,10.166666666666666,84,215.3846153846154,2,12.923076923076923,45.94017094017096,2.7564102564102573,1
1426309,2024-05-21,5,13,33,176.6818181818182,187.13333333333333,0.6,0.5,1,0,1,23,11,0.5,0.46511627906976744,0.23529411764705882,0.2777777777777778,0.7,0.7,4,3,195.0,193.0,7.228981446498258,7.343088063238921,191.67164179104478,189.93333333333334,206.93333333333334,14.53715865292085,17.277517181024404,2024,25.553235294117645,143.04311380268632,27.825366357069143,8.177962331132509,34.329574837470446,129.79319629695948,1.4065476190476192,24.005024087879395,141.29488468191232,34.31428715010805,9.83982614607743,46.82034582969474,116.17160238693418,1.6799621212121214,25.720852795861074,140.66419916948178,34.13412295736763,143.25787811139153,45,112.5,4,6.75,63,165.78947368421052,1,9.947368421052632,53.28947368421052,3.197368421052632,1
1426310,2024-05-22,10,12,33,175.91304347826087,185.86666666666667,0.7,0.5,1,1,0,13,15,0.47368421052631576,0.4818181818181818,0.4166666666666667,0.21052631578947367,0.5,0.6,1,5,180.6,198.6,7.473946953725018,7.369295210659598,191.19117647058823,179.46666666666667,199.73333333333332,15.879589765238666,10.230856856079054,2024,28.137944254298485,147.6880917928145,32.401524926686214,13.478369126508769,38.14503827535742,137.14037634612762,1.5185185185185184,25.630781399670287,137.8952651867065,36.08078403078403,9.30049793327232,50.278049447069584,123.15421912189461,1.6202331961591223,34.64819296282663,142.39612625551993,37.310471530784035,139.3538685980196,50,138.88888888888889,1,8.333333333333332,47,130.55555555555557,1,7.833333333333334,-8.333333333333314,-0.4999999999999982,1
1426311,2024-05-24,13,10,28,166.4,170.26666666666668,0.6,0.5,0,0,0,12,16,0.46511627906976744,0.4782608695652174,0.2777777777777778,0.4166666666666667,0.6,0.5,3,1,182.4,175.8,7.228981446498258,7.369295210659598,190.91304347826087,205.13333333333333,179.53333333333333,12.091197205016964,13.98403544241221,2024,25.70500959003881,145.2775654571291,35.714243888156936,9.915081874063826,42.69246704181595,133.96992573025756,1.632739898989899,24.11101867459483,138.65285634132744,32.401524926686214,12.015151435694847,35.75989964440371,121.06956797388142,1.501388888888889,34.13412295736763,143.25787811139153,34.64819296282663,142.39612625551993,68,188.88888888888889,3,11.333333333333332,51,137.83783783783784,1,8.27027027027027,51.05105105105105,3.063063063063062,1
1426312,2024-05-26,5,13,28,166.73076923076923,170.26666666666668,0.6,0.4,1,0,1,24,11,0.5038759689922481,0.46511627906976744,0.23529411764705882,0.2777777777777778,0.7,0.6,5,3,174.6,177.2,7.228981446498258,7.343088063238921,190.68571428571428,190.6,203.46666666666667,14.740537869794133,17.163018935122263,2024,25.553235294117645,143.04311380268632,27.825366357069143,8.177962331132509,34.329574837470446,129.79319629695948,1.4065476190476192,24.154431322639706,140.35852233994385,35.714243888156936,9.704063383996724,41.355410809364365,127.60669238881222,1.641884756657484,25.720852795861074,140.66419916948178,34.13412295736763,143.25787811139153,40,100.0,3,6.0,72,180.0,1,10.8,80.0,4.800000000000001,1
1473438,2025-03-22,12,5,15,195.625,196.13333333333333,0.4,0.7,1,1,0,14,20,0.4818181818181818,0.5076923076923077,0.21052631578947367,0.23529411764705882,0.6,0.8,4,5,193.0,166.6,7.343088063238921,7.473946953725018,190.42857142857142,198.06666666666666,188.53333333333333,17.621303037373846,16.50134403026345,2025,30.685991785991785,149.5994759001328,33.79930254930255,8.564843572113912,44.633831151118386,124.72473377556969,1.5133333333333332,24.51023356119445,141.3314303488422,30.44206032379685,8.489694296888276,29.200650136222105,121.0284495154137,1.509801587301587,37.310471530784035,139.3538685980196,25.720852795861074,140.66419916948178,60,166.66666666666669,1,10.0,80,216.21621621621622,0,12.972972972972974,49.54954954954954,2.9729729729729737,1
1473439,2025-03-23,13,10,44,188.3846153846154,188.3846153846154,0.5,0.4,0,0,0,13,16,0.46511627906976744,0.47413793103448276,0.2777777777777778,0.4166666666666667,0.5,0.5,3,1,165.2,170.6,7.228981446498258,7.369295210659598,174.0,197.13333333333333,178.73333333333332,12.743872271877406,13.354548871002901,2025,27.463321503988578,151.99848027947246,35.17385071840518,11.110741886568706,38.774085709641525,139.43577628694894,1.455508207070707,26.694805085468815,148.37894551728075,32.401524926686214,11.927181710295054,35.052150743922404,133.71368774300117,1.45,34.13412295736763,143.25787811139153,34.64819296282663,142.39612625551993,94,235.0,1,14.100000000000001,77,202.6315789473684,3,12.157894736842104,32.36842105263159,1.942105263157897,1
1473440,2025-03-23,0,7,28,164.74074074074073,168.86666666666667,0.5,0.5,1,1,0,17,20,0.5779816513761468,0.5367647058823529,0.5,0.3888888888888889,0.5,0.3,2,1,183.8,171.4,7.176359235003536,7.4133771625965945,174.0,187.26666666666668,194.93333333333334,16.297074842224394,16.1768370945176,2025,28.524379845523388,136.83029584532355,35.37837179353312,8.544662414969144,36.36476432110288,106.49756314643076,1.5344246031746032,24.86574819863491,138.2256119146032,34.78076758500379,8.396003403678764,32.41689908909058,115.89226011179792,1.4958856682769723,34.45731633272617,131.71087955418488,31.04772004241782,128.61832896325035,52,140.54054054054055,3,8.432432432432433,62,163.1578947368421,1,9.789473684210526,22.617354196301562,1.3570412517780923,1
1473441,2025-03-24,6,1,12,231.5,231.5,0.5,0.6,0,0,0,3,2,0.38095238095238093,0.43089430894308944,0.375,0.07142857142857142,0.4,0.6,2,3,193.2,205.2,8.633005190279032,7.541540454940284,205.0,186.26666666666668,203.4,14.304451636781385,16.289941369895278,2025,24.950682523609238,133.410109850955,34.04133903620613,8.592333264441557,31.073860968849203,119.61453107440983,1.564373897707231,23.848256717978277,139.96860510835384,35.193028322440085,9.326474949093074,28.882112967731686,108.41550400911014,1.694949494949495,34.966505636070856,137.64854501709044,30.8169487307118,147.52414757733249,64,172.97297297297297,1,10.378378378378379,58,152.63157894736844,4,9.157894736842106,20.34139402560453,1.2204836415362728,0
1473442,2025-03-25,9,3,33,175.75,183.73333333333332,0.4,0.5,0,0,0,2,3,0.46218487394957986,0.7083333333333334,0.38095238095238093,0.0,0.3,0.4,2,2,185.6,188.8,7.471884685926699,8.194965107359668,206.0,185.8,183.06666666666666,17.30491642195537,16.27170329884364,2025,28.094217916586338,151.3997010326404,35.32846003898635,8.772047786234655,36.30088026270563,128.7645029950426,1.5428571428571427,31.322471695109364,142.73615890088848,43.687210733349936,8.748941476571025,37.13256712259372,130.30851040636992,1.5532879818594105,30.55000655780707,137.23916029095065,38.810735864593774,137.3905501051752,73,197.2972972972973,1,11.837837837837839,61,164.86486486486487,1,9.891891891891891,32.43243243243242,1.9459459459459474,1
1473443,2025-03-26,5,10,3,180.0,180.0,0.5,0.4,1,1,0,14,12,0.5076923076923077,0.4700854700854701,0.23529411764705882,0.38461538461538464,0.7,0.4,4,1,167.6,183.6,7.369295210659598,7.343088063238921,213.4,188.4,184.93333333333334,12.32098600771827,18.128812767377287,2025,28.15456403369731,135.86179877664017,29.911967731204257,7.303039264039912,23.26513759153549,106.35312639397955,1.3097222222222222,21.662509759128838,132.39543145058437,32.401524926686214,11.026860893400242,33.71189252481085,111.925417037645,1.5025252525252526,25.720852795861074,140.66419916948178,34.64819296282663,142.39612625551993,54,145.94594594594594,1,8.756756756756756,40,105.26315789473684,0,6.315789473684211,-40.6827880512091,-2.4409672830725455,1
1473444,2025-03-27,6,13,44,195.35714285714286,195.35714285714286,0.5,0.6,1,1,0,3,1,0.38095238095238093,0.46511627906976744,0.375,0.2777777777777778,0.4,0.5,1,3,206.2,189.4,7.228981446498258,8.633005190279032,203.0,188.06666666666666,197.73333333333332,13.914503511539838,14.993328164655468,2025,29.573061037904097,146.14357989756328,34.04133903620613,9.064276912116272,33.389203222979816,128.74836741106864,1.5359410430839,21.69843295528174,135.9036783186692,35.17385071840518,10.502967624849909,36.413541147622624,121.42738341005443,1.5474403122130396,34.966505636070856,137.64854501709044,34.13412295736763,143.25787811139153,62,158.97435897435898,2,9.538461538461538,77,202.6315789473684,1,12.157894736842104,43.65721997300943,2.619433198380566,1
1473445,2025-03-28,12,0,28,164.39285714285714,165.86666666666667,0.6,0.5,0,0,0,11,21,0.4864864864864865,0.5818181818181818,0.21052631578947367,0.5,0.7,0.5,4,3,198.4,182.4,7.473946953725018,7.4133771625965945,201.14285714285714,198.13333333333333,183.33333333333334,17.36656888312389,15.27292230586221,2025,26.917241514287927,144.66742003377846,34.35841935841936,8.31498535016313,38.49582121732374,124.79230413403836,1.50679012345679,24.413052263515482,126.99412522742398,35.37837179353312,8.330224640651974,34.417836412319026,101.3528124219065,1.5192063492063492,37.310471530784035,139.3538685980196,34.45731633272617,131.71087955418488,56,147.36842105263156,1,8.842105263157894,30,81.08108108108108,3,4.864864864864865,66.28733997155048,3.977240398293029,1
1473446,2025-03-29,3,7,33,178.44,188.13333333333333,0.6,0.4,0,0,0,3,2,0.68,0.5367647058823529,0.0,0.3888888888888889,0.3,0.2,1,1,209.0,173.6,8.194965107359668,7.176359235003536,200.5,187.8,189.73333333333332,17.19292297964634,17.120491919565467,2025,27.791297447712555,138.79689334637646,43.687210733349936,8.423302280939584,31.39855885331813,122.06012517700225,1.5799603174603174,28.983652343133365,144.2110786368835,34.78076758500379,8.072908458363345,31.245919777621907,124.12799742404216,1.4216931216931215,38.810735864593774,137.3905501051752,31.04772004241782,128.61832896325035,66,173.6842105263158,0,10.421052631578949,48,120.0,2,7.199999999999999,53.68421052631581,3.2210526315789494,1
1473447,2025-03-30,1,13,12,224.0,224.0,0.5,0.6,1,0,1,17,17,0.43548387096774194,0.46511627906976744,0.13333333333333333,0.2777777777777778,0.7,0.5,3,2,195.6,184.6,7.228981446498258,7.541540454940284,200.0,202.46666666666667,199.6,14.174695265129866,13.358203784285108,2025,34.598785509206174,157.0811784170854,40.900274699251675,10.555570110036712,28.56690307328605,113.29426250078423,1.8266666666666667,23.1887910820035,141.00345658917917,35.17385071840518,11.081802852122637,35.87104046380182,125.56266479533583,1.6267332415059685,30.8169487307118,147.52414757733249,34.13412295736763,143.25787811139153,58,145.0,4,8.7,52,140.54054054054055,0,8.432432432432433,-4.4594594594594525,-0.26756756756756594,1
1473448,2025-03-30,10,0,3,172.75,172.75,0.4,0.5,0,0,0,13,16,0.4700854700854701,0.5765765765765766,0.38461538461538464,0.5,0.3,0.4,1,2,185.6,188.2,7.369295210659598,7.4133771625965945,200.0,182.66666666666666,184.86666666666667,14.548352258532661,12.279497003149551,2025,21.650703383686096,128.6895056212726,32.401524926686214,11.026368542858092,33.97891111496774,107.42433478656272,1.5085858585858583,29.019186073229932,135.39825947764842,35.37837179353312,8.84564130249154,33.829770068488386,114.23822486100804,1.5427579365079365,34.64819296282663,142.39612625551993,34.45731633272617,131.71087955418488,79,219.44444444444446,1,13.166666666666668,42,116.66666666666667,1,7.0,102.77777777777779,6.166666666666668,1
1473449,2025-03-31,7,5,57,177.11111111111111,190.6,0.3,0.4,1,1,0,23,11,0.5328467153284672,0.5114503816793893,0.3888888888888889,0.23529411764705882,0.2,0.8,1,4,179.0,150.8,7.343088063238921,7.176359235003536,195.0,191.6,184.6,17.202970321190797,16.603666192298512,2025,30.620710209505944,146.1102955367497,31.277478111319578,8.404268695736784,30.30431442080378,141.75887899522354,1.4809178743961353,24.942636570782835,139.54167201439753,30.44206032379685,8.49331788689826,29.400239109438964,119.8675288447063,1.5104256854256854,31.04772004241782,128.61832896325035,25.720852795861074,140.66419916948178,41,110.8108108108108,4,6.648648648648649,55,141.02564102564102,1,8.461538461538462,30.214830214830215,1.8128898128898125,1
1473450,2025-04-01,6,9,4,168.53846153846155,168.53846153846155,0.7,0.5,0,0,0,3,1,0.4090909090909091,0.46218487394957986,0.375,0.38095238095238093,0.5,0.4,2,2,197.2,201.8,8.633005190279032,7.471884685926699,188.41666666666666,187.86666666666667,189.53333333333333,18.57529470244236,16.923485372669035,2025,27.834603029480967,147.78417837680922,34.04133903620613,9.031407487878404,32.568573419021426,124.35984131972006,1.5933862433862431,29.188118533513276,152.84289251572378,30.23159394212026,7.955953364087296,31.396128841607563,121.36197946788555,1.3555555555555556,34.966505636070856,137.64854501709044,30.55000655780707,137.23916029095065,39,105.40540540540539,3,6.324324324324324,62,167.56756756756758,1,10.054054054054054,-62.16216216216219,-3.7297297297297307,0
1473451,2025-04-02,3,12,24,196.21428571428572,196.21428571428572,0.6,0.6,1,1,0,2,3,0.68,0.4864864864864865,0.0,0.21052631578947367,0.4,0.8,2,4,203.4,189.4,7.473946953725018,8.194965107359668,187.07692307692307,185.33333333333334,199.46666666666667,17.176466502446836,17.317792569808873,2025,38.279296938901346,142.82206733541318,43.687210733349936,8.353687079379025,38.547096631205676,131.4682593852032,1.4946428571428572,26.917241514287927,144.66742003377846,34.35841935841936,8.31498535016313,38.49582121732374,124.79230413403836,1.50679012345679,38.810735864593774,137.3905501051752,37.310471530784035,139.3538685980196,38,102.7027027027027,3,6.162162162162161,42,113.51351351351352,1,6.8108108108108105,10.810810810810821,0.6486486486486491,1
1473452,2025-04-03,5,13,15,194.35294117647058,193.93333333333334,0.2,0.4,0,0,0,25,11,0.5114503816793893,0.46511627906976744,0.23529411764705882,0.2777777777777778,0.7,0.5,3,2,142.6,185.4,7.343088063238921,7.228981446498258,185.78571428571428,180.2,199.46666666666667,13.961043894483803,16.66439856674809,2025,28.174174104118233,146.68553891500875,30.44206032379685,8.147196192021374,28.1949763850792,135.9045362073422,1.4402494331065758,22.094692198430934,135.7681245453365,35.17385071840518,10.506774423434496,36.28662034384011,124.20721843988946,1.5394316542043815,25.720852795861074,140.66419916948178,34.13412295736763,143.25787811139153,53,143.24324324324326,2,8.594594594594595,33,89.1891891891892,3,5.351351351351351,54.05405405405406,3.243243243243244,1
1473453,2025-04-04,6,7,4,168.71428571428572,168.71428571428572,0.7,0.3,0,0,0,5,1,0.4090909090909091,0.5362318840579711,0.375,0.3888888888888889,0.4,0.2,2,1,198.4,167.6,8.633005190279032,7.176359235003536,186.73333333333332,186.0,180.86666666666667,17.621406102472577,15.947116208881681,2025,27.023869999260143,145.28218330335594,34.04133903620613,9.228928990746194,34.851716077119285,121.30600004489092,1.6490476190476187,29.0246656996955,147.17480309894668,34.78076758500379,8.244641912144028,30.792348349050478,130.1628032632939,1.4401541292845639,34.966505636070856,137.64854501709044,31.04772004241782,128.61832896325035,69,181.57894736842107,0,10.894736842105264,64,177.77777777777777,2,10.666666666666666,3.8011695906432976,0.22807017543859764,1
1473454,2025-04-05,1,0,28,165.48275862068965,169.66666666666666,0.6,0.5,0,1,1,11,19,0.44,0.5714285714285714,0.13333333333333333,0.5,0.7,0.4,4,2,197.6,178.4,7.541540454940284,7.4133771625965945,187.75,201.73333333333332,183.26666666666668,20.173311684398925,15.69312658624797,2025,29.822815979328897,158.51035929845568,38.58175618073316,8.759897605439608,29.922118878277452,127.5131705440529,1.5666666666666667,32.667610668870886,137.47018200473426,39.619901848177925,7.857428754300169,34.17743310089993,116.80367836629594,1.3607709750566894,30.8169487307118,147.52414757733249,34.45731633272617,131.71087955418488,51,141.66666666666669,1,8.5,46,117.94871794871796,3,7.076923076923077,23.71794871794873,1.4230769230769234,1
1473455,2025-04-05,10,9,29,167.4,167.4,0.4,0.5,0,0,0,16,11,0.4700854700854701,0.4666666666666667,0.38461538461538464,0.38095238095238093,0.3,0.5,2,3,193.2,202.6,7.369295210659598,7.471884685926699,187.75,186.46666666666667,189.33333333333334,16.29398775770615,10.48944163002017,2025,29.85762371184202,146.05185685626418,32.401524926686214,13.1873369776086,36.82837160869075,142.35899106474233,1.4259259259259258,24.23475554217181,138.32780148203202,35.32846003898635,8.96354281272795,33.31430031273751,119.24534545730172,1.5368686868686867,34.64819296282663,142.39612625551993,30.55000655780707,137.23916029095065,53,143.24324324324326,0,8.594594594594595,43,113.1578947368421,3,6.789473684210526,30.08534850640116,1.805120910384069,1
1473457,2025-04-06,3,13,44,195.0,195.0,0.4,0.6,1,1,0,3,1,0.6923076923076923,0.46153846153846156,0.0,0.2631578947368421,0.5,0.4,3,1,197.2,190.4,7.228981446498258,8.194965107359668,188.44444444444446,182.33333333333334,200.66666666666666,13.029903521881806,16.737737259894864,2025,33.81718755112108,139.4922217695651,43.687210733349936,8.21822817809208,38.258190125477356,131.75440466840598,1.5157142857142858,23.33987570398831,137.5545439867697,35.17385071840518,10.705545250991953,37.49872608683339,130.33501099094912,1.5283748196248195,38.810735864593774,137.3905501051752,34.13412295736763,143.25787811139153,45,118.42105263157893,2,7.105263157894736,48,129.72972972972974,2,7.783783783783784,11.30867709815081,0.6785206258890479,1
1473458,2025-04-07,7,12,57,175.7826086956522,187.86666666666667,0.5,0.4,1,1,0,19,13,0.5323741007194245,0.4864864864864865,0.3684210526315789,0.21052631578947367,0.2,0.8,1,3,176.8,185.8,7.473946953725018,7.176359235003536,186.52631578947367,186.06666666666666,198.6,15.861266718371926,19.06862205079298,2025,24.143006036539415,135.68934238581622,34.78076758500379,8.07916894126301,29.556568913986396,115.44340382079113,1.406865759039672,30.196953839810984,154.0586190254496,34.35841935841936,8.554760776366543,40.85163049125815,136.67054188542468,1.5142857142857142,31.04772004241782,128.61832896325035,37.310471530784035,139.3538685980196,73,197.2972972972973,1,11.837837837837839,54,150.0,2,9.0,-47.29729729729729,-2.8378378378378386,0
1473456,2025-04-08,5,6,15,194.66666666666666,193.66666666666666,0.7,0.2,1,1,0,2,3,0.5114503816793893,0.4090909090909091,0.23529411764705882,0.375,0.8,0.4,3,3,150.8,197.4,8.633005190279032,7.343088063238921,188.25,175.4,187.46666666666667,15.469005687005897,17.729338217948097,2025,25.041673653852417,143.394452871794,30.44206032379685,8.312838624449505,26.022944595802343,124.05145184252316,1.4864197530864198,29.386864892318073,147.3811275240877,33.36708737698902,9.269791205277441,37.965658743850234,117.58306102848982,1.6088888888888888,25.720852795861074,140.66419916948178,34.966505636070856,137.64854501709044,59,163.88888888888889,0,9.833333333333332,90,214.28571428571428,1,12.857142857142858,50.39682539682539,3.0238095238095255,0
1473459,2025-04-08,0,9,29,173.66666666666666,173.66666666666666,0.5,0.4,1,0,1,16,13,0.5663716814159292,0.4628099173553719,0.5,0.36363636363636365,0.4,0.5,1,3,186.8,195.4,7.471884685926699,7.4133771625965945,188.25,182.73333333333332,191.26666666666668,16.020945388340085,18.744344234520053,2025,32.667610668870886,137.47018200473426,39.619901848177925,7.857428754300169,34.17743310089993,116.80367836629594,1.3607709750566894,27.961046446243813,147.28234936881844,35.32846003898635,8.580653555238005,34.82667522395727,122.43979963748953,1.4541666666666668,34.45731633272617,131.71087955418488,30.55000655780707,137.23916029095065,75,197.36842105263156,3,11.842105263157894,59,159.45945945945945,0,9.567567567567567,-37.90896159317211,-2.274537695590327,0
1473460,2025-04-09,3,10,33,179.1153846153846,187.4,0.5,0.4,0,0,0,5,1,0.7037037037037037,0.4700854700854701,0.0,0.38461538461538464,0.5,0.3,4,2,198.2,199.8,8.194965107359668,7.369295210659598,191.9090909090909,181.26666666666668,187.93333333333334,13.250056689472343,15.851852153510233,2025,30.478934280143385,145.3943454631846,43.687210733349936,8.282968378505545,34.64914337334718,129.02279612065564,1.5326530612244897,22.293191577310655,131.3003901282703,32.401524926686214,10.97311120024911,34.04488294118424,112.89511400734199,1.515151515151515,38.810735864593774,137.3905501051752,34.64819296282663,142.39612625551993,56,140.0,1,8.399999999999999,57,142.5,2,8.55,-2.5,-0.15000000000000213,1
1473461,2025-04-10,1,12,24,194.4,194.4,0.5,0.6,1,1,0,11,18,0.44,0.4864864864864865,0.13333333333333333,0.21052631578947367,0.7,0.8,4,3,190.0,186.4,7.473946953725018,7.541540454940284,193.0,201.6,201.26666666666668,18.4284130268773,14.432339134051702,2025,32.4611091364597,153.23198434524016,40.900274699251675,10.023837348198791,29.193773394405042,117.45367418410895,1.7722222222222221,26.917241514287927,144.66742003377846,34.35841935841936,8.31498535016313,38.49582121732374,124.79230413403836,1.50679012345679,30.8169487307118,147.52414757733249,37.310471530784035,139.3538685980196,64,164.1025641025641,2,9.846153846153847,39,102.63157894736842,3,6.157894736842106,-61.47098515519566,-3.6882591093117405,1
1473462,2025-04-11,5,0,28,166.06666666666666,170.73333333333332,0.4,0.3,1,1,0,10,19,0.5075757575757576,0.5614035087719298,0.2222222222222222,0.46153846153846156,0.7,0.3,2,1,175.8,187.0,7.4133771625965945,7.343088063238921,191.75,182.13333333333333,186.33333333333334,17.32516848239455,17.37178639909427,2025,27.51575576916343,142.67207732928603,30.44206032379685,7.221065063596324,23.496241504137114,138.20912392990567,1.2708333333333333,23.345582167989736,125.44279985875743,36.10624064599214,8.234960455032008,34.20929829642425,107.71603737019737,1.444227994227994,25.720852795861074,140.66419916948178,34.45731633272617,131.71087955418488,31,86.11111111111111,2,5.166666666666667,71,182.05128205128204,1,10.923076923076923,95.94017094017093,5.756410256410256,1
1473463,2025-04-12,3,6,4,171.0,171.0,0.6,0.7,0,0,0,4,1,0.7037037037037037,0.4090909090909091,0.0,0.375,0.6,0.5,4,3,195.4,202.2,8.194965107359668,8.633005190279032,188.2,182.0,192.46666666666667,15.50741310358562,17.87232455930669,2025,28.66516124512546,142.99165721855815,43.687210733349936,8.20714640281039,34.955820964499296,129.5073198307258,1.5410714285714286,29.71671935903626,146.68078421677367,34.04133903620613,9.220858196232333,35.33695330969267,128.61632024516277,1.5317460317460316,38.810735864593774,137.3905501051752,34.966505636070856,137.64854501709044,54,145.94594594594594,0,8.756756756756756,61,160.5263157894737,0,9.631578947368421,-14.580369843527762,-0.8748221906116651,0
1473464,2025-04-12,9,13,44,192.3125,191.6,0.6,0.4,0,1,1,14,19,0.4628099173553719,0.46153846153846156,0.36363636363636365,0.2631578947368421,0.6,0.4,3,1,210.4,198.2,7.471884685926699,7.228981446498258,188.2,192.6,191.66666666666666,11.10069807095677,18.658829935465562,2025,27.961046446243813,147.28234936881844,35.32846003898635,8.580653555238005,34.82667522395727,122.43979963748953,1.4541666666666668,33.15650744178895,160.1049554223339,35.17385071840518,13.267845718113849,41.3912462389856,141.03909674144205,1.378030303030303,30.55000655780707,137.23916029095065,34.13412295736763,143.25787811139153,89,228.2051282051282,1,13.692307692307692,83,197.61904761904762,0,11.857142857142858,30.586080586080584,1.835164835164834,0
1473465,2025-04-13,10,12,48,179.5,179.5,0.4,0.4,0,0,0,14,15,0.4661016949152542,0.4864864864864865,0.35714285714285715,0.21052631578947367,0.3,0.7,2,3,208.2,184.6,7.369295210659598,7.473946953725018,190.0,189.33333333333334,199.93333333333334,17.188688036127925,10.993639716101935,2025,29.85762371184202,146.05185685626418,32.401524926686214,13.1873369776086,36.82837160869075,142.35899106474233,1.4259259259259258,31.87337662337662,144.97683154665756,31.873376623376625,8.49697525193814,51.84741922773838,141.90233407039395,1.5185185185185184,34.64819296282663,142.39612625551993,37.310471530784035,139.3538685980196,45,125.0,0,7.5,65,175.67567567567568,0,10.54054054054054,-50.67567567567568,-3.0405405405405403,0
1473466,2025-04-13,7,1,1,199.0625,200.93333333333334,0.4,0.5,0,0,0,19,16,0.5285714285714286,0.4444444444444444,0.35,0.13333333333333333,0.2,0.8,1,5,178.2,185.2,7.176359235003536,7.541540454940284,190.0,185.2,199.73333333333332,17.453974709094922,16.67320520669997,2025,31.153295200276222,150.93051431671523,34.78076758500379,8.345739813003227,30.9409197776219,137.8237615596559,1.4615827007131355,24.67757787990813,139.15023250392863,38.58175618073316,8.647343475183812,28.882112967731686,109.28398292141607,1.5904040404040403,31.04772004241782,128.61832896325035,30.8169487307118,147.52414757733249,59,155.26315789473685,1,9.31578947368421,72,194.5945945945946,1,11.675675675675677,-39.33143669985776,-2.3598862019914666,1
1473467,2025-04-14,0,6,4,171.5625,170.13333333333333,0.7,0.4,1,1,0,1,3,0.5614035087719298,0.43478260869565216,0.46153846153846156,0.375,0.3,0.5,0,4,176.6,196.4,8.633005190279032,7.4133771625965945,189.93103448275863,184.06666666666666,193.33333333333334,15.035406852700527,17.57347981460395,2025,28.568303735990636,137.15822011773056,30.69055437148233,8.323815617684156,34.640983810782,120.66868487406244,1.4153439153439151,26.419770508209073,146.2784057378576,32.9517770756134,9.122348431369213,33.28855464347113,132.81720706814363,1.5883219954648524,34.45731633272617,131.71087955418488,34.966505636070856,137.64854501709044,42,116.66666666666667,2,7.0,59,155.26315789473685,1,9.31578947368421,38.59649122807018,2.3157894736842106,1
1473468,2025-04-15,5,9,29,180.14285714285714,180.14285714285714,0.6,0.3,1,0,1,21,12,0.5112781954887218,0.4628099173553719,0.2222222222222222,0.36363636363636365,0.7,0.5,3,3,161.6,216.6,7.471884685926699,7.343088063238921,189.13333333333333,178.26666666666668,195.66666666666666,14.839272290869868,16.37770892304253,2025,22.762506288467176,132.80500758461457,30.44206032379685,8.376337370700208,26.278983469555435,119.64630665827084,1.5150000000000001,24.360972254752156,137.1852152985314,35.32846003898635,8.949563360079676,34.80809309531309,108.34471817967216,1.5166666666666664,25.720852795861074,140.66419916948178,30.55000655780707,137.23916029095065,54,150.0,4,9.0,55,152.77777777777777,2,9.166666666666666,2.7777777777777715,0.16666666666666607,0
1473470,2025-04-17,13,7,57,176.74468085106383,192.13333333333333,0.5,0.5,0,0,0,14,18,0.46564885496183206,0.5285714285714286,0.3,0.35,0.4,0.3,1,2,190.0,188.2,7.228981446498258,7.176359235003536,186.61290322580646,190.26666666666668,185.8,19.003743238135346,12.656088546917895,2025,29.19116442561101,155.9617890124062,35.17385071840518,11.479483043650218,39.82807954793209,150.3204238646212,1.446771284271284,28.977883300241693,145.2853538732797,34.78076758500379,8.20689834934379,30.79330480541917,128.09579136469893,1.4441626409017712,34.13412295736763,143.25787811139153,31.04772004241782,128.61832896325035,46,117.94871794871796,0,7.076923076923077,55,152.77777777777777,1,9.166666666666666,-34.829059829059815,-2.0897435897435894,0
1473471,2025-04-18,12,9,24,192.4375,193.86666666666667,0.4,0.6,0,0,0,16,17,0.49107142857142855,0.4628099173553719,0.21052631578947367,0.36363636363636365,0.7,0.5,3,3,184.4,190.2,7.473946953725018,7.471884685926699,185.84375,198.4,190.93333333333334,15.905423778086906,18.368999458869048,2025,25.58991130225307,136.39945430318863,34.35841935841936,8.371356158615068,37.08912514168306,115.58450229206309,1.525,30.805115352483774,153.77343674760027,35.32846003898635,8.57565671976045,34.649832289459944,140.98745182207875,1.4960317460317458,37.310471530784035,139.3538685980196,30.55000655780707,137.23916029095065,33,91.66666666666666,4,5.5,46,121.05263157894737,2,7.2631578947368425,-29.385964912280713,-1.7631578947368425,0
1473473,2025-04-19,10,6,48,178.9090909090909,178.9090909090909,0.6,0.3,1,0,1,4,1,0.4661016949152542,0.43478260869565216,0.35714285714285715,0.375,0.3,0.5,2,3,185.6,191.6,8.633005190279032,7.369295210659598,183.0909090909091,191.06666666666666,193.66666666666666,17.45233763898499,11.671002028906027,2025,29.091840732599284,158.19282112350945,33.94819159335288,12.521939378949961,36.052336927678866,148.5647928230303,1.4388888888888889,29.573061037904097,146.14357989756328,34.04133903620613,9.064276912116272,33.389203222979816,128.74836741106864,1.5359410430839,34.64819296282663,142.39612625551993,34.966505636070856,137.64854501709044,46,124.32432432432432,2,7.45945945945946,61,169.44444444444443,0,10.166666666666666,45.120120120120106,2.7072072072072064,0
1473472,2025-04-19,1,3,33,180.5185185185185,193.2,0.5,0.6,0,0,0,3,2,0.4409448818897638,0.7037037037037037,0.125,0.0,0.7,0.5,4,4,184.6,182.8,7.541540454940284,8.194965107359668,183.0909090909091,195.26666666666668,183.2,16.729379651980555,16.347173664018857,2025,26.28893505583543,137.69543639470646,38.58175618073316,8.666977633495158,28.879065712820143,123.96746060765668,1.5851851851851853,35.162213061325154,141.68058851691254,43.687210733349936,8.230755668122159,37.81892730496454,132.27460750816255,1.507936507936508,30.8169487307118,147.52414757733249,38.810735864593774,137.3905501051752,73,182.5,2,10.95,67,181.08108108108107,1,10.864864864864865,1.4189189189189335,0.08513513513513438,0
1473475,2025-04-20,7,0,57,176.4375,190.6,0.4,0.5,1,1,0,20,18,0.5319148936170213,0.5652173913043478,0.35,0.46153846153846156,0.4,0.3,3,1,181.4,170.6,7.4133771625965945,7.176359235003536,183.57142857142858,182.86666666666667,181.4,17.00521196531662,17.715056507362842,2025,31.181780279341258,143.878633872982,31.181780279341258,8.157415732246747,31.197419227738376,137.05505567719925,1.4407407407407407,28.61092007106221,144.50908065080176,33.13481207456356,8.460855069988723,33.503301580679555,122.08762679958333,1.516269841269841,31.04772004241782,128.61832896325035,34.45731633272617,131.71087955418488,48,129.72972972972974,1,7.783783783783784,62,151.21951219512195,0,9.073170731707318,21.48978246539221,1.2893869479235338,1
1473474,2025-04-20,12,9,29,171.5,171.5,0.6,0.3,1,1,0,16,18,0.49107142857142855,0.4672131147540984,0.21052631578947367,0.36363636363636365,0.6,0.6,2,3,164.2,175.0,7.471884685926699,7.473946953725018,183.57142857142858,185.6,187.46666666666667,17.29877255849242,17.416501968752293,2025,30.378299478299475,149.25766962706126,33.79930254930255,8.510006665962134,43.66690307328605,148.89645094728684,1.5177777777777777,28.423225933423304,148.21454785182465,35.32846003898635,8.62822313677896,34.41582547549968,133.66163939193797,1.475,37.310471530784035,139.3538685980196,30.55000655780707,137.23916029095065,62,167.56756756756758,1,10.054054054054054,54,150.0,1,9.0,-17.56756756756758,-1.0540540540540544,1
1473476,2025-04-21,3,5,15,196.94736842105263,194.33333333333334,0.6,0.2,0,0,0,2,1,0.7142857142857143,0.5074626865671642,0.2,0.2222222222222222,0.6,0.6,4,2,184.2,153.6,8.194965107359668,7.343088063238921,182.64864864864865,183.46666666666667,170.8,17.57053869122797,16.64490732240213,2025,35.47368259537534,144.02324068500394,43.687210733349936,8.598871610151143,31.61892730496454,144.12080345780677,1.5444444444444443,23.894369033565216,143.12742102820056,30.006504768241296,8.196859710220895,25.947479404514787,120.28571447267866,1.475,38.810735864593774,137.3905501051752,25.720852795861074,140.66419916948178,45,118.42105263157893,0,7.105263157894736,45,121.62162162162163,2,7.297297297297297,-3.2005689900426972,-0.1920341394025611,1
1473477,2025-04-22,6,1,4,171.23529411764707,173.13333333333333,0.6,0.5,0,0,0,3,3,0.43478260869565216,0.4409448818897638,0.375,0.125,0.6,0.6,4,3,193.4,183.4,8.633005190279032,7.541540454940284,183.05263157894737,193.93333333333334,193.2,17.739189425573958,15.214771741933754,2025,29.573061037904097,146.14357989756328,34.04133903620613,9.064276912116272,33.389203222979816,128.74836741106864,1.5359410430839,28.403836907303926,137.9109042235292,30.614206785496137,8.23845872500089,31.629127881205672,133.35489094239094,1.5125,34.966505636070856,137.64854501709044,30.8169487307118,147.52414757733249,51,141.66666666666669,0,8.5,54,142.10526315789474,1,8.526315789473685,-0.4385964912280542,-0.02631578947368496,0
1473478,2025-04-23,13,7,44,195.41176470588235,198.4,0.4,0.5,0,0,0,14,19,0.46564885496183206,0.5352112676056338,0.3,0.35,0.3,0.4,1,3,184.4,193.4,7.228981446498258,7.176359235003536,182.43589743589743,187.33333333333334,181.8,18.109120783220614,13.468880526558815,2025,25.483269908307307,148.21019692964268,35.17385071840518,10.822777915601062,37.15091651011549,130.93505591387606,1.477118406285073,32.38604185181528,145.77070271070994,34.78076758500379,8.18428452180682,30.52267730496454,136.72182181089744,1.4180676328502415,34.13412295736763,143.25787811139153,31.04772004241782,128.61832896325035,24,64.86486486486487,4,3.891891891891892,56,155.55555555555557,1,9.333333333333334,-90.6906906906907,-5.441441441441442,0
1473479,2025-04-24,10,12,24,186.7058823529412,186.06666666666666,0.3,0.3,1,1,0,14,16,0.46218487394957986,0.49557522123893805,0.35714285714285715,0.21052631578947367,0.3,0.6,2,3,191.4,161.8,7.473946953725018,7.369295210659598,181.45,188.2,181.26666666666668,17.049577215220726,13.700257572101819,2025,23.362564855547568,145.14756077827087,33.94819159335288,11.187733746769304,37.28259959551793,120.48459398983604,1.512121212121212,30.73832648832649,153.2748339788352,34.35841935841936,8.513264519468132,41.62177403467297,150.83785442188434,1.5175925925925926,34.64819296282663,142.39612625551993,37.310471530784035,139.3538685980196,59,151.28205128205127,0,9.076923076923077,72,194.5945945945946,2,11.675675675675677,43.31254331254334,2.5987525987526006,0
1473480,2025-04-25,0,13,28,164.03225806451613,168.0,0.3,0.4,0,0,0,21,10,0.5652173913043478,0.46564885496183206,0.46153846153846156,0.3,0.3,0.3,1,1,169.4,180.4,7.4133771625965945,7.228981446498258,182.02439024390245,181.4,182.73333333333332,10.56695636347409,16.112412747033463,2025,20.803641843080783,121.12472563554789,33.13481207456356,9.418275049682231,31.424420894553304,107.67894675794932,1.5597619047619047,29.359995594442175,151.75113496556722,35.17385071840518,11.462593529223756,39.70873054250713,137.97745334307925,1.4611703772418057,34.45731633272617,131.71087955418488,34.13412295736763,143.25787811139153,50,135.13513513513513,3,8.108108108108109,37,100.0,2,6.0,35.13513513513513,2.108108108108109,0
1473482,2025-04-27,6,7,57,176.42857142857142,188.06666666666666,0.5,0.5,1,1,0,6,1,0.43478260869565216,0.5384615384615384,0.375,0.35,0.6,0.5,3,4,184.6,181.4,7.176359235003536,8.633005190279032,181.35714285714286,190.53333333333333,179.4,16.696510302313854,16.459079539286616,2025,25.67872479271583,136.75299093789832,34.04133903620613,8.901291222794777,36.38735358604213,111.70783553864543,1.5742769307986697,28.04725990324514,146.50706023833305,34.78076758500379,8.190513374459252,33.596725483604914,127.32456586915038,1.4516013598139201,34.966505636070856,137.64854501709044,31.04772004241782,128.61832896325035,66,173.6842105263158,1,10.421052631578949,60,153.84615384615387,1,9.230769230769232,-19.83805668016194,-1.190283400809717,0
1473483,2025-04-27,12,1,1,199.41176470588235,203.2,0.5,0.3,1,1,0,18,12,0.49557522123893805,0.4453125,0.21052631578947367,0.125,0.6,0.7,3,3,158.6,182.6,7.541540454940284,7.473946953725018,181.35714285714286,181.2,192.66666666666666,14.889046812931062,17.740493395213285,2025,29.64951012419367,143.86358142978082,33.6454563954564,8.275628755277838,43.89090311141615,134.5266883909741,1.46,29.229011029244734,146.81373727424364,40.900274699251675,9.66237686248901,32.06752447299876,118.22934445649705,1.745679012345679,37.310471530784035,139.3538685980196,30.8169487307118,147.52414757733249,52,136.8421052631579,2,8.210526315789474,35,97.22222222222221,3,5.833333333333333,-39.619883040935676,-2.3771929824561413,1
1473484,2025-04-28,3,10,48,179.0,179.0,0.6,0.4,0,0,0,6,1,0.7142857142857143,0.4583333333333333,0.2,0.3333333333333333,0.7,0.3,4,1,190.0,196.0,8.194965107359668,7.369295210659598,181.6818181818182,185.8,189.93333333333334,9.090364527633248,18.890704391737067,2025,32.22286049614612,141.04817382186542,43.687210733349936,8.445125103950001,32.532866771231134,142.25050051504184,1.5537037037037036,31.200294915962,159.53436188995724,32.878170999060444,15.516228572913839,39.54449299223236,163.9293596625253,1.3805555555555555,38.810735864593774,137.3905501051752,34.64819296282663,142.39612625551993,53,143.24324324324326,0,8.594594594594595,87,217.49999999999997,0,13.049999999999999,-74.25675675675672,-4.455405405405404,0
1473485,2025-04-29,5,1,1,197.33333333333334,199.46666666666667,0.3,0.4,0,0,0,18,14,0.5037037037037037,0.4453125,0.2222222222222222,0.125,0.5,0.6,2,2,170.0,178.4,7.343088063238921,7.541540454940284,182.2888888888889,169.2,197.53333333333333,13.915110382525913,16.377030263136174,2025,21.20136518619594,130.82046045216765,30.006504768241296,8.33339496791904,29.01756072989888,117.23992690989435,1.5024931858265191,26.32933070224919,136.4762615842768,40.900274699251675,9.401323946121707,30.9580444988871,116.32400910077031,1.7237373737373742,25.720852795861074,140.66419916948178,30.8169487307118,147.52414757733249,79,197.5,1,11.850000000000001,58,156.75675675675674,2,9.405405405405405,40.743243243243256,2.444594594594596,1
1473486,2025-04-30,0,9,28,163.71875,166.8,0.3,0.5,0,0,0,16,14,0.5652173913043478,0.4672131147540984,0.46153846153846156,0.36363636363636365,0.2,0.6,1,3,163.6,165.4,7.4133771625965945,7.471884685926699,182.7608695652174,177.66666666666666,185.13333333333333,14.67002013224803,15.316626658373567,2025,23.07071315897865,132.11389268147295,33.13481207456356,9.49757370453989,31.954724839141623,117.42105195327703,1.5386243386243388,27.371773913221283,145.47079059282348,35.32846003898635,9.005706296957062,34.1443188534279,118.48873316804489,1.5277777777777777,34.45731633272617,131.71087955418488,30.55000655780707,137.23916029095065,48,120.0,3,7.199999999999999,51,141.66666666666669,1,8.5,-21.666666666666686,-1.3000000000000007,0
1473487,2025-05-01,7,10,48,181.30769230769232,181.30769230769232,0.5,0.5,0,0,0,15,14,0.5384615384615384,0.4628099173553719,0.35,0.375,0.6,0.3,5,1,180.2,196.8,7.176359235003536,7.369295210659598,182.91489361702128,176.6,190.8,13.082030633661136,16.89266797620924,2025,30.42204949522023,144.66270674802007,31.181780279341258,8.341807423455773,31.54229519003455,129.54091468399295,1.5138888888888888,23.938150254996604,140.91538312591584,33.94819159335288,11.058123222536345,34.073281349115284,121.9959437511858,1.5272727272727271,31.04772004241782,128.61832896325035,34.64819296282663,142.39612625551993,58,156.75675675675674,0,9.405405405405405,62,158.97435897435898,5,9.538461538461538,-2.2176022176022343,-0.13305613305613306,1
1473488,2025-05-02,3,13,33,181.32142857142858,191.6,0.7,0.4,0,0,0,4,1,0.7142857142857143,0.4696969696969697,0.2,0.3,0.7,0.3,3,2,201.4,171.2,8.194965107359668,7.228981446498258,183.625,186.66666666666666,179.6,12.93586037517564,18.375665446643932,2025,29.609390629349726,143.79471650484746,43.687210733349936,8.26158346656591,31.37808110228491,130.500429012893,1.5571428571428572,28.008177963318722,151.81209384113998,35.17385071840518,11.115976234622511,38.59956960444058,143.2580494529721,1.4444963023088022,38.810735864593774,137.3905501051752,34.13412295736763,143.25787811139153,82,221.6216216216216,0,13.297297297297298,57,146.15384615384613,1,8.769230769230768,75.46777546777548,4.52806652806653,1
1473489,2025-05-03,12,0,24,187.72222222222223,188.13333333333333,0.3,0.3,0,0,0,12,21,0.5,0.5652173913043478,0.21052631578947367,0.46153846153846156,0.7,0.2,4,1,158.4,157.8,7.473946953725018,7.4133771625965945,184.44897959183675,178.66666666666666,176.2,15.832947157905219,16.559874281539226,2025,29.092493154993154,159.43092121530572,33.6454563954564,8.957143073653048,43.32241922773837,145.1900923150923,1.6101851851851852,29.813386811638708,148.32916322145434,33.13481207456356,10.069566936923906,30.187642814267992,130.43391287355482,1.5801587301587299,37.310471530784035,139.3538685980196,34.45731633272617,131.71087955418488,71,197.22222222222223,0,11.833333333333334,58,161.11111111111111,2,9.666666666666668,36.111111111111114,2.166666666666666,1
1473490,2025-05-04,10,5,15,197.0,191.86666666666667,0.4,0.6,1,0,1,12,15,0.45901639344262296,0.5037037037037037,0.35294117647058826,0.2222222222222222,0.3,0.5,1,2,196.8,170.8,7.343088063238921,7.369295210659598,185.02,191.86666666666667,165.4,19.440757559419676,12.420959421104573,2025,24.445238944692118,151.22715973546894,33.94819159335288,11.948054831871172,34.74617248305284,127.1556295065873,1.4631944444444445,26.424248873105256,148.40630422780424,29.865671434907963,7.778871747834461,24.83858356037018,137.3650719543559,1.3925925925925924,34.64819296282663,142.39612625551993,25.720852795861074,140.66419916948178,56,147.36842105263156,1,8.842105263157894,59,159.45945945945945,2,9.567567567567567,12.091038406827892,0.7254623044096729,0
1473491,2025-05-04,6,9,19,202.0,202.0,0.6,0.5,1,1,0,3,2,0.4166666666666667,0.4715447154471545,0.3333333333333333,0.36363636363636365,0.5,0.6,2,3,180.0,159.6,7.471884685926699,8.633005190279032,185.02,191.8,188.33333333333334,17.016343113363504,16.92643613236834,2025,28.63763333251127,145.9263171658652,34.04133903620613,9.084808848422622,37.528767257719934,120.34000004987881,1.5660915573959049,30.805115352483774,153.77343674760027,35.32846003898635,8.57565671976045,34.649832289459944,140.98745182207875,1.4960317460317458,34.966505636070856,137.64854501709044,30.55000655780707,137.23916029095065,66,183.33333333333331,2,11.0,38,100.0,3,6.0,-83.33333333333331,-5.0,0
1473493,2025-05-06,3,7,57,177.2,188.26666666666668,0.6,0.7,1,1,0,4,2,0.7142857142857143,0.5384615384615384,0.2,0.35,0.7,0.7,3,5,202.8,182.6,7.176359235003536,8.194965107359668,186.40384615384616,195.66666666666666,181.46666666666667,16.95373530805805,16.49131703984044,2025,26.48361555122263,139.26294209426143,43.687210733349936,8.719046347660385,35.227111512603365,118.3351906335258,1.5815696649029982,26.65053391292063,143.78855760433024,34.78076758500379,8.214292577050571,32.9635589593408,129.09210928223533,1.477552334943639,38.810735864593774,137.3905501051752,31.04772004241782,128.61832896325035,56,155.55555555555557,2,9.333333333333334,29,76.31578947368422,1,4.578947368421053,-79.23976608187135,-4.754385964912281,1
1473494,2025-05-07,0,5,15,197.42857142857142,193.66666666666666,0.5,0.4,1,0,1,19,11,0.5603448275862069,0.5037037037037037,0.42857142857142855,0.2222222222222222,0.1,0.5,1,3,179.8,164.4,7.343088063238921,7.4133771625965945,185.81132075471697,179.6,168.93333333333334,16.49699848139822,15.831655128551287,2025,24.633192396674254,131.4318294223096,37.376342129208375,9.241580121571165,28.853770021870773,121.08245225327533,1.484920634920635,25.942429079071367,146.30950932758975,29.975393657130184,7.967014700917277,23.886787108811912,128.05609423297096,1.4245039682539682,34.45731633272617,131.71087955418488,25.720852795861074,140.66419916948178,67,181.08108108108107,1,10.864864864864865,62,167.56756756756758,5,10.054054054054054,-13.513513513513487,-0.8108108108108105,1
1473497,2025-05-18,9,10,48,183.85714285714286,183.85714285714286,0.6,0.6,0,1,1,11,17,0.4715447154471545,0.45528455284552843,0.36363636363636365,0.3333333333333333,0.7,0.3,4,1,157.8,203.4,7.471884685926699,7.369295210659598,185.6851851851852,186.66666666666666,190.86666666666667,12.441677932021745,17.175409602021613,2025,28.67865309641626,150.4850759812492,35.32846003898635,8.568054930896906,36.20853033884948,119.23121863515603,1.4787037037037036,25.788180969917125,147.15985293077534,34.09849462365592,12.095239629530878,39.479406805378126,129.7780691358249,1.5485409652076318,30.55000655780707,137.23916029095065,34.64819296282663,142.39612625551993,58,161.11111111111111,3,9.666666666666668,89,240.54054054054052,1,14.432432432432432,-79.4294294294294,-4.765765765765764,1
1473498,2025-05-18,3,1,1,197.68421052631578,198.4,0.5,0.6,1,1,0,3,3,0.7241379310344828,0.4418604651162791,0.2,0.11764705882352941,0.8,0.6,4,1,197.8,186.6,7.541540454940284,8.194965107359668,185.6851851851852,196.53333333333333,193.4,13.785472632331395,16.880368159090555,2025,46.092136854741895,142.30321646211064,46.092136854741895,8.529553786998122,31.396128841607563,130.47709914855483,1.5166666666666666,33.45333096375164,143.98200815729336,40.900274699251675,10.322694060438925,28.753302304964542,126.19440902093075,1.8233333333333335,38.810735864593774,137.3905501051752,30.8169487307118,147.52414757733249,45,115.38461538461537,1,6.9230769230769225,59,163.88888888888889,0,9.833333333333332,48.50427350427351,2.9102564102564097,1
1473499,2025-05-19,13,6,4,170.55555555555554,173.13333333333333,0.5,0.5,1,1,0,1,4,0.46616541353383456,0.4,0.2857142857142857,0.3,0.3,0.5,2,1,185.6,191.2,8.633005190279032,7.228981446498258,186.51785714285714,183.0,197.93333333333334,15.86318738260987,10.841601316105455,2025,28.525940760387336,148.44584664795684,33.227722772277225,13.221214218878929,36.12246323416536,141.03373382666345,1.3118197278911565,25.58320828559203,143.33913347590996,32.9517770756134,9.357882692017597,36.05248531303724,127.94273475605422,1.658531746031746,34.13412295736763,143.25787811139153,34.966505636070856,137.64854501709044,69,181.57894736842107,0,10.894736842105264,72,171.42857142857142,1,10.285714285714285,-10.150375939849653,-0.609022556390979,1
1473500,2025-05-20,10,0,1,197.75,200.86666666666667,0.3,0.7,1,1,0,14,16,0.45161290322580644,0.5641025641025641,0.3157894736842105,0.42857142857142855,0.3,0.2,1,1,211.2,182.4,7.4133771625965945,7.369295210659598,186.8421052631579,196.06666666666666,180.4,17.06237046729361,9.93190523063661,2025,31.241118857473086,157.68326373742354,34.09849462365592,13.233294757675123,37.54439308229201,148.03019894183254,1.4472222222222222,24.633192396674254,131.4318294223096,37.376342129208375,9.241580121571165,28.853770021870773,121.08245225327533,1.484920634920635,34.64819296282663,142.39612625551993,34.45731633272617,131.71087955418488,68,183.7837837837838,3,11.027027027027028,56,155.55555555555557,1,9.333333333333334,-28.228228228228232,-1.6936936936936942,1
1473501,2025-05-21,7,1,57,176.76470588235293,185.33333333333334,0.5,0.5,0,0,0,20,16,0.5384615384615384,0.4418604651162791,0.35,0.11764705882352941,0.7,0.5,4,1,181.2,185.4,7.176359235003536,7.541540454940284,186.8448275862069,180.53333333333333,191.73333333333332,15.159539344733394,15.905379740296151,2025,31.153295200276222,150.93051431671523,34.78076758500379,8.345739813003227,30.9409197776219,137.8237615596559,1.4615827007131355,25.820075815721577,132.74216093952452,40.900274699251675,9.956141204854639,31.280310582389884,116.19455980180228,1.774747474747475,31.04772004241782,128.61832896325035,30.8169487307118,147.52414757733249,54,150.0,2,9.0,49,132.43243243243242,3,7.945945945945946,17.56756756756758,1.0540540540540544,1
1473502,2025-05-22,3,6,33,182.79310344827587,194.0,0.5,0.6,1,1,0,4,2,0.7333333333333333,0.4,0.2,0.3,0.8,0.4,4,1,197.0,199.0,8.633005190279032,8.194965107359668,186.72881355932202,194.86666666666667,195.93333333333334,16.428717296463258,17.366650319446165,2025,26.48575904660542,138.91564866805885,43.687210733349936,8.554759359933108,32.792805415987836,118.09810014160182,1.5923015873015873,31.89161058448783,148.5675143709674,32.9517770756134,8.455660059228382,32.582073429812795,145.84182603096497,1.5152777777777777,38.810735864593774,137.3905501051752,34.966505636070856,137.64854501709044,53,139.4736842105263,0,8.368421052631579,67,176.3157894736842,1,10.578947368421051,36.84210526315789,2.2105263157894726,0
1473503,2025-05-23,13,12,4,172.3684210526316,177.8,0.5,0.4,0,0,0,18,16,0.4701492537313433,0.5,0.3181818181818182,0.21052631578947367,0.3,0.7,2,4,177.6,166.4,7.228981446498258,7.473946953725018,187.53333333333333,185.66666666666666,183.06666666666666,17.645194932437402,13.164238114965176,2025,27.463321503988578,151.99848027947246,35.17385071840518,11.110741886568706,38.774085709641525,139.43577628694894,1.455508207070707,25.093596232489826,146.26445182870785,34.35841935841936,8.614157047369966,36.8114380481074,127.29609063409576,1.6035353535353536,34.13412295736763,143.25787811139153,37.310471530784035,139.3538685980196,71,191.89189189189187,2,11.513513513513512,72,184.6153846153846,0,11.076923076923077,7.27650727650726,0.4365904365904356,1
1485779,2025-05-24,1,9,48,186.2,186.2,0.6,0.4,1,1,0,15,17,0.43846153846153846,0.4715447154471545,0.11764705882352941,0.36363636363636365,0.4,0.7,1,4,180.8,179.4,7.471884685926699,7.541540454940284,188.24590163934425,186.6,190.46666666666667,16.38451050892166,13.639217928782713,2025,34.160006089392276,141.74945901816972,40.900274699251675,10.555570110036712,28.56690307328605,118.06308376666432,1.8266666666666667,25.85300382366172,143.96972109333564,35.32846003898635,8.651430809665298,34.633612761352126,134.2607800450189,1.5005555555555554,30.8169487307118,147.52414757733249,30.55000655780707,137.23916029095065,60,157.89473684210526,2,9.473684210526315,61,169.44444444444443,1,10.166666666666666,11.549707602339168,0.692982456140351,1
1473505,2025-05-25,5,13,1,197.23809523809524,201.86666666666667,0.5,0.5,1,0,1,26,11,0.5037037037037037,0.4701492537313433,0.2222222222222222,0.3181818181818182,0.5,0.4,2,3,179.6,191.4,7.228981446498258,7.343088063238921,188.53225806451613,169.6,186.8,10.65218836962697,19.68900422111989,2025,22.75317295513384,131.2369562083917,30.44206032379685,8.193578463685732,24.58526302038286,115.83325089975229,1.494047619047619,31.76965039787561,161.32340095758542,35.17385071840518,12.320187331890704,39.39222275950999,147.72016628204253,1.4057575757575758,25.720852795861074,140.66419916948178,34.13412295736763,143.25787811139153,79,207.89473684210526,0,12.473684210526315,59,159.45945945945945,2,9.567567567567567,-48.43527738264581,-2.9061166429587484,0
1473504,2025-05-25,0,3,33,184.53333333333333,194.13333333333333,0.3,0.7,0,1,1,3,4,0.5641025641025641,0.7096774193548387,0.42857142857142855,0.16666666666666666,0.2,0.7,1,3,184.6,204.4,7.4133771625965945,8.194965107359668,188.53225806451613,177.46666666666667,197.2,17.40064928731349,13.083606832693613,2025,32.62398711943794,151.1698498771057,35.98704137392662,10.194489498620612,29.24551036017244,133.63772065572851,1.5028571428571427,24.479982971661492,133.38069245997593,43.687210733349936,8.687598225850168,33.54703097903578,111.94099679872558,1.5899711399711398,34.45731633272617,131.71087955418488,38.810735864593774,137.3905501051752,68,170.0,1,10.2,35,94.5945945945946,3,5.675675675675675,75.4054054054054,4.524324324324324,1
1473506,2025-05-26,7,9,48,187.4375,189.66666666666666,0.5,0.7,0,0,0,17,14,0.5384615384615384,0.4715447154471545,0.35,0.36363636363636365,0.7,0.6,4,3,182.0,201.6,7.176359235003536,7.471884685926699,190.578125,181.0,193.06666666666666,18.001639491092476,18.860832351846614,2025,28.977883300241693,145.2853538732797,34.78076758500379,8.20689834934379,30.79330480541917,128.09579136469893,1.4441626409017712,28.910494826810616,154.78893389561995,30.280311890838206,8.070673448669462,31.39612884160756,129.5899817268805,1.3877777777777778,31.04772004241782,128.61832896325035,30.55000655780707,137.23916029095065,52,133.33333333333331,1,8.0,47,127.02702702702702,1,7.621621621621621,6.306306306306297,0.37837837837837895,0
1473507,2025-05-27,12,6,4,175.3,184.8,0.6,0.4,1,1,0,3,2,0.4956521739130435,0.4,0.2,0.3,0.6,0.5,4,1,193.6,210.0,8.633005190279032,7.473946953725018,190.47692307692307,182.4,200.6,16.132518680387335,17.84148261698331,2025,29.497295460530754,152.09017718531433,33.79930254930255,8.558961941261279,42.42754743286658,134.8090910418624,1.513888888888889,28.596011432844136,152.70457069443484,32.08736483728811,9.427553142722456,35.99874009647946,131.93494957408853,1.6444444444444442,37.310471530784035,139.3538685980196,34.966505636070856,137.64854501709044,55,148.64864864864865,1,8.91891891891892,66,173.6842105263158,1,10.421052631578949,25.035561877667163,1.5021337126600294,1
1473508,2025-05-29,9,12,29,169.88888888888889,169.88888888888889,0.6,0.5,0,0,0,18,17,0.47580645161290325,0.5,0.36363636363636365,0.23809523809523808,0.7,0.7,4,4,207.0,207.6,7.471884685926699,7.473946953725018,191.03030303030303,189.26666666666668,185.06666666666666,16.690400683907143,16.37644371168421,2025,26.197634330050597,141.95385875705188,35.32846003898635,9.109539384323424,33.6741356993533,128.16416839984007,1.6005050505050504,31.156199601052542,149.181858966743,33.79930254930255,8.505119885703136,46.734596631205676,146.16565676481378,1.5180555555555555,30.55000655780707,137.23916029095065,37.310471530784035,139.3538685980196,48,129.72972972972974,4,7.783783783783784,61,169.44444444444443,1,10.166666666666666,-39.71471471471469,-2.382882882882882,0
1473509,2025-05-30,7,3,30,167.0,167.0,0.4,0.8,0,1,1,2,5,0.5384615384615384,0.6875,0.35,0.14285714285714285,0.7,0.6,3,3,190.2,208.6,7.176359235003536,8.194965107359668,189.6865671641791,182.8,202.73333333333332,17.584806287012995,17.60069618165153,2025,29.50277322225424,143.51115517736994,35.992049636285834,8.072908458363345,31.245919777621907,123.40486978914983,1.4216931216931215,27.206275924348233,142.08880907793807,38.59905897843008,8.161088205069284,35.46434841062669,127.67075356537987,1.5445578231292516,31.04772004241782,128.61832896325035,38.810735864593774,137.3905501051752,79,219.44444444444446,0,13.166666666666668,66,173.6842105263158,1,10.421052631578949,45.76023391812865,2.745614035087719,1
1473510,2025-06-01,9,7,33,186.0,195.2,0.4,0.5,1,1,0,15,17,0.47580645161290325,0.5384615384615384,0.36363636363636365,0.35,0.6,0.8,3,3,189.2,192.8,7.176359235003536,7.471884685926699,190.25,186.4,183.73333333333332,19.04808379045777,16.734713138258492,2025,30.805115352483774,153.77343674760027,35.32846003898635,8.57565671976045,34.649832289459944,140.98745182207875,1.4960317460317458,29.50277322225424,143.51115517736994,35.992049636285834,8.072908458363345,31.245919777621907,123.40486978914983,1.4216931216931215,30.55000655780707,137.23916029095065,31.04772004241782,128.61832896325035,65,158.53658536585365,1,9.512195121951219,64,177.77777777777777,2,10.666666666666666,19.241192411924118,1.154471544715447,1
1473511,2025-06-03,12,9,33,186.53125,197.53333333333333,0.4,0.5,0,0,0,18,18,0.5042735042735043,0.48,0.23809523809523808,0.391304347826087,0.7,0.7,4,3,186.8,182.6,7.473946953725018,7.471884685926699,190.43478260869566,177.26666666666668,185.66666666666666,16.82056459838499,16.896414636649816,2025,25.071254224037173,147.15454160409408,33.79930254930255,8.67068351287516,39.110528650454995,119.755736327542,1.58,27.741941570450347,146.5034638167021,35.32846003898635,8.748490025015151,34.67473728333657,127.65017296599392,1.5407407407407405,37.310471530784035,139.3538685980196,30.55000655780707,137.23916029095065,55,144.73684210526315,1,8.68421052631579,52,140.54054054054055,1,8.432432432432433,4.196301564722603,0.25177809388335604,1
